record_id,club,slow,event_idx,event_name,joint_idx,x,y,z,visibility
47,iron,0,0,Address,0,0.45431554317474365,-0.3102790117263794,-0.14415955543518066,0.9999558925628662
47,iron,0,0,Address,1,0.4684508442878723,-0.3451284170150757,-0.14415311813354492,0.9999117851257324
47,iron,0,0,Address,2,0.4708497226238251,-0.3427676558494568,-0.13296914100646973,0.9999113082885742
47,iron,0,0,Address,3,0.47061705589294434,-0.3429732620716095,-0.13684749603271484,0.9999299049377441
47,iron,0,0,Address,4,0.4745732545852661,-0.34332478046417236,-0.18761980533599854,0.9999473094940186
47,iron,0,0,Address,5,0.4749351739883423,-0.34006431698799133,-0.19969244301319122,0.999963641166687
47,iron,0,0,Address,6,0.4715266823768616,-0.3297087550163269,-0.1780138611793518,0.999970555305481
47,iron,0,0,Address,7,0.4030131995677948,-0.4147184193134308,-0.07782340049743652,0.9999215602874756
47,iron,0,0,Address,8,0.35392674803733826,-0.36883819103240967,-0.2182261347770691,0.9999254941940308
47,iron,0,0,Address,9,0.4379138648509979,-0.3239346146583557,-0.10951993614435196,0.9998595714569092
47,iron,0,0,Address,10,0.4086686372756958,-0.291311651468277,-0.17421311140060425,0.9999150037765503
47,iron,0,0,Address,11,0.27731555700302124,-0.3076988756656647,0.10050088167190552,0.9999725818634033
47,iron,0,0,Address,12,0.3180018961429596,-0.3265048861503601,-0.16898024082183838,0.9999920129776001
47,iron,0,0,Address,13,0.2486824095249176,-0.08039496839046478,0.14415764808654785,0.4033081531524658
47,iron,0,0,Address,14,0.24823465943336487,-0.02981174737215042,-0.23678767681121826,0.9953670501708984
47,iron,0,0,Address,15,0.2630118131637573,0.18470455706119537,0.1604486107826233,0.4535369277000427
47,iron,0,0,Address,16,0.24607610702514648,0.1525145173072815,-0.21290409564971924,0.990116536617279
47,iron,0,0,Address,17,0.27206099033355713,0.21099436283111572,0.18323326110839844,0.39664512872695923
47,iron,0,0,Address,18,0.2739794850349426,0.1910727322101593,-0.2622091770172119,0.9790641665458679
47,iron,0,0,Address,19,0.2765910029411316,0.2146393209695816,0.1529964804649353,0.4159219264984131
47,iron,0,0,Address,20,0.32422205805778503,0.18135598301887512,-0.248052179813385,0.9767215251922607
47,iron,0,0,Address,21,0.2607882618904114,0.21540053188800812,0.1476198136806488,0.39009594917297363
47,iron,0,0,Address,22,0.26523154973983765,0.15858198702335358,-0.21465086936950684,0.9515770077705383
47,iron,0,0,Address,23,-0.0021753590553998947,-0.0006985681829974055,0.11833874881267548,0.9999674558639526
47,iron,0,0,Address,24,0.006954486947506666,-0.00028312578797340393,-0.11773264408111572,0.9999819993972778
47,iron,0,0,Address,25,0.053896546363830566,0.43101274967193604,0.0898207426071167,0.17674431204795837
47,iron,0,0,Address,26,0.12827864289283752,0.3587046265602112,-0.11623066663742065,0.9603976011276245
47,iron,0,0,Address,27,0.04183438420295715,0.8033632636070251,0.16173528134822845,0.2673031985759735
47,iron,0,0,Address,28,0.037478089332580566,0.7514708638191223,-0.06718802452087402,0.9691221714019775
47,iron,0,0,Address,29,0.03195413947105408,0.8315855264663696,0.17329144477844238,0.42356884479522705
47,iron,0,0,Address,30,0.03988543152809143,0.7905516624450684,-0.09834170341491699,0.9403197765350342
47,iron,0,0,Address,31,0.16893336176872253,0.8393808603286743,0.16560888290405273,0.4321975111961365
47,iron,0,0,Address,32,0.1600378155708313,0.8050379753112793,-0.140030175447464,0.9330581426620483
47,iron,0,1,Toe-up,0,0.43307334184646606,-0.3500135540962219,-0.1204952597618103,0.9999537467956543
47,iron,0,1,Toe-up,1,0.4525107741355896,-0.3753073215484619,-0.11106550693511963,0.9999017715454102
47,iron,0,1,Toe-up,2,0.45588597655296326,-0.3728431463241577,-0.10180103778839111,0.9998897314071655
47,iron,0,1,Toe-up,3,0.4549769163131714,-0.3734372556209564,-0.10486674308776855,0.9999097585678101
47,iron,0,1,Toe-up,4,0.4506850242614746,-0.38233834505081177,-0.15076124668121338,0.9999518394470215
47,iron,0,1,Toe-up,5,0.45192182064056396,-0.3793133497238159,-0.16374023258686066,0.999964714050293
47,iron,0,1,Toe-up,6,0.45022520422935486,-0.36857515573501587,-0.14243429899215698,0.9999724626541138
47,iron,0,1,Toe-up,7,0.4110996425151825,-0.41776323318481445,-0.02448749542236328,0.9998900890350342
47,iron,0,1,Toe-up,8,0.33766990900039673,-0.41358765959739685,-0.13953468203544617,0.9999178647994995
47,iron,0,1,Toe-up,9,0.42260900139808655,-0.3568050265312195,-0.07924067974090576,0.9998836517333984
47,iron,0,1,Toe-up,10,0.3890628516674042,-0.334690123796463,-0.14003974199295044,0.9999334812164307
47,iron,0,1,Toe-up,11,0.33795487880706787,-0.2842525541782379,0.11360973119735718,0.9999752044677734
47,iron,0,1,Toe-up,12,0.23769427835941315,-0.4270472526550293,-0.08444154262542725,0.9999946355819702
47,iron,0,1,Toe-up,13,0.3192501664161682,-0.0964236781001091,0.07098682224750519,0.6092050075531006
47,iron,0,1,Toe-up,14,0.1384398639202118,-0.167460098862648,-0.1847904920578003,0.9948350191116333
47,iron,0,1,Toe-up,15,0.2824466824531555,0.01903781294822693,-0.04554438591003418,0.6120759844779968
47,iron,0,1,Toe-up,16,0.2044980674982071,-0.010895319283008575,-0.22282862663269043,0.9935342073440552
47,iron,0,1,Toe-up,17,0.2588740289211273,0.045825839042663574,-0.06564784049987793,0.6495733261108398
47,iron,0,1,Toe-up,18,0.23431171476840973,0.04540763050317764,-0.2801245450973511,0.9898199439048767
47,iron,0,1,Toe-up,19,0.24938368797302246,0.01258799433708191,-0.08145904541015625,0.6604787111282349
47,iron,0,1,Toe-up,20,0.30666205286979675,0.03029981255531311,-0.2797847390174866,0.9895059466362
47,iron,0,1,Toe-up,21,0.2679951786994934,0.02919105440378189,-0.057389311492443085,0.6074193120002747
47,iron,0,1,Toe-up,22,0.23066593706607819,-0.004659079015254974,-0.23013925552368164,0.9775086641311646
47,iron,0,1,Toe-up,23,0.0492158867418766,0.02568902261555195,0.10007978975772858,0.9999887943267822
47,iron,0,1,Toe-up,24,-0.043980345129966736,-0.027615459635853767,-0.09905397891998291,0.999990701675415
47,iron,0,1,Toe-up,25,0.10900895297527313,0.3777947723865509,-0.016281485557556152,0.47632986307144165
47,iron,0,1,Toe-up,26,0.09163936227560043,0.3092251420021057,-0.19291776418685913,0.9531493186950684
47,iron,0,1,Toe-up,27,0.06259894371032715,0.7531514167785645,-0.0019306764006614685,0.4183545708656311
47,iron,0,1,Toe-up,28,-0.004302293062210083,0.70033860206604,-0.1746833324432373,0.9062762260437012
47,iron,0,1,Toe-up,29,0.04581397771835327,0.7818509936332703,0.003954768180847168,0.49604952335357666
47,iron,0,1,Toe-up,30,-0.00430867075920105,0.7377166152000427,-0.21007412672042847,0.8156101107597351
47,iron,0,1,Toe-up,31,0.15724265575408936,0.8050674200057983,-0.01238858699798584,0.6382612586021423
47,iron,0,1,Toe-up,32,0.09126046299934387,0.7607564926147461,-0.2551504671573639,0.8976254463195801
47,iron,0,2,Mid-backswing,0,0.39609047770500183,-0.38561832904815674,-0.08311896026134491,0.999985933303833
47,iron,0,2,Mid-backswing,1,0.4178242087364197,-0.40090638399124146,-0.07404494285583496,0.9999755620956421
47,iron,0,2,Mid-backswing,2,0.4220341742038727,-0.40101689100265503,-0.06485378742218018,0.9999641180038452
47,iron,0,2,Mid-backswing,3,0.42139387130737305,-0.4019252061843872,-0.06824946403503418,0.9999711513519287
47,iron,0,2,Mid-backswing,4,0.41553544998168945,-0.4161527454853058,-0.11246025562286377,0.9999885559082031
47,iron,0,2,Mid-backswing,5,0.41903436183929443,-0.41331565380096436,-0.12744055688381195,0.9999897480010986
47,iron,0,2,Mid-backswing,6,0.4159039556980133,-0.4038051664829254,-0.10569775104522705,0.9999916553497314
47,iron,0,2,Mid-backswing,7,0.38661447167396545,-0.4275357127189636,0.017188310623168945,0.9999659061431885
47,iron,0,2,Mid-backswing,8,0.3162022829055786,-0.4488818049430847,-0.08359865099191666,0.999974250793457
47,iron,0,2,Mid-backswing,9,0.3867488503456116,-0.3888430595397949,-0.04046618938446045,0.999954104423523
47,iron,0,2,Mid-backswing,10,0.35561349987983704,-0.3736608028411865,-0.09801644086837769,0.9999760389328003
47,iron,0,2,Mid-backswing,11,0.3154124617576599,-0.3110959529876709,0.1346084475517273,0.9999657869338989
47,iron,0,2,Mid-backswing,12,0.2230057269334793,-0.48972126841545105,-0.03254389762878418,0.9999948740005493
47,iron,0,2,Mid-backswing,13,0.2949361801147461,-0.22114329040050507,0.003973373677581549,0.2528593838214874
47,iron,0,2,Mid-backswing,14,0.10908322781324387,-0.3704206347465515,-0.23333203792572021,0.9767399430274963
47,iron,0,2,Mid-backswing,15,0.32304638624191284,-0.19020825624465942,-0.1786617636680603,0.2507113516330719
47,iron,0,2,Mid-backswing,16,0.11644209176301956,-0.30709055066108704,-0.3968315124511719,0.9052358865737915
47,iron,0,2,Mid-backswing,17,0.31628814339637756,-0.18031616508960724,-0.21193969249725342,0.33548519015312195
47,iron,0,2,Mid-backswing,18,0.13133026659488678,-0.2726079821586609,-0.46797311305999756,0.8900213837623596
47,iron,0,2,Mid-backswing,19,0.3214261829853058,-0.21140646934509277,-0.2283829152584076,0.34058326482772827
47,iron,0,2,Mid-backswing,20,0.1989501267671585,-0.2801603078842163,-0.47257381677627563,0.8825455904006958
47,iron,0,2,Mid-backswing,21,0.32013604044914246,-0.1823122501373291,-0.19299784302711487,0.2547279894351959
47,iron,0,2,Mid-backswing,22,0.13540926575660706,-0.3027583062648773,-0.4090311527252197,0.77207350730896
47,iron,0,2,Mid-backswing,23,0.048727620393037796,0.020826678723096848,0.09876447916030884,0.9999890327453613
47,iron,0,2,Mid-backswing,24,-0.0437561571598053,-0.02315354160964489,-0.09671247005462646,0.9999933242797852
47,iron,0,2,Mid-backswing,25,0.11478498578071594,0.39743661880493164,-0.00421297550201416,0.13953465223312378
47,iron,0,2,Mid-backswing,26,0.07172104716300964,0.3073996603488922,-0.16898232698440552,0.8846502900123596
47,iron,0,2,Mid-backswing,27,0.029786020517349243,0.7569851875305176,-0.001603245735168457,0.10611914098262787
47,iron,0,2,Mid-backswing,28,-0.03024807572364807,0.715461254119873,-0.17103958129882812,0.8349840641021729
47,iron,0,2,Mid-backswing,29,0.006920427083969116,0.7821235656738281,0.0027381181716918945,0.1714935600757599
47,iron,0,2,Mid-backswing,30,-0.028782784938812256,0.7546441555023193,-0.211653470993042,0.7533280849456787
47,iron,0,2,Mid-backswing,31,0.11837372183799744,0.8002800941467285,-0.02232801914215088,0.2191159725189209
47,iron,0,2,Mid-backswing,32,0.09776172041893005,0.7547773718833923,-0.2685604691505432,0.7757641077041626
47,iron,0,3,Top,0,0.3814685344696045,-0.4284692406654358,-0.1379837989807129,0.9999792575836182
47,iron,0,3,Top,1,0.40460512042045593,-0.43421098589897156,-0.13141703605651855,0.9999629259109497
47,iron,0,3,Top,2,0.4072772264480591,-0.4333536624908447,-0.12220990657806396,0.9999551773071289
47,iron,0,3,Top,3,0.40592122077941895,-0.4337928295135498,-0.12214314937591553,0.999964714050293
47,iron,0,3,Top,4,0.39290937781333923,-0.4494972229003906,-0.14408791065216064,0.9999756813049316
47,iron,0,3,Top,5,0.3942316472530365,-0.44721680879592896,-0.15749706327915192,0.999975323677063
47,iron,0,3,Top,6,0.39169707894325256,-0.4378844201564789,-0.13630551099777222,0.9999809265136719
47,iron,0,3,Top,7,0.4448246955871582,-0.38630935549736023,-0.05303192138671875,0.9999533891677856
47,iron,0,3,Top,8,0.3209992051124573,-0.42745235562324524,-0.035495247691869736,0.9998779296875
47,iron,0,3,Top,9,0.40038561820983887,-0.397823691368103,-0.10112854838371277,0.9998227953910828
47,iron,0,3,Top,10,0.3545369803905487,-0.3881460428237915,-0.12461572885513306,0.9998641014099121
47,iron,0,3,Top,11,0.4198060631752014,-0.27239686250686646,0.001898050308227539,0.9999109506607056
47,iron,0,3,Top,12,0.23500052094459534,-0.43702057003974915,0.07033300399780273,0.9999133348464966
47,iron,0,3,Top,13,0.3476976454257965,-0.3804287016391754,-0.1429886519908905,0.9669568538665771
47,iron,0,3,Top,14,0.07419544458389282,-0.4071204662322998,-0.09434986114501953,0.9482661485671997
47,iron,0,3,Top,15,0.20464074611663818,-0.5911353826522827,-0.13792085647583008,0.889829695224762
47,iron,0,3,Top,16,0.09556090831756592,-0.5829249620437622,-0.26666057109832764,0.9646022915840149
47,iron,0,3,Top,17,0.16227632761001587,-0.6432390213012695,-0.13904023170471191,0.8177262544631958
47,iron,0,3,Top,18,0.13345284759998322,-0.6133085489273071,-0.33376771211624146,0.962357759475708
47,iron,0,3,Top,19,0.15737345814704895,-0.673734188079834,-0.1270110011100769,0.7991903424263
47,iron,0,3,Top,20,0.1929076910018921,-0.6495828628540039,-0.3335101008415222,0.9631880521774292
47,iron,0,3,Top,21,0.1876283586025238,-0.5942923426628113,-0.13042853772640228,0.7239276170730591
47,iron,0,3,Top,22,0.11569920182228088,-0.6040736436843872,-0.27959299087524414,0.9477735161781311
47,iron,0,3,Top,23,0.07117236405611038,0.029420746490359306,0.07132121920585632,0.9999642372131348
47,iron,0,3,Top,24,-0.06621000170707703,-0.03164583072066307,-0.07094085216522217,0.9999639987945557
47,iron,0,3,Top,25,0.1656118929386139,0.33663082122802734,-0.1064612865447998,0.5395026206970215
47,iron,0,3,Top,26,0.09087514877319336,0.24665865302085876,-0.22046959400177002,0.9419392943382263
47,iron,0,3,Top,27,0.04218548536300659,0.6774909496307373,-0.10972811281681061,0.36753758788108826
47,iron,0,3,Top,28,0.0017907023429870605,0.6702242493629456,-0.21765756607055664,0.8596392869949341
47,iron,0,3,Top,29,0.01944601535797119,0.6983393430709839,-0.10593855381011963,0.5539714694023132
47,iron,0,3,Top,30,0.003348439931869507,0.7086783647537231,-0.2571990489959717,0.8198643922805786
47,iron,0,3,Top,31,0.12863430380821228,0.7286232709884644,-0.12278401851654053,0.570949137210846
47,iron,0,3,Top,32,0.10875198245048523,0.7283225059509277,-0.31525546312332153,0.8726100325584412
47,iron,0,4,Mid-downswing,0,0.45888644456863403,-0.27785781025886536,-0.12798479199409485,0.9997674822807312
47,iron,0,4,Mid-downswing,1,0.47560569643974304,-0.3033493757247925,-0.12259864807128906,0.9996151924133301
47,iron,0,4,Mid-downswing,2,0.47887760400772095,-0.3012557923793793,-0.11427521705627441,0.999582827091217
47,iron,0,4,Mid-downswing,3,0.4780714809894562,-0.302521288394928,-0.1154937744140625,0.9996811151504517
47,iron,0,4,Mid-downswing,4,0.47772282361984253,-0.30871737003326416,-0.1651008129119873,0.9998015761375427
47,iron,0,4,Mid-downswing,5,0.47940051555633545,-0.30520763993263245,-0.17849399149417877,0.9998437166213989
47,iron,0,4,Mid-downswing,6,0.4770396947860718,-0.29505565762519836,-0.15629684925079346,0.9998947381973267
47,iron,0,4,Mid-downswing,7,0.43326595425605774,-0.3636454939842224,-0.04457688331604004,0.9996083378791809
47,iron,0,4,Mid-downswing,8,0.3708217144012451,-0.34791532158851624,-0.16614028811454773,0.9996433258056641
47,iron,0,4,Mid-downswing,9,0.44457900524139404,-0.29209819436073303,-0.08801021426916122,0.9992560744285583
47,iron,0,4,Mid-downswing,10,0.4159403443336487,-0.2659866213798523,-0.15157395601272583,0.9995755553245544
47,iron,0,4,Mid-downswing,11,0.3553122878074646,-0.27508920431137085,0.10032433271408081,0.9999386072158813
47,iron,0,4,Mid-downswing,12,0.2598290741443634,-0.3854863941669464,-0.09132134914398193,0.9999775886535645
47,iron,0,4,Mid-downswing,13,0.32971739768981934,-0.12738478183746338,0.02709701471030712,0.049134042114019394
47,iron,0,4,Mid-downswing,14,0.13803066313266754,-0.15120001137256622,-0.19628691673278809,0.9309236407279968
47,iron,0,4,Mid-downswing,15,0.32471007108688354,-0.11356689035892487,-0.1032913327217102,0.03196634352207184
47,iron,0,4,Mid-downswing,16,0.26823660731315613,-0.1351637840270996,-0.22047007083892822,0.8626711964607239
47,iron,0,4,Mid-downswing,17,0.31466978788375854,-0.12367433309555054,-0.11893939971923828,0.05400585010647774
47,iron,0,4,Mid-downswing,18,0.3311711251735687,-0.12238720059394836,-0.2720144987106323,0.8063392043113708
47,iron,0,4,Mid-downswing,19,0.32826942205429077,-0.16299660503864288,-0.12783002853393555,0.05417380481958389
47,iron,0,4,Mid-downswing,20,0.3897783160209656,-0.17805254459381104,-0.26666176319122314,0.7944505214691162
47,iron,0,4,Mid-downswing,21,0.3237733840942383,-0.11290796846151352,-0.11253063380718231,0.0438523031771183
47,iron,0,4,Mid-downswing,22,0.2932188808917999,-0.15564239025115967,-0.2252058982849121,0.6481096744537354
47,iron,0,4,Mid-downswing,23,0.04420195147395134,0.01846907287836075,0.09727813303470612,0.9999861717224121
47,iron,0,4,Mid-downswing,24,-0.03868519887328148,-0.02143772691488266,-0.09660041332244873,0.9999879598617554
47,iron,0,4,Mid-downswing,25,0.10923372209072113,0.38069429993629456,-0.01619112491607666,0.2020815759897232
47,iron,0,4,Mid-downswing,26,0.15024280548095703,0.2809354066848755,-0.20012444257736206,0.8068202137947083
47,iron,0,4,Mid-downswing,27,0.07457098364830017,0.7562938332557678,-0.02911181002855301,0.15663215517997742
47,iron,0,4,Mid-downswing,28,0.04026105999946594,0.6606417894363403,-0.19090008735656738,0.6042422652244568
47,iron,0,4,Mid-downswing,29,0.05723252892494202,0.7822032570838928,-0.026877403259277344,0.2390640377998352
47,iron,0,4,Mid-downswing,30,0.037321895360946655,0.6941876411437988,-0.2266310453414917,0.5067983269691467
47,iron,0,4,Mid-downswing,31,0.15312960743904114,0.7938626408576965,-0.040606021881103516,0.29923155903816223
47,iron,0,4,Mid-downswing,32,0.13845917582511902,0.6995500326156616,-0.25893741846084595,0.6254470348358154
47,iron,0,5,Impact,0,0.44263315200805664,-0.2419905662536621,-0.10266043245792389,0.9999021291732788
47,iron,0,5,Impact,1,0.4629390835762024,-0.27061814069747925,-0.10455322265625,0.9998952150344849
47,iron,0,5,Impact,2,0.46545517444610596,-0.26851513981819153,-0.09284484386444092,0.9998762607574463
47,iron,0,5,Impact,3,0.46568068861961365,-0.26850154995918274,-0.09667909145355225,0.9999103546142578
47,iron,0,5,Impact,4,0.4719541370868683,-0.2717586159706116,-0.1486353874206543,0.9999204874038696
47,iron,0,5,Impact,5,0.47151488065719604,-0.2683354914188385,-0.1620248705148697,0.9999287128448486
47,iron,0,5,Impact,6,0.46749699115753174,-0.25790974497795105,-0.14038026332855225,0.9999504089355469
47,iron,0,5,Impact,7,0.40766891837120056,-0.36162662506103516,-0.03929471969604492,0.9999010562896729
47,iron,0,5,Impact,8,0.36538293957710266,-0.32418572902679443,-0.18737055361270905,0.9998708963394165
47,iron,0,5,Impact,9,0.4256548285484314,-0.26913273334503174,-0.06829248368740082,0.9995787739753723
47,iron,0,5,Impact,10,0.3982965350151062,-0.23918089270591736,-0.13408362865447998,0.9997227787971497
47,iron,0,5,Impact,11,0.24220627546310425,-0.3235214948654175,0.12443608045578003,0.9999397993087769
47,iron,0,5,Impact,12,0.3475588262081146,-0.3064364790916443,-0.13704872131347656,0.9999829530715942
47,iron,0,5,Impact,13,0.12922106683254242,-0.14280559122562408,0.15573903918266296,0.04959994554519653
47,iron,0,5,Impact,14,0.26670971512794495,-0.028556212782859802,-0.21051132678985596,0.9772149920463562
47,iron,0,5,Impact,15,0.10234900563955307,0.0956200361251831,0.1687578558921814,0.0322052538394928
47,iron,0,5,Impact,16,0.281721830368042,0.15180912613868713,-0.16783857345581055,0.8675522208213806
47,iron,0,5,Impact,17,0.09220951795578003,0.1196712926030159,0.1869363784790039,0.036094892770051956
47,iron,0,5,Impact,18,0.3144528865814209,0.1961706578731537,-0.2098313868045807,0.7775306701660156
47,iron,0,5,Impact,19,0.10157310217618942,0.1314537078142166,0.17017030715942383,0.035450540482997894
47,iron,0,5,Impact,20,0.35977041721343994,0.18799316883087158,-0.19278526306152344,0.7503170371055603
47,iron,0,5,Impact,21,0.09951813519001007,0.1282730996608734,0.1617567390203476,0.030323689803481102
47,iron,0,5,Impact,22,0.2982546091079712,0.15574288368225098,-0.16747546195983887,0.6180142760276794
47,iron,0,5,Impact,23,-0.018306545913219452,-0.010326873511075974,0.11526423692703247,0.9999678134918213
47,iron,0,5,Impact,24,0.02301841415464878,0.009949639439582825,-0.1152489185333252,0.9999834299087524
47,iron,0,5,Impact,25,0.05571945011615753,0.41188105940818787,0.11364328861236572,0.22421598434448242
47,iron,0,5,Impact,26,0.15303358435630798,0.3760145902633667,-0.07083761692047119,0.9570368528366089
47,iron,0,5,Impact,27,0.055423468351364136,0.7839416265487671,0.16995078325271606,0.3288514018058777
47,iron,0,5,Impact,28,0.053871363401412964,0.7554754018783569,0.0013622045516967773,0.9612423181533813
47,iron,0,5,Impact,29,0.04448547959327698,0.811172366142273,0.18023061752319336,0.46582385897636414
47,iron,0,5,Impact,30,0.053233325481414795,0.7914541363716125,-0.02711653709411621,0.9356066584587097
47,iron,0,5,Impact,31,0.1846141815185547,0.8182164430618286,0.18059098720550537,0.44075649976730347
47,iron,0,5,Impact,32,0.18730005621910095,0.827849805355072,-0.04573201388120651,0.9057916402816772
47,iron,0,6,Mid-follow-through,0,0.4012109935283661,-0.2967367172241211,-0.012431249022483826,0.9998094439506531
47,iron,0,6,Mid-follow-through,1,0.4160503149032593,-0.32118895649909973,-0.01574385166168213,0.9997584223747253
47,iron,0,6,Mid-follow-through,2,0.4200851023197174,-0.32012712955474854,-0.00609135627746582,0.9997280240058899
47,iron,0,6,Mid-follow-through,3,0.4199126064777374,-0.32069021463394165,-0.008956551551818848,0.999798595905304
47,iron,0,6,Mid-follow-through,4,0.4310808479785919,-0.32277995347976685,-0.059043169021606445,0.9998563528060913
47,iron,0,6,Mid-follow-through,5,0.43104326725006104,-0.31848347187042236,-0.07204640656709671,0.9998735189437866
47,iron,0,6,Mid-follow-through,6,0.4288557767868042,-0.30799204111099243,-0.05093228816986084,0.9999185800552368
47,iron,0,6,Mid-follow-through,7,0.3721389174461365,-0.39786624908447266,0.027267932891845703,0.9997816681861877
47,iron,0,6,Mid-follow-through,8,0.3471331298351288,-0.35834866762161255,-0.09632496535778046,0.9998180270195007
47,iron,0,6,Mid-follow-through,9,0.38623011112213135,-0.32029521465301514,0.017461689189076424,0.9991843104362488
47,iron,0,6,Mid-follow-through,10,0.3667408525943756,-0.28734803199768066,-0.043706297874450684,0.9994518160820007
47,iron,0,6,Mid-follow-through,11,0.23581990599632263,-0.3650289475917816,0.14681893587112427,0.9998857975006104
47,iron,0,6,Mid-follow-through,12,0.3111625611782074,-0.3909246325492859,-0.021032333374023438,0.9999675750732422
47,iron,0,6,Mid-follow-through,13,0.16763830184936523,-0.2772524654865265,0.15106481313705444,0.01341959647834301
47,iron,0,6,Mid-follow-through,14,0.19661420583724976,-0.21366485953330994,-0.0006655454635620117,0.7465361952781677
47,iron,0,6,Mid-follow-through,15,0.20871597528457642,-0.26810982823371887,0.17768651247024536,0.005020716693252325
47,iron,0,6,Mid-follow-through,16,0.23932135105133057,-0.23605012893676758,0.16319060325622559,0.26561909914016724
47,iron,0,6,Mid-follow-through,17,0.21069790422916412,-0.2871662378311157,0.18689703941345215,0.01023853663355112
47,iron,0,6,Mid-follow-through,18,0.2886250913143158,-0.23343881964683533,0.14565879106521606,0.237026184797287
47,iron,0,6,Mid-follow-through,19,0.21990221738815308,-0.3062027394771576,0.1819588541984558,0.010606716386973858
47,iron,0,6,Mid-follow-through,20,0.32575392723083496,-0.2716958522796631,0.15104782581329346,0.2274450957775116
47,iron,0,6,Mid-follow-through,21,0.2122042030096054,-0.2586348354816437,0.17316178977489471,0.009609443135559559
47,iron,0,6,Mid-follow-through,22,0.2549866735935211,-0.25624436140060425,0.16270804405212402,0.16189679503440857
47,iron,0,6,Mid-follow-through,23,-0.009045014157891273,0.0064634280279278755,0.0911942720413208,0.9999542236328125
47,iron,0,6,Mid-follow-through,24,0.014899092726409435,-0.008395258337259293,-0.09186136722564697,0.9999725818634033
47,iron,0,6,Mid-follow-through,25,0.028896376490592957,0.39058035612106323,0.050026535987854004,0.08565623313188553
47,iron,0,6,Mid-follow-through,26,0.08182335644960403,0.3059611916542053,-0.0886339545249939,0.8870658874511719
47,iron,0,6,Mid-follow-through,27,0.03818210959434509,0.774605929851532,0.06170401722192764,0.17708814144134521
47,iron,0,6,Mid-follow-through,28,-0.0009315013885498047,0.7041593194007874,-0.07816314697265625,0.8612658381462097
47,iron,0,6,Mid-follow-through,29,0.02414184808731079,0.8027083873748779,0.0664980411529541,0.29212474822998047
47,iron,0,6,Mid-follow-through,30,-0.0010709762573242188,0.739676296710968,-0.11140787601470947,0.8366512656211853
47,iron,0,6,Mid-follow-through,31,0.1367788314819336,0.7871236801147461,0.06597959995269775,0.3210642635822296
47,iron,0,6,Mid-follow-through,32,0.11833757162094116,0.7493255138397217,-0.12159968912601471,0.7974296808242798
47,iron,0,7,Finish,0,0.09248160570859909,-0.6706100106239319,-0.02208433300256729,0.9999765157699585
47,iron,0,7,Finish,1,0.1090431958436966,-0.6740624904632568,-0.05856478214263916,0.9999734163284302
47,iron,0,7,Finish,2,0.10861508548259735,-0.6767718195915222,-0.04734385013580322,0.9999731779098511
47,iron,0,7,Finish,3,0.10902299731969833,-0.6777204871177673,-0.04883265495300293,0.9999769926071167
47,iron,0,7,Finish,4,0.1294746994972229,-0.6868322491645813,-0.05565071105957031,0.9999817609786987
47,iron,0,7,Finish,5,0.13310612738132477,-0.6852272748947144,-0.06777164340019226,0.9999840259552002
47,iron,0,7,Finish,6,0.13614927232265472,-0.6743378639221191,-0.04663783311843872,0.9999866485595703
47,iron,0,7,Finish,7,0.13761498034000397,-0.6064833402633667,-0.14190459251403809,0.9999829530715942
47,iron,0,7,Finish,8,0.19157558679580688,-0.5665881037712097,-0.04380662739276886,0.9999719858169556
47,iron,0,7,Finish,9,0.11080245673656464,-0.6342147588729858,-0.030808493494987488,0.9999284744262695
47,iron,0,7,Finish,10,0.1230030208826065,-0.6015844345092773,-0.03415083885192871,0.9999442100524902
47,iron,0,7,Finish,11,0.045083850622177124,-0.48206523060798645,-0.14458578824996948,0.999968409538269
47,iron,0,7,Finish,12,0.20453326404094696,-0.532071590423584,0.15482687950134277,0.9999231100082397
47,iron,0,7,Finish,13,-0.11349442601203918,-0.579010009765625,-0.14977216720581055,0.9640102386474609
47,iron,0,7,Finish,14,0.02699519321322441,-0.5963479280471802,0.17615294456481934,0.14909309148788452
47,iron,0,7,Finish,15,-0.06756212562322617,-0.7633773684501648,0.01304250955581665,0.9428877234458923
47,iron,0,7,Finish,16,-0.0520283579826355,-0.8094831705093384,0.1615506410598755,0.7407768368721008
47,iron,0,7,Finish,17,-0.06081686168909073,-0.8203843235969543,0.03347671031951904,0.9534885287284851
47,iron,0,7,Finish,18,-0.019460447132587433,-0.8662572503089905,0.12509551644325256,0.8485243320465088
47,iron,0,7,Finish,19,-0.03636761009693146,-0.8253976106643677,0.035525619983673096,0.9551962614059448
47,iron,0,7,Finish,20,0.014474242925643921,-0.9007895588874817,0.1182851791381836,0.8514162302017212
47,iron,0,7,Finish,21,-0.046118222177028656,-0.7567113637924194,0.018543101847171783,0.9334349632263184
47,iron,0,7,Finish,22,-0.04338546842336655,-0.8381574749946594,0.14937400817871094,0.8580825328826904
47,iron,0,7,Finish,23,-0.03247242793440819,-0.009921521879732609,-0.04216882586479187,0.9999628067016602
47,iron,0,7,Finish,24,0.03530389815568924,0.002456309972330928,0.04259312152862549,0.9999644756317139
47,iron,0,7,Finish,25,-0.0723249763250351,0.42642971873283386,-0.06359207630157471,0.7928292751312256
47,iron,0,7,Finish,26,0.09619507193565369,0.3076441287994385,-0.008175313472747803,0.5795521140098572
47,iron,0,7,Finish,27,-0.016692668199539185,0.825552761554718,-0.04955703020095825,0.9145441651344299
47,iron,0,7,Finish,28,0.1684148609638214,0.722221314907074,0.041614651679992676,0.6665377616882324
47,iron,0,7,Finish,29,-0.03402072936296463,0.8607935309410095,-0.039176225662231445,0.8916186094284058
47,iron,0,7,Finish,30,0.17562496662139893,0.7542399764060974,0.00971674919128418,0.7580075860023499
47,iron,0,7,Finish,31,-0.04756702482700348,0.8744932413101196,-0.03808259963989258,0.8584679365158081
47,iron,0,7,Finish,32,0.17490503191947937,0.7856835126876831,0.005836993455886841,0.5973694920539856
48,iron,1,0,Address,0,0.450813353061676,-0.30964726209640503,-0.19473537802696228,0.9999691247940063
48,iron,1,0,Address,1,0.46593496203422546,-0.3430812954902649,-0.1946347951889038,0.9999490976333618
48,iron,1,0,Address,2,0.46795421838760376,-0.34024596214294434,-0.183119535446167,0.9999450445175171
48,iron,1,0,Address,3,0.46797889471054077,-0.34096193313598633,-0.18678152561187744,0.9999568462371826
48,iron,1,0,Address,4,0.47042116522789,-0.343164324760437,-0.2368323802947998,0.9999680519104004
48,iron,1,0,Address,5,0.47088927030563354,-0.3396168649196625,-0.2495463490486145,0.9999752044677734
48,iron,1,0,Address,6,0.46751904487609863,-0.3294053375720978,-0.22717779874801636,0.9999802112579346
48,iron,1,0,Address,7,0.4026327431201935,-0.4049797058105469,-0.12311863899230957,0.9999454021453857
48,iron,1,0,Address,8,0.3466459810733795,-0.36419227719306946,-0.25706198811531067,0.9999414682388306
48,iron,1,0,Address,9,0.4347670078277588,-0.3217085599899292,-0.15731516480445862,0.9998732805252075
48,iron,1,0,Address,10,0.4044279158115387,-0.2895587086677551,-0.22083407640457153,0.9999210834503174
48,iron,1,0,Address,11,0.27092844247817993,-0.30816274881362915,0.06201964616775513,0.9999685287475586
48,iron,1,0,Address,12,0.3171435594558716,-0.3185639977455139,-0.19465196132659912,0.9999896287918091
48,iron,1,0,Address,13,0.23073232173919678,-0.08964119106531143,0.10175610333681107,0.2552184760570526
48,iron,1,0,Address,14,0.25790464878082275,-0.02667044848203659,-0.26543283462524414,0.9891226887702942
48,iron,1,0,Address,15,0.23913612961769104,0.17798766493797302,0.12507790327072144,0.18906170129776
48,iron,1,0,Address,16,0.25080037117004395,0.16138243675231934,-0.24261140823364258,0.9635395407676697
48,iron,1,0,Address,17,0.24507765471935272,0.20530492067337036,0.1492685079574585,0.17383359372615814
48,iron,1,0,Address,18,0.2768174409866333,0.20240002870559692,-0.2909049093723297,0.9306748509407043
48,iron,1,0,Address,19,0.2517785131931305,0.21404102444648743,0.11939084529876709,0.184222012758255
48,iron,1,0,Address,20,0.3245599567890167,0.19354787468910217,-0.2797442078590393,0.9236709475517273
48,iron,1,0,Address,21,0.23771268129348755,0.21130436658859253,0.11360000818967819,0.1710728257894516
48,iron,1,0,Address,22,0.26801857352256775,0.16780756413936615,-0.24621081352233887,0.8598225712776184
48,iron,1,0,Address,23,-0.003331350162625313,-0.005515958648175001,0.1171797662973404,0.9999648332595825
48,iron,1,0,Address,24,0.008161688223481178,0.00437596719712019,-0.1167975664138794,0.9999804496765137
48,iron,1,0,Address,25,0.05216793715953827,0.4288870692253113,0.09586739540100098,0.27605998516082764
48,iron,1,0,Address,26,0.1299600899219513,0.36014679074287415,-0.10837060213088989,0.9673096537590027
48,iron,1,0,Address,27,0.05075070261955261,0.7989460229873657,0.15576668083667755,0.40300825238227844
48,iron,1,0,Address,28,0.04453682899475098,0.7681064605712891,-0.07739055156707764,0.9815729856491089
48,iron,1,0,Address,29,0.041895270347595215,0.8266912698745728,0.16559123992919922,0.5224230289459229
48,iron,1,0,Address,30,0.04780897498130798,0.8072901964187622,-0.11146605014801025,0.9564571976661682
48,iron,1,0,Address,31,0.18318280577659607,0.8235443234443665,0.15426266193389893,0.5426384210586548
48,iron,1,0,Address,32,0.1782321035861969,0.806479275226593,-0.1610836386680603,0.9555953741073608
48,iron,1,1,Toe-up,0,0.43303102254867554,-0.34663522243499756,-0.11983448266983032,0.99996018409729
48,iron,1,1,Toe-up,1,0.4507926106452942,-0.3735845685005188,-0.11257576942443848,0.9999126195907593
48,iron,1,1,Toe-up,2,0.45387643575668335,-0.3717367351055145,-0.1030418872833252,0.9999014139175415
48,iron,1,1,Toe-up,3,0.45320427417755127,-0.37217649817466736,-0.10628533363342285,0.9999226331710815
48,iron,1,1,Toe-up,4,0.4504830837249756,-0.3797842264175415,-0.15230286121368408,0.9999555349349976
48,iron,1,1,Toe-up,5,0.451489120721817,-0.3767204284667969,-0.16518965363502502,0.999967098236084
48,iron,1,1,Toe-up,6,0.44961971044540405,-0.3654499351978302,-0.14420843124389648,0.999975323677063
48,iron,1,1,Toe-up,7,0.40705278515815735,-0.4250194728374481,-0.03134441375732422,0.9999105930328369
48,iron,1,1,Toe-up,8,0.3392142057418823,-0.41146716475486755,-0.1490635871887207,0.9999244213104248
48,iron,1,1,Toe-up,9,0.42222267389297485,-0.35656943917274475,-0.08005007356405258,0.9999141693115234
48,iron,1,1,Toe-up,10,0.39072132110595703,-0.3316301107406616,-0.1411249041557312,0.9999481439590454
48,iron,1,1,Toe-up,11,0.33976930379867554,-0.2966262400150299,0.10920745134353638,0.9999839067459106
48,iron,1,1,Toe-up,12,0.2356567680835724,-0.42876872420310974,-0.09185755252838135,0.9999957084655762
48,iron,1,1,Toe-up,13,0.329205185174942,-0.10794113576412201,0.07948815077543259,0.6201897263526917
48,iron,1,1,Toe-up,14,0.12684792280197144,-0.17521141469478607,-0.19856774806976318,0.9950686693191528
48,iron,1,1,Toe-up,15,0.28582972288131714,0.021042779088020325,-0.024205148220062256,0.6362587213516235
48,iron,1,1,Toe-up,16,0.19056865572929382,-0.02089567482471466,-0.24078547954559326,0.9937577247619629
48,iron,1,1,Toe-up,17,0.25975561141967773,0.05057551711797714,-0.04158031940460205,0.6539966464042664
48,iron,1,1,Toe-up,18,0.22155719995498657,0.034239307045936584,-0.2983178198337555,0.9895268678665161
48,iron,1,1,Toe-up,19,0.2453937977552414,0.020189523696899414,-0.05855691432952881,0.665174126625061
48,iron,1,1,Toe-up,20,0.29316413402557373,0.018703103065490723,-0.29588282108306885,0.989219605922699
48,iron,1,1,Toe-up,21,0.2695499658584595,0.033495619893074036,-0.03589215874671936,0.6095774173736572
48,iron,1,1,Toe-up,22,0.216590017080307,-0.014888189733028412,-0.24717140197753906,0.9764788746833801
48,iron,1,1,Toe-up,23,0.04840759187936783,0.022006552666425705,0.09858746826648712,0.9999897480010986
48,iron,1,1,Toe-up,24,-0.043298736214637756,-0.0240525733679533,-0.09741020202636719,0.9999909400939941
48,iron,1,1,Toe-up,25,0.0985255092382431,0.38959217071533203,-0.004025936126708984,0.4195076823234558
48,iron,1,1,Toe-up,26,0.08552573621273041,0.32658150792121887,-0.1618935465812683,0.9137107729911804
48,iron,1,1,Toe-up,27,0.05872628092765808,0.7579997181892395,0.02619554102420807,0.33178436756134033
48,iron,1,1,Toe-up,28,-0.007834583520889282,0.7028059959411621,-0.10754203796386719,0.8280196189880371
48,iron,1,1,Toe-up,29,0.042310476303100586,0.7862480878829956,0.0335843563079834,0.3877159357070923
48,iron,1,1,Toe-up,30,-0.0075387656688690186,0.7388056516647339,-0.1398555040359497,0.6892815232276917
48,iron,1,1,Toe-up,31,0.15458402037620544,0.8066803216934204,0.01603078842163086,0.5412707924842834
48,iron,1,1,Toe-up,32,0.08904051780700684,0.7631776332855225,-0.1807696670293808,0.8126288056373596
48,iron,1,2,Mid-backswing,0,0.37752100825309753,-0.3864613175392151,-0.08639337122440338,0.9999642372131348
48,iron,1,2,Mid-backswing,1,0.40008121728897095,-0.4037317633628845,-0.07978832721710205,0.9999350309371948
48,iron,1,2,Mid-backswing,2,0.40433424711227417,-0.40405088663101196,-0.07055723667144775,0.999913215637207
48,iron,1,2,Mid-backswing,3,0.4034789204597473,-0.40474361181259155,-0.07403230667114258,0.9999347925186157
48,iron,1,2,Mid-backswing,4,0.40048810839653015,-0.4180610179901123,-0.1186223030090332,0.9999642372131348
48,iron,1,2,Mid-backswing,5,0.4040776789188385,-0.41543272137641907,-0.13356173038482666,0.9999688863754272
48,iron,1,2,Mid-backswing,6,0.40144968032836914,-0.40580838918685913,-0.11216264963150024,0.9999725818634033
48,iron,1,2,Mid-backswing,7,0.36421316862106323,-0.44148239493370056,0.0049288272857666016,0.9999415874481201
48,iron,1,2,Mid-backswing,8,0.30651208758354187,-0.45635053515434265,-0.1005517989397049,0.9999260902404785
48,iron,1,2,Mid-backswing,9,0.36507344245910645,-0.3950485587120056,-0.04498562216758728,0.9999212026596069
48,iron,1,2,Mid-backswing,10,0.3387261927127838,-0.3776133358478546,-0.1040995717048645,0.9999521970748901
48,iron,1,2,Mid-backswing,11,0.30398350954055786,-0.33222928643226624,0.12886345386505127,0.9999771118164062
48,iron,1,2,Mid-backswing,12,0.20107388496398926,-0.5042834877967834,-0.044092535972595215,0.9999920129776001
48,iron,1,2,Mid-backswing,13,0.3098061978816986,-0.20715434849262238,0.007233982905745506,0.4712907671928406
48,iron,1,2,Mid-backswing,14,0.09142420440912247,-0.3604927062988281,-0.24249160289764404,0.9870663285255432
48,iron,1,2,Mid-backswing,15,0.3224017322063446,-0.19081445038318634,-0.17489761114120483,0.5756595134735107
48,iron,1,2,Mid-backswing,16,0.11832921206951141,-0.3109018802642822,-0.40304672718048096,0.9506109952926636
48,iron,1,2,Mid-backswing,17,0.3093438148498535,-0.19038116931915283,-0.20672965049743652,0.6340345740318298
48,iron,1,2,Mid-backswing,18,0.1426704227924347,-0.28504595160484314,-0.47435587644577026,0.936147928237915
48,iron,1,2,Mid-backswing,19,0.31071847677230835,-0.22899511456489563,-0.2214634120464325,0.6390779614448547
48,iron,1,2,Mid-backswing,20,0.20502279698848724,-0.30319979786872864,-0.4754531681537628,0.9311178922653198
48,iron,1,2,Mid-backswing,21,0.31724098324775696,-0.18686029314994812,-0.18816596269607544,0.513200044631958
48,iron,1,2,Mid-backswing,22,0.13660022616386414,-0.3123595714569092,-0.4133317470550537,0.8462110757827759
48,iron,1,2,Mid-backswing,23,0.04452313110232353,0.0160381942987442,0.09867806732654572,0.9999823570251465
48,iron,1,2,Mid-backswing,24,-0.03940963372588158,-0.018281087279319763,-0.09685361385345459,0.9999852180480957
48,iron,1,2,Mid-backswing,25,0.09234614670276642,0.41077274084091187,0.023557186126708984,0.14749257266521454
48,iron,1,2,Mid-backswing,26,0.0861692726612091,0.3400230407714844,-0.1501886248588562,0.8785470724105835
48,iron,1,2,Mid-backswing,27,0.023620247840881348,0.7747966051101685,0.05046693980693817,0.13232019543647766
48,iron,1,2,Mid-backswing,28,-0.015087693929672241,0.7327706217765808,-0.10858452320098877,0.7889258861541748
48,iron,1,2,Mid-backswing,29,0.002220332622528076,0.8021044731140137,0.057032108306884766,0.19451509416103363
48,iron,1,2,Mid-backswing,30,-0.013956010341644287,0.7698016166687012,-0.14526903629302979,0.6939622759819031
48,iron,1,2,Mid-backswing,31,0.11758160591125488,0.8151541948318481,0.037218332290649414,0.2378780096769333
48,iron,1,2,Mid-backswing,32,0.10342258214950562,0.7650381326675415,-0.1928403675556183,0.6971063017845154
48,iron,1,3,Top,0,0.38784804940223694,-0.43190717697143555,-0.17590896785259247,0.9999634027481079
48,iron,1,3,Top,1,0.41083428263664246,-0.4376033544540405,-0.16818010807037354,0.9999200105667114
48,iron,1,3,Top,2,0.41374245285987854,-0.437019944190979,-0.158738374710083,0.9999006986618042
48,iron,1,3,Top,3,0.41196906566619873,-0.4375428557395935,-0.1587815284729004,0.9999164342880249
48,iron,1,3,Top,4,0.39787986874580383,-0.45472392439842224,-0.1851264238357544,0.9999527931213379
48,iron,1,3,Top,5,0.39983686804771423,-0.4526849389076233,-0.1990119367837906,0.9999548196792603
48,iron,1,3,Top,6,0.3972172439098358,-0.4436967670917511,-0.17730849981307983,0.999963641166687
48,iron,1,3,Top,7,0.43923401832580566,-0.39685946702957153,-0.07790851593017578,0.9998854398727417
48,iron,1,3,Top,8,0.31486228108406067,-0.44564273953437805,-0.08003772795200348,0.9997760653495789
48,iron,1,3,Top,9,0.402332067489624,-0.40515926480293274,-0.13379687070846558,0.999593198299408
48,iron,1,3,Top,10,0.35700085759162903,-0.39752885699272156,-0.16381508111953735,0.9997455477714539
48,iron,1,3,Top,11,0.40275856852531433,-0.29829391837120056,-0.025256216526031494,0.9998273253440857
48,iron,1,3,Top,12,0.2194843888282776,-0.46720409393310547,0.046805620193481445,0.9998226761817932
48,iron,1,3,Top,13,0.3280109465122223,-0.4060162603855133,-0.17580172419548035,0.9394080638885498
48,iron,1,3,Top,14,0.060534268617630005,-0.44194495677948,-0.13025736808776855,0.9115766286849976
48,iron,1,3,Top,15,0.19499599933624268,-0.6005846261978149,-0.19369560480117798,0.8082383275032043
48,iron,1,3,Top,16,0.08841854333877563,-0.6139130592346191,-0.31192874908447266,0.9333091974258423
48,iron,1,3,Top,17,0.154428631067276,-0.6496273279190063,-0.19864225387573242,0.7182179689407349
48,iron,1,3,Top,18,0.1291642189025879,-0.644231915473938,-0.38207507133483887,0.9311315417289734
48,iron,1,3,Top,19,0.14959819614887238,-0.6796185374259949,-0.19029396772384644,0.7001429796218872
48,iron,1,3,Top,20,0.18719124794006348,-0.6820328831672668,-0.3826114535331726,0.9331828951835632
48,iron,1,3,Top,21,0.17764703929424286,-0.6019834876060486,-0.1887836456298828,0.6060918569564819
48,iron,1,3,Top,22,0.10898330807685852,-0.6352065801620483,-0.3256998062133789,0.8985030055046082
48,iron,1,3,Top,23,0.07463403046131134,0.026194676756858826,0.06433016061782837,0.9999266862869263
48,iron,1,3,Top,24,-0.07024414092302322,-0.02826165221631527,-0.06374156475067139,0.9999233484268188
48,iron,1,3,Top,25,0.1513056457042694,0.3388668894767761,-0.11642837524414062,0.5062929391860962
48,iron,1,3,Top,26,0.0783187672495842,0.2617735266685486,-0.21414947509765625,0.8654641509056091
48,iron,1,3,Top,27,0.04519131779670715,0.6978011131286621,-0.11604727804660797,0.3052016496658325
48,iron,1,3,Top,28,-0.019281387329101562,0.671527087688446,-0.20115911960601807,0.7092296481132507
48,iron,1,3,Top,29,0.02491357922554016,0.720490574836731,-0.11202239990234375,0.4615090489387512
48,iron,1,3,Top,30,-0.018807023763656616,0.7078132033348083,-0.2402682900428772,0.6070472002029419
48,iron,1,3,Top,31,0.14588207006454468,0.7429021000862122,-0.13542091846466064,0.48867061734199524
48,iron,1,3,Top,32,0.08167359232902527,0.7199176549911499,-0.30552470684051514,0.7208732962608337
48,iron,1,4,Mid-downswing,0,0.45648425817489624,-0.2725789546966553,-0.1096448004245758,0.9970507621765137
48,iron,1,4,Mid-downswing,1,0.4707726240158081,-0.2997973561286926,-0.10512435436248779,0.9952144622802734
48,iron,1,4,Mid-downswing,2,0.4743659496307373,-0.29701825976371765,-0.09716939926147461,0.995180606842041
48,iron,1,4,Mid-downswing,3,0.4736335277557373,-0.2982015013694763,-0.09901189804077148,0.9969544410705566
48,iron,1,4,Mid-downswing,4,0.4761873185634613,-0.29962339997291565,-0.15048396587371826,0.9970623850822449
48,iron,1,4,Mid-downswing,5,0.47746142745018005,-0.29600998759269714,-0.16388291120529175,0.9974007606506348
48,iron,1,4,Mid-downswing,6,0.4749211072921753,-0.28599682450294495,-0.1415102481842041,0.998401939868927
48,iron,1,4,Mid-downswing,7,0.4225129783153534,-0.36187994480133057,-0.04069256782531738,0.996268093585968
48,iron,1,4,Mid-downswing,8,0.3681901693344116,-0.3340447247028351,-0.1645526885986328,0.9950698614120483
48,iron,1,4,Mid-downswing,9,0.43947404623031616,-0.286811888217926,-0.07471434026956558,0.9944499731063843
48,iron,1,4,Mid-downswing,10,0.41235190629959106,-0.2572110593318939,-0.1391463279724121,0.9960749745368958
48,iron,1,4,Mid-downswing,11,0.3341722786426544,-0.27049311995506287,0.1053885817527771,0.9998738765716553
48,iron,1,4,Mid-downswing,12,0.27063417434692383,-0.34980279207229614,-0.09347236156463623,0.9998830556869507
48,iron,1,4,Mid-downswing,13,0.30959969758987427,-0.0914527177810669,0.030452970415353775,0.03499326854944229
48,iron,1,4,Mid-downswing,14,0.15212054550647736,-0.11755242198705673,-0.12684309482574463,0.7840842604637146
48,iron,1,4,Mid-downswing,15,0.3204849362373352,-0.11082468926906586,-0.09848594665527344,0.02570286951959133
48,iron,1,4,Mid-downswing,16,0.27921900153160095,-0.14406165480613708,-0.04150998592376709,0.4276687502861023
48,iron,1,4,Mid-downswing,17,0.31740161776542664,-0.13248682022094727,-0.11429572105407715,0.0383644700050354
48,iron,1,4,Mid-downswing,18,0.3483128547668457,-0.13924631476402283,-0.07215613126754761,0.30842122435569763
48,iron,1,4,Mid-downswing,19,0.3352826237678528,-0.17525343596935272,-0.11309224367141724,0.036273568868637085
48,iron,1,4,Mid-downswing,20,0.40099674463272095,-0.20132426917552948,-0.06699275970458984,0.2832457423210144
48,iron,1,4,Mid-downswing,21,0.32158616185188293,-0.1143147200345993,-0.10581567883491516,0.028337370604276657
48,iron,1,4,Mid-downswing,22,0.3031313717365265,-0.17040470242500305,-0.043717384338378906,0.18700723350048065
48,iron,1,4,Mid-downswing,23,0.034669432789087296,0.013095922768115997,0.10163633525371552,0.9999821186065674
48,iron,1,4,Mid-downswing,24,-0.028714407235383987,-0.015473935753107071,-0.10213601589202881,0.9999817609786987
48,iron,1,4,Mid-downswing,25,0.12867440283298492,0.38617080450057983,0.0008876323699951172,0.05766301602125168
48,iron,1,4,Mid-downswing,26,0.1385098695755005,0.29588642716407776,-0.18968850374221802,0.7020227909088135
48,iron,1,4,Mid-downswing,27,0.09254592657089233,0.757369875907898,0.0006864890456199646,0.058249976485967636
48,iron,1,4,Mid-downswing,28,0.02791696786880493,0.68587327003479,-0.2111046314239502,0.5801053643226624
48,iron,1,4,Mid-downswing,29,0.07584035396575928,0.7826635241508484,0.004130721092224121,0.12068169564008713
48,iron,1,4,Mid-downswing,30,0.024680405855178833,0.7213820815086365,-0.24757564067840576,0.524461030960083
48,iron,1,4,Mid-downswing,31,0.17441895604133606,0.8042445182800293,-0.005370974540710449,0.10157299041748047
48,iron,1,4,Mid-downswing,32,0.1289493441581726,0.7239485383033752,-0.27930593490600586,0.502943217754364
48,iron,1,5,Impact,0,0.44787904620170593,-0.2524753510951996,-0.1554427295923233,0.999957799911499
48,iron,1,5,Impact,1,0.4660052955150604,-0.2827894985675812,-0.15822386741638184,0.9999328851699829
48,iron,1,5,Impact,2,0.46829017996788025,-0.28099849820137024,-0.14668095111846924,0.9999227523803711
48,iron,1,5,Impact,3,0.46787363290786743,-0.28123506903648376,-0.15029919147491455,0.9999470710754395
48,iron,1,5,Impact,4,0.47249582409858704,-0.28187501430511475,-0.2020883560180664,0.9999583959579468
48,iron,1,5,Impact,5,0.4725380837917328,-0.27859652042388916,-0.21450667083263397,0.9999649524688721
48,iron,1,5,Impact,6,0.4684411883354187,-0.26828086376190186,-0.19278597831726074,0.9999748468399048
48,iron,1,5,Impact,7,0.4095485806465149,-0.3684150278568268,-0.09387850761413574,0.9999372959136963
48,iron,1,5,Impact,8,0.3577498495578766,-0.32420456409454346,-0.23949816823005676,0.9999254941940308
48,iron,1,5,Impact,9,0.4322913885116577,-0.27456754446029663,-0.12128090113401413,0.9998624324798584
48,iron,1,5,Impact,10,0.402353435754776,-0.24355337023735046,-0.18721264600753784,0.9999145269393921
48,iron,1,5,Impact,11,0.28042224049568176,-0.2956143319606781,0.07983380556106567,0.9999732971191406
48,iron,1,5,Impact,12,0.3261496126651764,-0.3119930028915405,-0.18194222450256348,0.9999886751174927
48,iron,1,5,Impact,13,0.26518183946609497,-0.08297053724527359,0.1290256828069687,0.23788303136825562
48,iron,1,5,Impact,14,0.27233222126960754,-0.036401428282260895,-0.2623695135116577,0.9889708757400513
48,iron,1,5,Impact,15,0.2905147969722748,0.16417908668518066,0.15285301208496094,0.23653249442577362
48,iron,1,5,Impact,16,0.28552135825157166,0.1417161077260971,-0.24783062934875488,0.969149112701416
48,iron,1,5,Impact,17,0.2971072196960449,0.18958203494548798,0.17470049858093262,0.20527386665344238
48,iron,1,5,Impact,18,0.31285375356674194,0.18354257941246033,-0.2969229519367218,0.9379989504814148
48,iron,1,5,Impact,19,0.30344659090042114,0.19438116252422333,0.1457473635673523,0.2138844132423401
48,iron,1,5,Impact,20,0.3617112636566162,0.18096521496772766,-0.2843533754348755,0.931583046913147
48,iron,1,5,Impact,21,0.2881007492542267,0.1952265202999115,0.14112001657485962,0.19310873746871948
48,iron,1,5,Impact,22,0.30277568101882935,0.14947918057441711,-0.24997854232788086,0.8700768947601318
48,iron,1,5,Impact,23,-0.0011895087081938982,-0.0045618172734975815,0.11416357755661011,0.9999706745147705
48,iron,1,5,Impact,24,0.006080621853470802,0.0037941692862659693,-0.11341738700866699,0.9999797344207764
48,iron,1,5,Impact,25,0.05699869990348816,0.4382392168045044,0.08662950992584229,0.2072783261537552
48,iron,1,5,Impact,26,0.1398771107196808,0.37509310245513916,-0.10373413562774658,0.9043427109718323
48,iron,1,5,Impact,27,0.04296693205833435,0.8104591369628906,0.14427416026592255,0.31533825397491455
48,iron,1,5,Impact,28,0.061894744634628296,0.7578188180923462,-0.039037346839904785,0.9393172264099121
48,iron,1,5,Impact,29,0.032813847064971924,0.8360711336135864,0.15388047695159912,0.4170929193496704
48,iron,1,5,Impact,30,0.06495952606201172,0.7945561408996582,-0.06939399242401123,0.8898935317993164
48,iron,1,5,Impact,31,0.16724893450737,0.8398129940032959,0.1444488763809204,0.4589880108833313
48,iron,1,5,Impact,32,0.1813795566558838,0.796896755695343,-0.1085817888379097,0.8867113590240479
48,iron,1,6,Mid-follow-through,0,0.3905453383922577,-0.29845941066741943,-0.0005145817995071411,0.9999092817306519
48,iron,1,6,Mid-follow-through,1,0.4083336889743805,-0.31677982211112976,-0.0011740922927856445,0.9998717308044434
48,iron,1,6,Mid-follow-through,2,0.4123421907424927,-0.3149675726890564,0.007943511009216309,0.9998440742492676
48,iron,1,6,Mid-follow-through,3,0.4121948480606079,-0.3160274028778076,0.004263639450073242,0.9998869895935059
48,iron,1,6,Mid-follow-through,4,0.4214714467525482,-0.32217147946357727,-0.04339957237243652,0.9999223947525024
48,iron,1,6,Mid-follow-through,5,0.4220465421676636,-0.31797313690185547,-0.05738382786512375,0.99992835521698
48,iron,1,6,Mid-follow-through,6,0.4194045662879944,-0.30775290727615356,-0.03646290302276611,0.9999562501907349
48,iron,1,6,Mid-follow-through,7,0.3703634440898895,-0.38657641410827637,0.04674935340881348,0.9998699426651001
48,iron,1,6,Mid-follow-through,8,0.34374216198921204,-0.36229321360588074,-0.07167232781648636,0.9999097585678101
48,iron,1,6,Mid-follow-through,9,0.377096563577652,-0.32228517532348633,0.030092621222138405,0.9995042085647583
48,iron,1,6,Mid-follow-through,10,0.3574630916118622,-0.294337660074234,-0.02958691120147705,0.9996802806854248
48,iron,1,6,Mid-follow-through,11,0.23615534603595734,-0.3527173697948456,0.16035068035125732,0.9998916387557983
48,iron,1,6,Mid-follow-through,12,0.3046339750289917,-0.40122663974761963,0.001428365707397461,0.9999710321426392
48,iron,1,6,Mid-follow-through,13,0.1562613844871521,-0.21691977977752686,0.09699749946594238,0.009141838178038597
48,iron,1,6,Mid-follow-through,14,0.15199390053749084,-0.21039420366287231,0.008799970149993896,0.7593905925750732
48,iron,1,6,Mid-follow-through,15,0.17764541506767273,-0.15309135615825653,0.035532474517822266,0.004282217938452959
48,iron,1,6,Mid-follow-through,16,0.21708479523658752,-0.18973848223686218,0.1516333818435669,0.24807263910770416
48,iron,1,6,Mid-follow-through,17,0.1759634017944336,-0.16204257309436798,0.030826210975646973,0.009592626243829727
48,iron,1,6,Mid-follow-through,18,0.2723940908908844,-0.17823392152786255,0.13764791190624237,0.20487850904464722
48,iron,1,6,Mid-follow-through,19,0.18523196876049042,-0.17787308990955353,0.028869807720184326,0.009976616129279137
48,iron,1,6,Mid-follow-through,20,0.31538206338882446,-0.21823027729988098,0.1436694860458374,0.19260333478450775
48,iron,1,6,Mid-follow-through,21,0.17976711690425873,-0.1419241577386856,0.029612280428409576,0.008548092097043991
48,iron,1,6,Mid-follow-through,22,0.2351086288690567,-0.2075299322605133,0.15212368965148926,0.12944330275058746
48,iron,1,6,Mid-follow-through,23,-0.014212244190275669,0.006023467518389225,0.08352473378181458,0.9999504089355469
48,iron,1,6,Mid-follow-through,24,0.02004731073975563,-0.007515555247664452,-0.08398723602294922,0.9999712705612183
48,iron,1,6,Mid-follow-through,25,0.005724579095840454,0.39256954193115234,0.0490574836730957,0.07113363593816757
48,iron,1,6,Mid-follow-through,26,0.11458858847618103,0.30203503370285034,-0.07133334875106812,0.8565291166305542
48,iron,1,6,Mid-follow-through,27,0.02400079369544983,0.7958807945251465,0.05926791578531265,0.17679482698440552
48,iron,1,6,Mid-follow-through,28,0.02445375919342041,0.6946961283683777,-0.05978977680206299,0.8149257898330688
48,iron,1,6,Mid-follow-through,29,0.011909633874893188,0.827487587928772,0.06536626815795898,0.3048478364944458
48,iron,1,6,Mid-follow-through,30,0.02395176887512207,0.7293821573257446,-0.0923888087272644,0.7833307385444641
48,iron,1,6,Mid-follow-through,31,0.131009042263031,0.8067598342895508,0.05980503559112549,0.3645786941051483
48,iron,1,6,Mid-follow-through,32,0.139616459608078,0.7357416152954102,-0.1047673225402832,0.7786856293678284
48,iron,1,7,Finish,0,0.15368792414665222,-0.6571071147918701,-0.03964100033044815,0.9999703168869019
48,iron,1,7,Finish,1,0.1716601401567459,-0.6597934365272522,-0.08071649074554443,0.9999502897262573
48,iron,1,7,Finish,2,0.1718342900276184,-0.663436233997345,-0.06899642944335938,0.9999567270278931
48,iron,1,7,Finish,3,0.17262093722820282,-0.663209080696106,-0.07086372375488281,0.9999597072601318
48,iron,1,7,Finish,4,0.19289612770080566,-0.6684345006942749,-0.07914435863494873,0.9999641180038452
48,iron,1,7,Finish,5,0.1962655782699585,-0.6668962836265564,-0.09354334324598312,0.9999743700027466
48,iron,1,7,Finish,6,0.19757908582687378,-0.6554521322250366,-0.07189470529556274,0.9999781847000122
48,iron,1,7,Finish,7,0.18089912831783295,-0.5971371531486511,-0.16606950759887695,0.9999712705612183
48,iron,1,7,Finish,8,0.23555973172187805,-0.5476974844932556,-0.08136285841464996,0.999961256980896
48,iron,1,7,Finish,9,0.16366656124591827,-0.6218061447143555,-0.05161414295434952,0.9999327659606934
48,iron,1,7,Finish,10,0.17433571815490723,-0.5878388285636902,-0.05864506959915161,0.9999514818191528
48,iron,1,7,Finish,11,0.08249437808990479,-0.4762720763683319,-0.16586685180664062,0.9999810457229614
48,iron,1,7,Finish,12,0.24510449171066284,-0.5228046774864197,0.11990201473236084,0.9999568462371826
48,iron,1,7,Finish,13,-0.10408014059066772,-0.5661766529083252,-0.23816779255867004,0.9942827224731445
48,iron,1,7,Finish,14,0.043173596262931824,-0.595725417137146,0.12662112712860107,0.40306204557418823
48,iron,1,7,Finish,15,-0.07746349275112152,-0.7435851693153381,-0.1944739818572998,0.9962782263755798
48,iron,1,7,Finish,16,-0.06529504060745239,-0.7813725471496582,0.053890109062194824,0.9476630091667175
48,iron,1,7,Finish,17,-0.07962659001350403,-0.8005474209785461,-0.1924983263015747,0.9967349171638489
48,iron,1,7,Finish,18,-0.04404588043689728,-0.8236744999885559,0.01574307680130005,0.9718796610832214
48,iron,1,7,Finish,19,-0.04797981679439545,-0.8153451681137085,-0.188210129737854,0.9969340562820435
48,iron,1,7,Finish,20,-0.014902204275131226,-0.8499780297279358,0.002273738384246826,0.9725296497344971
48,iron,1,7,Finish,21,-0.058782801032066345,-0.7400177121162415,-0.19101372361183167,0.9935558438301086
48,iron,1,7,Finish,22,-0.06080347299575806,-0.8034077286720276,0.03947186470031738,0.9715459942817688
48,iron,1,7,Finish,23,-0.037014078348875046,-0.00919727049767971,-0.0373975932598114,0.9999805688858032
48,iron,1,7,Finish,24,0.040488384664058685,0.003558284603059292,0.03693068027496338,0.9999829530715942
48,iron,1,7,Finish,25,-0.08243007957935333,0.43295297026634216,-0.037955284118652344,0.8765689730644226
48,iron,1,7,Finish,26,0.09801290929317474,0.3195049464702606,0.03465116024017334,0.8080772757530212
48,iron,1,7,Finish,27,-0.021647527813911438,0.8109248876571655,0.02531874179840088,0.9660500884056091
48,iron,1,7,Finish,28,0.15755663812160492,0.7239793539047241,0.1352090835571289,0.8708518743515015
48,iron,1,7,Finish,29,-0.033293113112449646,0.8402899503707886,0.04132544994354248,0.9592738151550293
48,iron,1,7,Finish,30,0.16636373102664948,0.7542843818664551,0.1079133152961731,0.9027055501937866
48,iron,1,7,Finish,31,-0.008683547377586365,0.8370075821876526,0.03801286220550537,0.946003794670105
48,iron,1,7,Finish,32,0.1778932809829712,0.7667502760887146,0.0927773118019104,0.806964099407196
269,driver,0,0,Address,0,0.38733482360839844,-0.4547168016433716,-0.13448995351791382,0.9988328814506531
269,driver,0,0,Address,1,0.3953767418861389,-0.48890209197998047,-0.1460256576538086,0.9985446929931641
269,driver,0,0,Address,2,0.39723050594329834,-0.487339049577713,-0.13408660888671875,0.998263418674469
269,driver,0,0,Address,3,0.39726880192756653,-0.48825740814208984,-0.13801026344299316,0.998544454574585
269,driver,0,0,Address,4,0.4055556058883667,-0.4880748391151428,-0.1807117462158203,0.9992577433586121
269,driver,0,0,Address,5,0.40582630038261414,-0.4848178029060364,-0.1934526413679123,0.9995001554489136
269,driver,0,0,Address,6,0.4048716723918915,-0.4735846221446991,-0.172146737575531,0.9996554851531982
269,driver,0,0,Address,7,0.32917433977127075,-0.535742461681366,-0.105926513671875,0.9983201622962952
269,driver,0,0,Address,8,0.30660513043403625,-0.4684924781322479,-0.21324950456619263,0.9991378784179688
269,driver,0,0,Address,9,0.37229013442993164,-0.46157705783843994,-0.10442129522562027,0.9960696697235107
269,driver,0,0,Address,10,0.3541333079338074,-0.4201299846172333,-0.16065311431884766,0.9980315566062927
269,driver,0,0,Address,11,0.21762073040008545,-0.4323160648345947,0.07412964105606079,0.9995355606079102
269,driver,0,0,Address,12,0.29483795166015625,-0.405479371547699,-0.15906143188476562,0.9999570846557617
269,driver,0,0,Address,13,0.18714620172977448,-0.27181077003479004,0.14955654740333557,0.021507935598492622
269,driver,0,0,Address,14,0.301006555557251,-0.10704854875802994,-0.24637413024902344,0.9827995300292969
269,driver,0,0,Address,15,0.1780577301979065,-0.08190051466226578,0.20725226402282715,0.01390534732490778
269,driver,0,0,Address,16,0.33354175090789795,0.07919513434171677,-0.23345696926116943,0.9449058771133423
269,driver,0,0,Address,17,0.16584447026252747,-0.06803430616855621,0.23643672466278076,0.019439147785305977
269,driver,0,0,Address,18,0.36943626403808594,0.11379049718379974,-0.2823363244533539,0.9123587608337402
269,driver,0,0,Address,19,0.16738495230674744,-0.060260333120822906,0.21807217597961426,0.019773315638303757
269,driver,0,0,Address,20,0.40271657705307007,0.09724420309066772,-0.2666335105895996,0.9062487483024597
269,driver,0,0,Address,21,0.17706166207790375,-0.05152939260005951,0.20306067168712616,0.016840342432260513
269,driver,0,0,Address,22,0.3469715714454651,0.07940597832202911,-0.23358368873596191,0.8132277131080627
269,driver,0,0,Address,23,-0.0036333000753074884,-0.01035846583545208,0.1115516871213913,0.9999271631240845
269,driver,0,0,Address,24,0.008432326838374138,0.007439747452735901,-0.11071121692657471,0.9999691247940063
269,driver,0,0,Address,25,0.0972190648317337,0.3761252760887146,0.12887489795684814,0.3137666881084442
269,driver,0,0,Address,26,0.09686443209648132,0.34658223390579224,-0.08911913633346558,0.9376113414764404
269,driver,0,0,Address,27,0.08166608214378357,0.747072160243988,0.21464642882347107,0.6659694314002991
269,driver,0,0,Address,28,-0.041341632604599,0.7173288464546204,-0.0026589632034301758,0.9692476987838745
269,driver,0,0,Address,29,0.06650751829147339,0.7761070132255554,0.2274872064590454,0.6514192223548889
269,driver,0,0,Address,30,-0.04658523201942444,0.7511721253395081,-0.03183108568191528,0.9082000851631165
269,driver,0,0,Address,31,0.17916691303253174,0.763615608215332,0.20747649669647217,0.7266131043434143
269,driver,0,0,Address,32,0.06651648879051208,0.777752161026001,-0.07743819057941437,0.9376402497291565
269,driver,0,1,Toe-up,0,0.33860042691230774,-0.4806419014930725,-0.18608713150024414,0.9996758699417114
269,driver,0,1,Toe-up,1,0.3588845133781433,-0.4988044798374176,-0.1776111125946045,0.9991963505744934
269,driver,0,1,Toe-up,2,0.36278316378593445,-0.4962988495826721,-0.1678088903427124,0.9992066025733948
269,driver,0,1,Toe-up,3,0.3607434928417206,-0.497037410736084,-0.1706078052520752,0.9993187189102173
269,driver,0,1,Toe-up,4,0.35330283641815186,-0.511169970035553,-0.2083885669708252,0.9995843768119812
269,driver,0,1,Toe-up,5,0.3542868196964264,-0.5084869265556335,-0.2208705097436905,0.9997305274009705
269,driver,0,1,Toe-up,6,0.3547248840332031,-0.497212290763855,-0.1996021270751953,0.9997842907905579
269,driver,0,1,Toe-up,7,0.3446705937385559,-0.5021946430206299,-0.0840003490447998,0.9992830157279968
269,driver,0,1,Toe-up,8,0.25560370087623596,-0.5159183144569397,-0.16193938255310059,0.999381422996521
269,driver,0,1,Toe-up,9,0.34048643708229065,-0.4756196439266205,-0.14113521575927734,0.9994863271713257
269,driver,0,1,Toe-up,10,0.30624648928642273,-0.4569006860256195,-0.19211840629577637,0.9996961355209351
269,driver,0,1,Toe-up,11,0.31033027172088623,-0.3535443842411041,0.05583590269088745,0.9999380111694336
269,driver,0,1,Toe-up,12,0.1529935598373413,-0.5126596093177795,-0.07446897029876709,0.9999847412109375
269,driver,0,1,Toe-up,13,0.2923986315727234,-0.17783457040786743,0.030195176601409912,0.7347370982170105
269,driver,0,1,Toe-up,14,0.0769849494099617,-0.241451695561409,-0.13908898830413818,0.9873660802841187
269,driver,0,1,Toe-up,15,0.25164997577667236,-0.06031525880098343,-0.07097333669662476,0.757340133190155
269,driver,0,1,Toe-up,16,0.13079437613487244,-0.07802890241146088,-0.183668851852417,0.990079402923584
269,driver,0,1,Toe-up,17,0.23094333708286285,-0.03036624938249588,-0.09279179573059082,0.7847415804862976
269,driver,0,1,Toe-up,18,0.16439849138259888,-0.024546712636947632,-0.2414783239364624,0.9877411723136902
269,driver,0,1,Toe-up,19,0.2115480899810791,-0.059078656136989594,-0.1099557876586914,0.7931957244873047
269,driver,0,1,Toe-up,20,0.22888508439064026,-0.04887871444225311,-0.24901950359344482,0.9881395101547241
269,driver,0,1,Toe-up,21,0.23623505234718323,-0.04696028679609299,-0.08324114233255386,0.7412669062614441
269,driver,0,1,Toe-up,22,0.1577976793050766,-0.07503101229667664,-0.1954822540283203,0.976653516292572
269,driver,0,1,Toe-up,23,0.07184445112943649,0.024643264710903168,0.09104156494140625,0.9999755620956421
269,driver,0,1,Toe-up,24,-0.0669446736574173,-0.02664528787136078,-0.08966708183288574,0.9999786615371704
269,driver,0,1,Toe-up,25,0.11345721781253815,0.3894379138946533,-0.04890573024749756,0.8098104596138
269,driver,0,1,Toe-up,26,0.023176684975624084,0.309989869594574,-0.20099490880966187,0.9680168032646179
269,driver,0,1,Toe-up,27,0.05077001452445984,0.73722243309021,-0.007055625319480896,0.6948339343070984
269,driver,0,1,Toe-up,28,-0.08759070932865143,0.7062749266624451,-0.14671552181243896,0.922451913356781
269,driver,0,1,Toe-up,29,0.032186657190322876,0.7659687399864197,0.0007828474044799805,0.6446830630302429
269,driver,0,1,Toe-up,30,-0.08977392315864563,0.7435758113861084,-0.18095558881759644,0.7552323937416077
269,driver,0,1,Toe-up,31,0.14514508843421936,0.7790864109992981,-0.02775108814239502,0.8201723694801331
269,driver,0,1,Toe-up,32,-0.007894158363342285,0.7518826127052307,-0.24769334495067596,0.9099384546279907
269,driver,0,2,Mid-backswing,0,0.34335461258888245,-0.46992558240890503,-0.14754000306129456,0.9990655779838562
269,driver,0,2,Mid-backswing,1,0.3607586920261383,-0.48466217517852783,-0.13975465297698975,0.9981886744499207
269,driver,0,2,Mid-backswing,2,0.3640486001968384,-0.48395848274230957,-0.1301485300064087,0.9979593753814697
269,driver,0,2,Mid-backswing,3,0.36194321513175964,-0.4849478304386139,-0.1325695514678955,0.998485267162323
269,driver,0,2,Mid-backswing,4,0.3518560528755188,-0.49959397315979004,-0.16785621643066406,0.9987247586250305
269,driver,0,2,Mid-backswing,5,0.35418757796287537,-0.49703943729400635,-0.18268220126628876,0.9989718198776245
269,driver,0,2,Mid-backswing,6,0.35351690649986267,-0.4866967499256134,-0.1607050895690918,0.9991883635520935
269,driver,0,2,Mid-backswing,7,0.35446372628211975,-0.49199622869491577,-0.0498661994934082,0.9988555908203125
269,driver,0,2,Mid-backswing,8,0.25765785574913025,-0.5020557641983032,-0.11187585443258286,0.997718334197998
269,driver,0,2,Mid-backswing,9,0.3460005521774292,-0.46561315655708313,-0.10301143676042557,0.9977396726608276
269,driver,0,2,Mid-backswing,10,0.3111426532268524,-0.4474644958972931,-0.15024834871292114,0.9983211159706116
269,driver,0,2,Mid-backswing,11,0.32609012722969055,-0.37636274099349976,0.04902416467666626,0.999866247177124
269,driver,0,2,Mid-backswing,12,0.15571969747543335,-0.528667151927948,-0.03569495677947998,0.9999232292175293
269,driver,0,2,Mid-backswing,13,0.27554988861083984,-0.3278723657131195,-0.07421539723873138,0.7405234575271606
269,driver,0,2,Mid-backswing,14,0.05764637887477875,-0.37359338998794556,-0.2174527645111084,0.9855028390884399
269,driver,0,2,Mid-backswing,15,0.12188249081373215,-0.3498925566673279,-0.15597116947174072,0.5224825143814087
269,driver,0,2,Mid-backswing,16,0.20312154293060303,-0.3129073679447174,-0.32086682319641113,0.9493642449378967
269,driver,0,2,Mid-backswing,17,0.0654095709323883,-0.3578404188156128,-0.1687682867050171,0.46848854422569275
269,driver,0,2,Mid-backswing,18,0.2679476737976074,-0.2862700819969177,-0.38381391763687134,0.9200853705406189
269,driver,0,2,Mid-backswing,19,0.05091031640768051,-0.3878909647464752,-0.16639703512191772,0.4487088918685913
269,driver,0,2,Mid-backswing,20,0.32735735177993774,-0.32180699706077576,-0.3718602657318115,0.9128665328025818
269,driver,0,2,Mid-backswing,21,0.10271163284778595,-0.34226328134536743,-0.15533529222011566,0.34689489006996155
269,driver,0,2,Mid-backswing,22,0.22961515188217163,-0.3198590576648712,-0.32417750358581543,0.8370639681816101
269,driver,0,2,Mid-backswing,23,0.06739944219589233,0.019254375249147415,0.08842846751213074,0.9999679327011108
269,driver,0,2,Mid-backswing,24,-0.06320951879024506,-0.022436875849962234,-0.08747553825378418,0.9999723434448242
269,driver,0,2,Mid-backswing,25,0.12968172132968903,0.40635883808135986,0.006361842155456543,0.45900413393974304
269,driver,0,2,Mid-backswing,26,0.03851867467164993,0.31365564465522766,-0.1575942039489746,0.9463691711425781
269,driver,0,2,Mid-backswing,27,0.055669575929641724,0.7406395077705383,0.07825924456119537,0.43591487407684326
269,driver,0,2,Mid-backswing,28,-0.07998624444007874,0.6933186650276184,-0.1100696325302124,0.9129098653793335
269,driver,0,2,Mid-backswing,29,0.034030914306640625,0.7659382820129395,0.08976268768310547,0.394386351108551
269,driver,0,2,Mid-backswing,30,-0.08183422684669495,0.7271221280097961,-0.1459394097328186,0.7196065783500671
269,driver,0,2,Mid-backswing,31,0.13184848427772522,0.7768592834472656,0.06566905975341797,0.6205762624740601
269,driver,0,2,Mid-backswing,32,0.017267078161239624,0.7299253344535828,-0.22122126817703247,0.9014759659767151
269,driver,0,3,Top,0,0.35800808668136597,-0.5098419785499573,-0.1560104489326477,0.9997708201408386
269,driver,0,3,Top,1,0.37594014406204224,-0.517620861530304,-0.1494746208190918,0.9994366765022278
269,driver,0,3,Top,2,0.37864595651626587,-0.5177791714668274,-0.1396104097366333,0.9994058609008789
269,driver,0,3,Top,3,0.3767663836479187,-0.5180290937423706,-0.13943231105804443,0.9995137453079224
269,driver,0,3,Top,4,0.36411458253860474,-0.5306079387664795,-0.1664118766784668,0.9996976852416992
269,driver,0,3,Top,5,0.3662314713001251,-0.5293474793434143,-0.18138810992240906,0.9997511506080627
269,driver,0,3,Top,6,0.3661341071128845,-0.519569456577301,-0.15906250476837158,0.9998182654380798
269,driver,0,3,Top,7,0.39685606956481934,-0.4749293625354767,-0.0736849308013916,0.9995818734169006
269,driver,0,3,Top,8,0.28059545159339905,-0.49555227160453796,-0.07652369141578674,0.9992883801460266
269,driver,0,3,Top,9,0.3725927770137787,-0.48269349336624146,-0.11776112765073776,0.9992058873176575
269,driver,0,3,Top,10,0.33349788188934326,-0.46621549129486084,-0.14973044395446777,0.9995313882827759
269,driver,0,3,Top,11,0.35096466541290283,-0.3442850708961487,-0.040904223918914795,0.9998216032981873
269,driver,0,3,Top,12,0.17657816410064697,-0.49664002656936646,0.06003546714782715,0.9998334646224976
269,driver,0,3,Top,13,0.1878950297832489,-0.46816036105155945,-0.1733279824256897,0.9387001991271973
269,driver,0,3,Top,14,-0.013177022337913513,-0.4367583096027374,-0.07952499389648438,0.7642735242843628
269,driver,0,3,Top,15,0.030002832412719727,-0.641045093536377,-0.1735020875930786,0.8963972330093384
269,driver,0,3,Top,16,-0.03581732511520386,-0.5912786722183228,-0.2588233947753906,0.9180580973625183
269,driver,0,3,Top,17,-0.018001943826675415,-0.6784206032752991,-0.17774605751037598,0.8630924820899963
269,driver,0,3,Top,18,-0.00035506486892700195,-0.6252343058586121,-0.32981085777282715,0.9393901824951172
269,driver,0,3,Top,19,-0.014972150325775146,-0.7057726979255676,-0.16459417343139648,0.8563566207885742
269,driver,0,3,Top,20,0.04754415154457092,-0.6661151647567749,-0.3375212550163269,0.9440297484397888
269,driver,0,3,Top,21,0.017863869667053223,-0.6386204957962036,-0.16605378687381744,0.7761373519897461
269,driver,0,3,Top,22,-0.018991798162460327,-0.6132456660270691,-0.27522873878479004,0.9183692336082458
269,driver,0,3,Top,23,0.07970503717660904,0.028208734467625618,0.060034722089767456,0.999971866607666
269,driver,0,3,Top,24,-0.07574134320020676,-0.03137869015336037,-0.05984234809875488,0.9999755620956421
269,driver,0,3,Top,25,0.17458844184875488,0.3758392333984375,-0.05840897560119629,0.5818401575088501
269,driver,0,3,Top,26,0.04955514520406723,0.25481852889060974,-0.2345784306526184,0.9390990138053894
269,driver,0,3,Top,27,0.08275800943374634,0.7141851782798767,0.04528937488794327,0.4140050411224365
269,driver,0,3,Top,28,-0.03698742389678955,0.6617366075515747,-0.15075743198394775,0.8709521889686584
269,driver,0,3,Top,29,0.06044682860374451,0.7372267246246338,0.06026041507720947,0.38396427035331726
269,driver,0,3,Top,30,-0.034259915351867676,0.6963436007499695,-0.18259596824645996,0.6345127820968628
269,driver,0,3,Top,31,0.1819227933883667,0.7536866068840027,0.02595221996307373,0.5631405711174011
269,driver,0,3,Top,32,0.0709364116191864,0.6929789781570435,-0.2765253782272339,0.8544200658798218
269,driver,0,4,Mid-downswing,0,0.3790728449821472,-0.4297564923763275,-0.09246966242790222,0.9996235370635986
269,driver,0,4,Mid-downswing,1,0.38982880115509033,-0.45637786388397217,-0.08487546443939209,0.9993670582771301
269,driver,0,4,Mid-downswing,2,0.39302077889442444,-0.45532456040382385,-0.07567739486694336,0.999355137348175
269,driver,0,4,Mid-downswing,3,0.39191877841949463,-0.4559774398803711,-0.07756853103637695,0.9994959831237793
269,driver,0,4,Mid-downswing,4,0.38323211669921875,-0.4618084728717804,-0.11952042579650879,0.999528169631958
269,driver,0,4,Mid-downswing,5,0.3848727345466614,-0.45886754989624023,-0.13400915265083313,0.9996190071105957
269,driver,0,4,Mid-downswing,6,0.3838590681552887,-0.44825729727745056,-0.11197757720947266,0.999657392501831
269,driver,0,4,Mid-downswing,7,0.3682844042778015,-0.4929216504096985,-0.004128932952880859,0.9996503591537476
269,driver,0,4,Mid-downswing,8,0.27521073818206787,-0.4698205590248108,-0.09088082611560822,0.9990610480308533
269,driver,0,4,Mid-downswing,9,0.3785571753978729,-0.4333376884460449,-0.050223756581544876,0.9986817240715027
269,driver,0,4,Mid-downswing,10,0.343727707862854,-0.4047878086566925,-0.1045333743095398,0.9986637830734253
269,driver,0,4,Mid-downswing,11,0.32574960589408875,-0.38047149777412415,0.10855305194854736,0.9999203681945801
269,driver,0,4,Mid-downswing,12,0.21039049327373505,-0.4770749807357788,-0.045282840728759766,0.999915361404419
269,driver,0,4,Mid-downswing,13,0.28450775146484375,-0.3179478049278259,-0.007681794464588165,0.4315687417984009
269,driver,0,4,Mid-downswing,14,0.15528370440006256,-0.2752213180065155,-0.19956517219543457,0.9775313138961792
269,driver,0,4,Mid-downswing,15,0.13449348509311676,-0.34312179684638977,-0.09028905630111694,0.2822192907333374
269,driver,0,4,Mid-downswing,16,0.24377790093421936,-0.27031439542770386,-0.23807144165039062,0.8892077207565308
269,driver,0,4,Mid-downswing,17,0.083006851375103,-0.35322660207748413,-0.10129857063293457,0.2917064428329468
269,driver,0,4,Mid-downswing,18,0.29172009229660034,-0.2601265013217926,-0.2899094820022583,0.8603476285934448
269,driver,0,4,Mid-downswing,19,0.07147489488124847,-0.38471826910972595,-0.09519892930984497,0.28055083751678467
269,driver,0,4,Mid-downswing,20,0.3320005536079407,-0.3030939996242523,-0.2842521667480469,0.8499251008033752
269,driver,0,4,Mid-downswing,21,0.11708784103393555,-0.3378433585166931,-0.09052680432796478,0.21700045466423035
269,driver,0,4,Mid-downswing,22,0.25764670968055725,-0.28629541397094727,-0.24219989776611328,0.756677508354187
269,driver,0,4,Mid-downswing,23,0.048015180975198746,0.017471257597208023,0.10774630308151245,0.9999771118164062
269,driver,0,4,Mid-downswing,24,-0.04300517961382866,-0.02016075700521469,-0.10734713077545166,0.999976396560669
269,driver,0,4,Mid-downswing,25,0.17124690115451813,0.37614572048187256,0.003816843032836914,0.5452937483787537
269,driver,0,4,Mid-downswing,26,0.11254649609327316,0.33199360966682434,-0.17951488494873047,0.98579341173172
269,driver,0,4,Mid-downswing,27,0.09871172904968262,0.7320811152458191,0.017728321254253387,0.5643376111984253
269,driver,0,4,Mid-downswing,28,-0.0605778694152832,0.6852816343307495,-0.15781259536743164,0.9651784300804138
269,driver,0,4,Mid-downswing,29,0.07781577110290527,0.759658694267273,0.02349686622619629,0.582029402256012
269,driver,0,4,Mid-downswing,30,-0.06901785731315613,0.7171635627746582,-0.19361180067062378,0.8877688050270081
269,driver,0,4,Mid-downswing,31,0.19021612405776978,0.7719936370849609,0.013139605522155762,0.756730318069458
269,driver,0,4,Mid-downswing,32,0.04598897695541382,0.7380073666572571,-0.23760074377059937,0.9593373537063599
269,driver,0,5,Impact,0,0.3593953549861908,-0.3530181646347046,-0.03548143804073334,0.9995962977409363
269,driver,0,5,Impact,1,0.3685401678085327,-0.3779659867286682,-0.0410919189453125,0.9993435740470886
269,driver,0,5,Impact,2,0.37162846326828003,-0.37710800766944885,-0.03102719783782959,0.9992337226867676
269,driver,0,5,Impact,3,0.3716857433319092,-0.37753239274024963,-0.034493446350097656,0.9993951320648193
269,driver,0,5,Impact,4,0.38397061824798584,-0.383177787065506,-0.08428347110748291,0.9996486902236938
269,driver,0,5,Impact,5,0.38633474707603455,-0.3798653483390808,-0.097184918820858,0.9997395873069763
269,driver,0,5,Impact,6,0.3876083791255951,-0.3682452440261841,-0.07601916790008545,0.9998077750205994
269,driver,0,5,Impact,7,0.2987186312675476,-0.46450135111808777,-0.0024390220642089844,0.9994500279426575
269,driver,0,5,Impact,8,0.2996330261230469,-0.40634000301361084,-0.14106428623199463,0.9995591044425964
269,driver,0,5,Impact,9,0.33444762229919434,-0.38628190755844116,-0.0042188335210084915,0.9984723925590515
269,driver,0,5,Impact,10,0.3280799388885498,-0.3458654582500458,-0.07069987058639526,0.9991756081581116
269,driver,0,5,Impact,11,0.135553240776062,-0.4352548122406006,0.13120794296264648,0.9999344348907471
269,driver,0,5,Impact,12,0.2699057459831238,-0.439180850982666,-0.08482921123504639,0.9999874830245972
269,driver,0,5,Impact,13,0.17120616137981415,-0.27549588680267334,0.20625188946723938,0.10546380281448364
269,driver,0,5,Impact,14,0.25560593605041504,-0.161973774433136,-0.14944028854370117,0.9958692193031311
269,driver,0,5,Impact,15,0.3068254292011261,-0.11775296926498413,0.2976417541503906,0.14956192672252655
269,driver,0,5,Impact,16,0.3278505504131317,-0.014613479375839233,-0.10922491550445557,0.9928908348083496
269,driver,0,5,Impact,17,0.32515567541122437,-0.11281421780586243,0.3317227363586426,0.1689329892396927
269,driver,0,5,Impact,18,0.3826426565647125,0.0037473738193511963,-0.14893263578414917,0.9851387143135071
269,driver,0,5,Impact,19,0.3371211588382721,-0.10624147951602936,0.3162993788719177,0.17245322465896606
269,driver,0,5,Impact,20,0.41667991876602173,-0.02400745451450348,-0.1343320608139038,0.9835569858551025
269,driver,0,5,Impact,21,0.3219204545021057,-0.08952795714139938,0.29473212361335754,0.15892162919044495
269,driver,0,5,Impact,22,0.34431084990501404,-0.02295427769422531,-0.10744714736938477,0.9598463773727417
269,driver,0,5,Impact,23,-0.03931533545255661,-0.01146403793245554,0.10807529091835022,0.9999383687973022
269,driver,0,5,Impact,24,0.04400205239653587,0.008186313323676586,-0.10797750949859619,0.9999628067016602
269,driver,0,5,Impact,25,0.013025745749473572,0.3936014175415039,0.09713637828826904,0.6272361874580383
269,driver,0,5,Impact,26,0.11421214044094086,0.32877612113952637,-0.06165879964828491,0.979810893535614
269,driver,0,5,Impact,27,0.03290332853794098,0.7605323791503906,0.09944561868906021,0.7808945775032043
269,driver,0,5,Impact,28,0.03303122520446777,0.7083647847175598,0.005642414093017578,0.972537636756897
269,driver,0,5,Impact,29,0.017438143491744995,0.7932196855545044,0.1064150333404541,0.8376807570457458
269,driver,0,5,Impact,30,0.03287985920906067,0.7432783246040344,-0.02600264549255371,0.9440293312072754
269,driver,0,5,Impact,31,0.10761222243309021,0.7923552393913269,0.1221393346786499,0.8049042820930481
269,driver,0,5,Impact,32,0.1538686752319336,0.7654660940170288,-0.027992546558380127,0.9232207536697388
269,driver,0,6,Mid-follow-through,0,0.3581698536872864,-0.3706457018852234,0.006287679076194763,0.9991268515586853
269,driver,0,6,Mid-follow-through,1,0.36385369300842285,-0.3936183452606201,0.00467991828918457,0.9987807869911194
269,driver,0,6,Mid-follow-through,2,0.3673330545425415,-0.39314302802085876,0.013277888298034668,0.998656153678894
269,driver,0,6,Mid-follow-through,3,0.3676072359085083,-0.39315900206565857,0.010318636894226074,0.9989827275276184
269,driver,0,6,Mid-follow-through,4,0.3792482614517212,-0.39560243487358093,-0.04075634479522705,0.9993195533752441
269,driver,0,6,Mid-follow-through,5,0.3826274573802948,-0.3928936719894409,-0.052627816796302795,0.9994640946388245
269,driver,0,6,Mid-follow-through,6,0.38513797521591187,-0.3812568187713623,-0.032086074352264404,0.9996097683906555
269,driver,0,6,Mid-follow-through,7,0.28846949338912964,-0.47096216678619385,0.031166553497314453,0.999135434627533
269,driver,0,6,Mid-follow-through,8,0.29068779945373535,-0.4032728970050812,-0.10038292407989502,0.999119222164154
269,driver,0,6,Mid-follow-through,9,0.32936954498291016,-0.40087634325027466,0.03477128595113754,0.9969801306724548
269,driver,0,6,Mid-follow-through,10,0.3254563808441162,-0.35663217306137085,-0.03205060958862305,0.9977802634239197
269,driver,0,6,Mid-follow-through,11,0.13046307861804962,-0.4381270110607147,0.1373242735862732,0.9999077320098877
269,driver,0,6,Mid-follow-through,12,0.24322724342346191,-0.4215916693210602,-0.03760719299316406,0.999956488609314
269,driver,0,6,Mid-follow-through,13,0.17856711149215698,-0.30560269951820374,0.1800738275051117,0.03900165855884552
269,driver,0,6,Mid-follow-through,14,0.22968387603759766,-0.157907634973526,-0.05582249164581299,0.9707285165786743
269,driver,0,6,Mid-follow-through,15,0.2977491021156311,-0.1597612351179123,0.24715113639831543,0.03529411926865578
269,driver,0,6,Mid-follow-through,16,0.28246447443962097,-0.14839324355125427,0.02990114688873291,0.970054566860199
269,driver,0,6,Mid-follow-through,17,0.3188858926296234,-0.15259146690368652,0.2762643098831177,0.047453366219997406
269,driver,0,6,Mid-follow-through,18,0.3391009569168091,-0.17151576280593872,0.0028440505266189575,0.9565275311470032
269,driver,0,6,Mid-follow-through,19,0.327121764421463,-0.13835465908050537,0.2635130286216736,0.045658089220523834
269,driver,0,6,Mid-follow-through,20,0.35986143350601196,-0.2180877923965454,0.013132870197296143,0.9515417218208313
269,driver,0,6,Mid-follow-through,21,0.3105405569076538,-0.13030904531478882,0.24142462015151978,0.04497604817152023
269,driver,0,6,Mid-follow-through,22,0.29195040464401245,-0.17430174350738525,0.03116464614868164,0.8940912485122681
269,driver,0,6,Mid-follow-through,23,-0.03081328235566616,-0.004587938543409109,0.09402740001678467,0.9999643564224243
269,driver,0,6,Mid-follow-through,24,0.03630485013127327,0.00035639386624097824,-0.09455716609954834,0.9999698400497437
269,driver,0,6,Mid-follow-through,25,-0.0025395452976226807,0.3948935866355896,0.023400306701660156,0.7004539966583252
269,driver,0,6,Mid-follow-through,26,0.10154079645872116,0.330464631319046,-0.10875898599624634,0.9814997911453247
269,driver,0,6,Mid-follow-through,27,-9.299814701080322e-05,0.7625246644020081,-0.037916891276836395,0.87321537733078
269,driver,0,6,Mid-follow-through,28,0.04623693227767944,0.7215072512626648,-0.11596918106079102,0.9762768149375916
269,driver,0,6,Mid-follow-through,29,-0.017830386757850647,0.7972232699394226,-0.036814332008361816,0.91823810338974
269,driver,0,6,Mid-follow-through,30,0.046646833419799805,0.7579193115234375,-0.15509819984436035,0.9464930295944214
269,driver,0,6,Mid-follow-through,31,0.07734332978725433,0.8199750781059265,-0.019472122192382812,0.8751115798950195
269,driver,0,6,Mid-follow-through,32,0.15456420183181763,0.7907392382621765,-0.16113592684268951,0.9362204074859619
269,driver,0,7,Finish,0,-0.06676404178142548,-0.5810489654541016,0.050418272614479065,0.9961761236190796
269,driver,0,7,Finish,1,-0.06534122675657272,-0.5955179929733276,0.012351512908935547,0.9960387945175171
269,driver,0,7,Finish,2,-0.06301217526197433,-0.5956689715385437,0.02241337299346924,0.9953354001045227
269,driver,0,7,Finish,3,-0.06387020647525787,-0.5977163314819336,0.01934051513671875,0.9968208074569702
269,driver,0,7,Finish,4,-0.039290886372327805,-0.6076980233192444,0.013653993606567383,0.9965320825576782
269,driver,0,7,Finish,5,-0.0339156873524189,-0.6064294576644897,0.0009319037199020386,0.9961376786231995
269,driver,0,7,Finish,6,-0.028405092656612396,-0.5967171788215637,0.023139119148254395,0.9973241090774536
269,driver,0,7,Finish,7,-0.030621899291872978,-0.5792421102523804,-0.08420658111572266,0.9976338148117065
269,driver,0,7,Finish,8,0.054468099027872086,-0.5406033396720886,0.014758296310901642,0.9945108890533447
269,driver,0,7,Finish,9,-0.041026219725608826,-0.5656232833862305,0.04215770214796066,0.9921026825904846
269,driver,0,7,Finish,10,-0.01679345592856407,-0.5326741933822632,0.039341866970062256,0.9904279708862305
269,driver,0,7,Finish,11,-0.0608297735452652,-0.46173015236854553,-0.08309650421142578,0.9998575448989868
269,driver,0,7,Finish,12,0.12832698225975037,-0.5129266381263733,0.171891450881958,0.9993600249290466
269,driver,0,7,Finish,13,-0.14977233111858368,-0.3715006113052368,-0.2004220187664032,0.7448315024375916
269,driver,0,7,Finish,14,0.04045943170785904,-0.30346164107322693,0.21303260326385498,0.0047661978751420975
269,driver,0,7,Finish,15,-0.13417218625545502,-0.5150774717330933,-0.1386706829071045,0.22529450058937073
269,driver,0,7,Finish,16,-0.0678689181804657,-0.339706689119339,0.2828720808029175,0.006912598852068186
269,driver,0,7,Finish,17,-0.12446889281272888,-0.5757924318313599,-0.13318371772766113,0.24843348562717438
269,driver,0,7,Finish,18,-0.03829685598611832,-0.3680647909641266,0.2737041413784027,0.01224000658839941
269,driver,0,7,Finish,19,-0.10480931401252747,-0.5859029293060303,-0.12094444036483765,0.23309136927127838
269,driver,0,7,Finish,20,-0.03863726928830147,-0.41484877467155457,0.2594609260559082,0.012719623744487762
269,driver,0,7,Finish,21,-0.10978612303733826,-0.5148020386695862,-0.13405443727970123,0.1663905531167984
269,driver,0,7,Finish,22,-0.07674345374107361,-0.36436060070991516,0.27230072021484375,0.01259569637477398
269,driver,0,7,Finish,23,-0.05272115021944046,0.0006785979494452477,-0.029776036739349365,0.9999474287033081
269,driver,0,7,Finish,24,0.05444570630788803,-0.007186958100646734,0.029033303260803223,0.9999430179595947
269,driver,0,7,Finish,25,-0.07814422249794006,0.4486338198184967,-0.05001842975616455,0.4585224688053131
269,driver,0,7,Finish,26,0.09684202075004578,0.305257648229599,0.006047844886779785,0.2852156162261963
269,driver,0,7,Finish,27,-0.02402176707983017,0.7988542914390564,-0.06702964752912521,0.7134349346160889
269,driver,0,7,Finish,28,0.12048031389713287,0.7039244174957275,-0.01959216594696045,0.43976637721061707
269,driver,0,7,Finish,29,-0.04223468154668808,0.8367840647697449,-0.058270931243896484,0.7298254370689392
269,driver,0,7,Finish,30,0.11870846152305603,0.7367236018180847,-0.057737886905670166,0.5383581519126892
269,driver,0,7,Finish,31,-0.04073960334062576,0.8818110227584839,-0.0413818359375,0.44718775153160095
269,driver,0,7,Finish,32,0.13223141431808472,0.7818959951400757,-0.05286959558725357,0.2765647768974304
270,driver,1,0,Address,0,0.37900495529174805,-0.4509585499763489,-0.1990814507007599,0.9995588660240173
270,driver,1,0,Address,1,0.3835052251815796,-0.4839748442173004,-0.20386803150177002,0.9995056390762329
270,driver,1,0,Address,2,0.38564005494117737,-0.48206108808517456,-0.1915569305419922,0.9993409514427185
270,driver,1,0,Address,3,0.38520318269729614,-0.4828658401966095,-0.1951984167098999,0.9995365142822266
270,driver,1,0,Address,4,0.385926753282547,-0.4837864637374878,-0.24049735069274902,0.9997484087944031
270,driver,1,0,Address,5,0.386066198348999,-0.48025673627853394,-0.2530509829521179,0.9997856020927429
270,driver,1,0,Address,6,0.38538262248039246,-0.4697933793067932,-0.2313811182975769,0.9998670816421509
270,driver,1,0,Address,7,0.3269156515598297,-0.5212222933769226,-0.1352684497833252,0.999167799949646
270,driver,1,0,Address,8,0.2684705853462219,-0.4634256362915039,-0.24688483774662018,0.9994305968284607
270,driver,1,0,Address,9,0.36954689025878906,-0.453665554523468,-0.15897926688194275,0.9980171918869019
270,driver,1,0,Address,10,0.3419024646282196,-0.4140056371688843,-0.21702176332473755,0.9988526105880737
270,driver,1,0,Address,11,0.22651910781860352,-0.41537657380104065,0.05131053924560547,0.9995563626289368
270,driver,1,0,Address,12,0.26648807525634766,-0.3880697786808014,-0.17391836643218994,0.9999299049377441
270,driver,1,0,Address,13,0.19494116306304932,-0.26426130533218384,0.12396866083145142,0.019114039838314056
270,driver,1,0,Address,14,0.279685914516449,-0.08067474514245987,-0.2487030029296875,0.9559747576713562
270,driver,1,0,Address,15,0.21085834503173828,-0.10093867778778076,0.16922366619110107,0.017809869721531868
270,driver,1,0,Address,16,0.31210237741470337,0.08174597471952438,-0.23764634132385254,0.8779628276824951
270,driver,1,0,Address,17,0.20866945385932922,-0.08865704387426376,0.19058620929718018,0.02399028278887272
270,driver,1,0,Address,18,0.3476088345050812,0.11470364034175873,-0.28678473830223083,0.8260291218757629
270,driver,1,0,Address,19,0.21192191541194916,-0.08356310427188873,0.171450674533844,0.024912578985095024
270,driver,1,0,Address,20,0.37983497977256775,0.09484639018774033,-0.279043972492218,0.818422794342041
270,driver,1,0,Address,21,0.2113553285598755,-0.07301487028598785,0.16246342658996582,0.02061348408460617
270,driver,1,0,Address,22,0.3255557715892792,0.08035650849342346,-0.24240732192993164,0.6957186460494995
270,driver,1,0,Address,23,0.011255436576902866,-0.006240055896341801,0.11010412871837616,0.999924898147583
270,driver,1,0,Address,24,-0.006168809253722429,0.0034780579153448343,-0.10851728916168213,0.9999614953994751
270,driver,1,0,Address,25,0.11824248731136322,0.3835282027721405,0.0404360294342041,0.2924897074699402
270,driver,1,0,Address,26,0.07989395409822464,0.3190993666648865,-0.15564411878585815,0.8494517803192139
270,driver,1,0,Address,27,0.08339130878448486,0.7474035024642944,0.07235207408666611,0.4892248809337616
270,driver,1,0,Address,28,-0.04921931028366089,0.694491446018219,-0.08713209629058838,0.8915721774101257
270,driver,1,0,Address,29,0.06612622737884521,0.7754901647567749,0.07986736297607422,0.4819556176662445
270,driver,1,0,Address,30,-0.05401250720024109,0.7286393046379089,-0.11866748332977295,0.7568806409835815
270,driver,1,0,Address,31,0.1803511679172516,0.7765998244285583,0.052919983863830566,0.6129076480865479
270,driver,1,0,Address,32,0.060335129499435425,0.7521173357963562,-0.16959156095981598,0.8520525097846985
270,driver,1,1,Toe-up,0,0.31842780113220215,-0.47057080268859863,-0.2093198299407959,0.9970773458480835
270,driver,1,1,Toe-up,1,0.33825981616973877,-0.48894819617271423,-0.20236217975616455,0.9922860860824585
270,driver,1,1,Toe-up,2,0.34229469299316406,-0.48620522022247314,-0.19285666942596436,0.9927237629890442
270,driver,1,1,Toe-up,3,0.3398812413215637,-0.48695334792137146,-0.19524705410003662,0.9940701127052307
270,driver,1,1,Toe-up,4,0.3308488428592682,-0.4999765157699585,-0.2317655086517334,0.9957707524299622
270,driver,1,1,Toe-up,5,0.3321901261806488,-0.49713045358657837,-0.24435128271579742,0.9971501231193542
270,driver,1,1,Toe-up,6,0.3323421776294708,-0.48637327551841736,-0.22283899784088135,0.9977278113365173
270,driver,1,1,Toe-up,7,0.3326982855796814,-0.48920050263404846,-0.10853004455566406,0.9945549964904785
270,driver,1,1,Toe-up,8,0.23688960075378418,-0.5039418339729309,-0.17622199654579163,0.9943072199821472
270,driver,1,1,Toe-up,9,0.32464611530303955,-0.46315374970436096,-0.1646094024181366,0.9963434338569641
270,driver,1,1,Toe-up,10,0.2885797917842865,-0.44500359892845154,-0.21271216869354248,0.997603714466095
270,driver,1,1,Toe-up,11,0.31352412700653076,-0.3421631157398224,0.02440851926803589,0.9998362064361572
270,driver,1,1,Toe-up,12,0.13879600167274475,-0.5008237957954407,-0.07695364952087402,0.9999167919158936
270,driver,1,1,Toe-up,13,0.29707884788513184,-0.16477039456367493,-0.03725321963429451,0.5685171484947205
270,driver,1,1,Toe-up,14,0.06008732691407204,-0.23244574666023254,-0.12620234489440918,0.9294975996017456
270,driver,1,1,Toe-up,15,0.2527509033679962,-0.09685427695512772,-0.1636388897895813,0.41621777415275574
270,driver,1,1,Toe-up,16,0.11805188655853271,-0.0905228704214096,-0.16952359676361084,0.904547393321991
270,driver,1,1,Toe-up,17,0.23388150334358215,-0.07829242199659348,-0.19131338596343994,0.4925212860107422
270,driver,1,1,Toe-up,18,0.15744750201702118,-0.03897226229310036,-0.2263427972793579,0.9006565809249878
270,driver,1,1,Toe-up,19,0.22283533215522766,-0.11729951202869415,-0.20328360795974731,0.5025801658630371
270,driver,1,1,Toe-up,20,0.22329702973365784,-0.0728871151804924,-0.23741090297698975,0.9054294228553772
270,driver,1,1,Toe-up,21,0.2410479485988617,-0.09002301096916199,-0.1753544807434082,0.4318584203720093
270,driver,1,1,Toe-up,22,0.14595580101013184,-0.09222348034381866,-0.18334507942199707,0.8422315716743469
270,driver,1,1,Toe-up,23,0.07433632761240005,0.024620629847049713,0.08332861959934235,0.9999537467956543
270,driver,1,1,Toe-up,24,-0.06936202198266983,-0.026511870324611664,-0.08231699466705322,0.9999533891677856
270,driver,1,1,Toe-up,25,0.11982990801334381,0.38258492946624756,-0.11848199367523193,0.7542763948440552
270,driver,1,1,Toe-up,26,0.026843026280403137,0.2798725366592407,-0.24397307634353638,0.9336062669754028
270,driver,1,1,Toe-up,27,0.06461396813392639,0.7375563979148865,-0.09727727621793747,0.6248268485069275
270,driver,1,1,Toe-up,28,-0.06293094158172607,0.6853429675102234,-0.18707585334777832,0.8370829224586487
270,driver,1,1,Toe-up,29,0.04759472608566284,0.7652072906494141,-0.09134769439697266,0.5999208092689514
270,driver,1,1,Toe-up,30,-0.0626884400844574,0.7225172519683838,-0.21954292058944702,0.6528534293174744
270,driver,1,1,Toe-up,31,0.1640452742576599,0.7774291038513184,-0.13279378414154053,0.7265634536743164
270,driver,1,1,Toe-up,32,0.019945979118347168,0.7207590341567993,-0.29089105129241943,0.8010979890823364
270,driver,1,2,Mid-backswing,0,0.31914255023002625,-0.48738253116607666,-0.12256810069084167,0.9998424053192139
270,driver,1,2,Mid-backswing,1,0.33516180515289307,-0.5035727620124817,-0.11199188232421875,0.9997177720069885
270,driver,1,2,Mid-backswing,2,0.3392906188964844,-0.5030254125595093,-0.10244178771972656,0.9996845722198486
270,driver,1,2,Mid-backswing,3,0.33733052015304565,-0.5039434432983398,-0.10499989986419678,0.9997830986976624
270,driver,1,2,Mid-backswing,4,0.32486480474472046,-0.5186934471130371,-0.140982985496521,0.9997782111167908
270,driver,1,2,Mid-backswing,5,0.32724693417549133,-0.5160508751869202,-0.15569064021110535,0.9998007416725159
270,driver,1,2,Mid-backswing,6,0.3268294930458069,-0.5058642029762268,-0.13370388746261597,0.9998331069946289
270,driver,1,2,Mid-backswing,7,0.3341362476348877,-0.5068104267120361,-0.017240524291992188,0.9998553991317749
270,driver,1,2,Mid-backswing,8,0.22766447067260742,-0.5191280245780945,-0.07907167822122574,0.9995198249816895
270,driver,1,2,Mid-backswing,9,0.3245493173599243,-0.48076707124710083,-0.07600552588701248,0.9996106028556824
270,driver,1,2,Mid-backswing,10,0.2874261140823364,-0.4623986482620239,-0.1241464614868164,0.9996193647384644
270,driver,1,2,Mid-backswing,11,0.3085426390171051,-0.37527090311050415,0.06662166118621826,0.9999604225158691
270,driver,1,2,Mid-backswing,12,0.127396821975708,-0.5386730432510376,0.004732370376586914,0.999941349029541
270,driver,1,2,Mid-backswing,13,0.25603169202804565,-0.30742788314819336,-0.06581119447946548,0.9197094440460205
270,driver,1,2,Mid-backswing,14,0.05622377246618271,-0.37630945444107056,-0.1621382236480713,0.9798287749290466
270,driver,1,2,Mid-backswing,15,0.08765615522861481,-0.33343392610549927,-0.14025259017944336,0.811852753162384
270,driver,1,2,Mid-backswing,16,0.20523709058761597,-0.3353978097438812,-0.23156070709228516,0.941878080368042
270,driver,1,2,Mid-backswing,17,0.02935023605823517,-0.3369022011756897,-0.1492931842803955,0.7313053607940674
270,driver,1,2,Mid-backswing,18,0.27553436160087585,-0.3115253150463104,-0.28088587522506714,0.9037440419197083
270,driver,1,2,Mid-backswing,19,0.014345988631248474,-0.3695474863052368,-0.1408507227897644,0.708929717540741
270,driver,1,2,Mid-backswing,20,0.32368284463882446,-0.35576802492141724,-0.2751588225364685,0.8944002985954285
270,driver,1,2,Mid-backswing,21,0.06946692615747452,-0.3280170261859894,-0.13745863735675812,0.6124789118766785
270,driver,1,2,Mid-backswing,22,0.22931526601314545,-0.3469240963459015,-0.23553705215454102,0.8246022462844849
270,driver,1,2,Mid-backswing,23,0.07227828353643417,0.021333875134587288,0.07928009331226349,0.9999783039093018
270,driver,1,2,Mid-backswing,24,-0.0680970624089241,-0.025018589571118355,-0.07921254634857178,0.9999765157699585
270,driver,1,2,Mid-backswing,25,0.13471294939517975,0.40346381068229675,-0.02229321002960205,0.5898077487945557
270,driver,1,2,Mid-backswing,26,0.03914996236562729,0.28979334235191345,-0.19177114963531494,0.9589073657989502
270,driver,1,2,Mid-backswing,27,0.07064804434776306,0.7385344505310059,0.0052476078271865845,0.45762547850608826
270,driver,1,2,Mid-backswing,28,-0.06936311721801758,0.6870163679122925,-0.16039156913757324,0.8856968283653259
270,driver,1,2,Mid-backswing,29,0.048424869775772095,0.7639814615249634,0.012979745864868164,0.3785954713821411
270,driver,1,2,Mid-backswing,30,-0.06987437605857849,0.721771240234375,-0.19655483961105347,0.6445857882499695
270,driver,1,2,Mid-backswing,31,0.1455405056476593,0.7767248749732971,-0.01736295223236084,0.645710289478302
270,driver,1,2,Mid-backswing,32,0.026399582624435425,0.7326934337615967,-0.2686920166015625,0.8816310167312622
270,driver,1,3,Top,0,0.3653331995010376,-0.48615264892578125,-0.15518181025981903,0.9997203946113586
270,driver,1,3,Top,1,0.37811964750289917,-0.4994106888771057,-0.14910972118377686,0.9992554783821106
270,driver,1,3,Top,2,0.38054126501083374,-0.49952495098114014,-0.1393204927444458,0.999276340007782
270,driver,1,3,Top,3,0.37887048721313477,-0.49947601556777954,-0.13890743255615234,0.9994155168533325
270,driver,1,3,Top,4,0.36698654294013977,-0.5089863538742065,-0.169746994972229,0.9995771050453186
270,driver,1,3,Top,5,0.36847785115242004,-0.5070252418518066,-0.1842574030160904,0.9996540546417236
270,driver,1,3,Top,6,0.36818403005599976,-0.49703001976013184,-0.1621125340461731,0.9997379183769226
270,driver,1,3,Top,7,0.3902943432331085,-0.47227394580841064,-0.0745389461517334,0.9995759129524231
270,driver,1,3,Top,8,0.2747614085674286,-0.4772461950778961,-0.09108538925647736,0.9990594983100891
270,driver,1,3,Top,9,0.3792791962623596,-0.4628395438194275,-0.11765991151332855,0.9993172883987427
270,driver,1,3,Top,10,0.33961576223373413,-0.4413794279098511,-0.15332895517349243,0.9995033740997314
270,driver,1,3,Top,11,0.34671545028686523,-0.34509825706481934,-0.028775274753570557,0.9998759031295776
270,driver,1,3,Top,12,0.178791344165802,-0.4746455252170563,0.03956246376037598,0.9997920393943787
270,driver,1,3,Top,13,0.19811061024665833,-0.4566543698310852,-0.13570809364318848,0.9519065618515015
270,driver,1,3,Top,14,-0.024197280406951904,-0.4029373228549957,-0.08862531185150146,0.7586976885795593
270,driver,1,3,Top,15,0.03006717562675476,-0.6411387324333191,-0.12026721239089966,0.9129665493965149
270,driver,1,3,Top,16,-0.04155673086643219,-0.5578137636184692,-0.247550368309021,0.8662801384925842
270,driver,1,3,Top,17,-0.022985488176345825,-0.6768108606338501,-0.12320935726165771,0.8717360496520996
270,driver,1,3,Top,18,-0.005819231271743774,-0.5856537222862244,-0.31493133306503296,0.8931021094322205
270,driver,1,3,Top,19,-0.019939720630645752,-0.7083057761192322,-0.11128610372543335,0.8655723333358765
270,driver,1,3,Top,20,0.04560020565986633,-0.6284868717193604,-0.3207646608352661,0.9019587635993958
270,driver,1,3,Top,21,0.01760786771774292,-0.6406614780426025,-0.11429478228092194,0.8002939820289612
270,driver,1,3,Top,22,-0.024448543787002563,-0.5794038772583008,-0.2617168426513672,0.8682262301445007
270,driver,1,3,Top,23,0.07484626770019531,0.027584876865148544,0.06269103288650513,0.9999524354934692
270,driver,1,3,Top,24,-0.07099641114473343,-0.030651278793811798,-0.0625917911529541,0.9999511241912842
270,driver,1,3,Top,25,0.17926374077796936,0.34855902194976807,-0.09474813938140869,0.5859204530715942
270,driver,1,3,Top,26,0.060754090547561646,0.2727346420288086,-0.23129665851593018,0.928504467010498
270,driver,1,3,Top,27,0.09694346785545349,0.707564115524292,-0.03134439140558243,0.31517520546913147
270,driver,1,3,Top,28,-0.020058631896972656,0.6728832125663757,-0.1590275764465332,0.8131422996520996
270,driver,1,3,Top,29,0.0747804045677185,0.7317078709602356,-0.02001488208770752,0.30251964926719666
270,driver,1,3,Top,30,-0.01707744598388672,0.7072064876556396,-0.18981802463531494,0.5994347929954529
270,driver,1,3,Top,31,0.18500515818595886,0.7468706369400024,-0.06078827381134033,0.4376298487186432
270,driver,1,3,Top,32,0.09826311469078064,0.707160472869873,-0.2748734652996063,0.7781426906585693
270,driver,1,4,Mid-downswing,0,0.37618350982666016,-0.3921957015991211,-0.06769987940788269,0.9997754693031311
270,driver,1,4,Mid-downswing,1,0.39268216490745544,-0.4171793460845947,-0.06077778339385986,0.9996936321258545
270,driver,1,4,Mid-downswing,2,0.39672163128852844,-0.41547244787216187,-0.05176186561584473,0.9996986389160156
270,driver,1,4,Mid-downswing,3,0.3957553207874298,-0.4160110056400299,-0.05417752265930176,0.9997853636741638
270,driver,1,4,Mid-downswing,4,0.38690459728240967,-0.4240671694278717,-0.093239426612854,0.9997074007987976
270,driver,1,4,Mid-downswing,5,0.38834697008132935,-0.42123928666114807,-0.10763116180896759,0.9997394680976868
270,driver,1,4,Mid-downswing,6,0.3863661587238312,-0.4116877019405365,-0.08580935001373291,0.9997490048408508
270,driver,1,4,Mid-downswing,7,0.3840966522693634,-0.45446959137916565,0.02300238609313965,0.999889612197876
270,driver,1,4,Mid-downswing,8,0.2887696623802185,-0.44779834151268005,-0.05397468060255051,0.999380350112915
270,driver,1,4,Mid-downswing,9,0.3788497745990753,-0.39560288190841675,-0.026850640773773193,0.9995241165161133
270,driver,1,4,Mid-downswing,10,0.3410367965698242,-0.3731861412525177,-0.07742750644683838,0.9993805885314941
270,driver,1,4,Mid-downswing,11,0.3509286940097809,-0.3459590971469879,0.12841153144836426,0.9999767541885376
270,driver,1,4,Mid-downswing,12,0.2078966200351715,-0.46435701847076416,-0.0020786523818969727,0.9999198913574219
270,driver,1,4,Mid-downswing,13,0.29304376244544983,-0.2596241235733032,0.018485039472579956,0.888100266456604
270,driver,1,4,Mid-downswing,14,0.10541689395904541,-0.2516110837459564,-0.1716456413269043,0.9929857850074768
270,driver,1,4,Mid-downswing,15,0.1310763657093048,-0.26938220858573914,-0.06665438413619995,0.8779586553573608
270,driver,1,4,Mid-downswing,16,0.24633163213729858,-0.24149392545223236,-0.2407606840133667,0.9756911396980286
270,driver,1,4,Mid-downswing,17,0.07379848510026932,-0.27768316864967346,-0.07697248458862305,0.8452866077423096
270,driver,1,4,Mid-downswing,18,0.3064485788345337,-0.22653646767139435,-0.29358333349227905,0.961378276348114
270,driver,1,4,Mid-downswing,19,0.0637645274400711,-0.3138335943222046,-0.07174217700958252,0.8351932764053345
270,driver,1,4,Mid-downswing,20,0.3586960434913635,-0.27468761801719666,-0.28356415033340454,0.9574477672576904
270,driver,1,4,Mid-downswing,21,0.11063262820243835,-0.26558637619018555,-0.06656438857316971,0.762575089931488
270,driver,1,4,Mid-downswing,22,0.2676463723182678,-0.259291410446167,-0.2439281940460205,0.9217256903648376
270,driver,1,4,Mid-downswing,23,0.04898900166153908,0.02438591979444027,0.10418619215488434,0.9999833106994629
270,driver,1,4,Mid-downswing,24,-0.043817419558763504,-0.026477990671992302,-0.10369527339935303,0.9999779462814331
270,driver,1,4,Mid-downswing,25,0.16381597518920898,0.3906594216823578,0.023724079132080078,0.7633063197135925
270,driver,1,4,Mid-downswing,26,0.14835816621780396,0.27456510066986084,-0.200344979763031,0.9961255192756653
270,driver,1,4,Mid-downswing,27,0.09488192200660706,0.7328453063964844,0.043602026998996735,0.7886861562728882
270,driver,1,4,Mid-downswing,28,-0.0172368586063385,0.6418560147285461,-0.17459654808044434,0.9892778396606445
270,driver,1,4,Mid-downswing,29,0.07314187288284302,0.7581081390380859,0.050159335136413574,0.7762514352798462
270,driver,1,4,Mid-downswing,30,-0.0259668231010437,0.6764741539955139,-0.20912683010101318,0.9698101878166199
270,driver,1,4,Mid-downswing,31,0.17941981554031372,0.7931357622146606,0.03944075107574463,0.8815170526504517
270,driver,1,4,Mid-downswing,32,0.07995140552520752,0.7114964127540588,-0.24765022099018097,0.9866738319396973
270,driver,1,5,Impact,0,0.36447227001190186,-0.344457745552063,-0.06949228048324585,0.9999480247497559
270,driver,1,5,Impact,1,0.37759894132614136,-0.37319135665893555,-0.07562553882598877,0.9999198913574219
270,driver,1,5,Impact,2,0.38052791357040405,-0.37221434712409973,-0.06457650661468506,0.9999271631240845
270,driver,1,5,Impact,3,0.38083913922309875,-0.3728218376636505,-0.06852638721466064,0.999953031539917
270,driver,1,5,Impact,4,0.38751184940338135,-0.3750840425491333,-0.11708188056945801,0.9999246597290039
270,driver,1,5,Impact,5,0.3889182209968567,-0.37185826897621155,-0.129163920879364,0.9999347925186157
270,driver,1,5,Impact,6,0.38763970136642456,-0.3597103953361511,-0.10852676630020142,0.9999381303787231
270,driver,1,5,Impact,7,0.3213731646537781,-0.45488348603248596,-0.025696277618408203,0.999956488609314
270,driver,1,5,Impact,8,0.29338833689689636,-0.39731788635253906,-0.15822014212608337,0.9998206496238708
270,driver,1,5,Impact,9,0.34914258122444153,-0.3704482614994049,-0.03697478026151657,0.9998005032539368
270,driver,1,5,Impact,10,0.33018845319747925,-0.3320907652378082,-0.09946906566619873,0.9997671246528625
270,driver,1,5,Impact,11,0.22276687622070312,-0.3871229290962219,0.1197054386138916,0.999995231628418
270,driver,1,5,Impact,12,0.2628299593925476,-0.4115707278251648,-0.09339272975921631,0.9999805688858032
270,driver,1,5,Impact,13,0.30633991956710815,-0.1859552562236786,0.14869742095470428,0.43524691462516785
270,driver,1,5,Impact,14,0.26926088333129883,-0.14047566056251526,-0.17914295196533203,0.9437552094459534
270,driver,1,5,Impact,15,0.40008115768432617,0.04726259410381317,0.1687403917312622,0.6618794202804565
270,driver,1,5,Impact,16,0.3068198263645172,0.001422792673110962,-0.15834856033325195,0.786558210849762
270,driver,1,5,Impact,17,0.42285245656967163,0.061796560883522034,0.1919616460800171,0.5825945734977722
270,driver,1,5,Impact,18,0.34717094898223877,0.016341015696525574,-0.19677075743675232,0.7048474550247192
270,driver,1,5,Impact,19,0.42495545744895935,0.06845127046108246,0.16732639074325562,0.6006523966789246
270,driver,1,5,Impact,20,0.38038650155067444,-0.00818614661693573,-0.18070662021636963,0.6913709044456482
270,driver,1,5,Impact,21,0.40820860862731934,0.07726838439702988,0.15869787335395813,0.5370168685913086
270,driver,1,5,Impact,22,0.32133451104164124,-0.003946065902709961,-0.1583864688873291,0.5610034465789795
270,driver,1,5,Impact,23,-0.004061001818627119,-0.002080108504742384,0.10190697014331818,0.9999759197235107
270,driver,1,5,Impact,24,0.009492052718997002,4.9606431275606155e-05,-0.10114479064941406,0.999968409538269
270,driver,1,5,Impact,25,0.03783304989337921,0.3934948444366455,0.07753539085388184,0.12859587371349335
270,driver,1,5,Impact,26,0.1336611658334732,0.3208666443824768,-0.11327582597732544,0.8537320494651794
270,driver,1,5,Impact,27,0.056367337703704834,0.7805078625679016,0.11379540711641312,0.22880694270133972
270,driver,1,5,Impact,28,0.04858633875846863,0.7151677012443542,-0.06775891780853271,0.8476189970970154
270,driver,1,5,Impact,29,0.043717265129089355,0.8109097480773926,0.12117266654968262,0.31912678480148315
270,driver,1,5,Impact,30,0.04826423525810242,0.750617504119873,-0.09992003440856934,0.7951614260673523
270,driver,1,5,Impact,31,0.12980473041534424,0.7881728410720825,0.11891484260559082,0.4570067822933197
270,driver,1,5,Impact,32,0.1534150242805481,0.765566349029541,-0.10894058644771576,0.8233239650726318
270,driver,1,6,Mid-follow-through,0,0.3503594398498535,-0.3915325403213501,0.001181475818157196,0.9979902505874634
270,driver,1,6,Mid-follow-through,1,0.3531529903411865,-0.4103548228740692,-0.007957220077514648,0.9978241920471191
270,driver,1,6,Mid-follow-through,2,0.3564625680446625,-0.41031450033187866,0.001901388168334961,0.9976121187210083
270,driver,1,6,Mid-follow-through,3,0.3562895655632019,-0.4110449552536011,-0.0007117986679077148,0.9983071088790894
270,driver,1,6,Mid-follow-through,4,0.37573444843292236,-0.41569823026657104,-0.05092895030975342,0.9985620379447937
270,driver,1,6,Mid-follow-through,5,0.3786628246307373,-0.4125248193740845,-0.06294599920511246,0.9987168312072754
270,driver,1,6,Mid-follow-through,6,0.3813961148262024,-0.40084561705589294,-0.042161524295806885,0.9990399479866028
270,driver,1,6,Mid-follow-through,7,0.271163672208786,-0.4747870862483978,0.001399993896484375,0.9989222288131714
270,driver,1,6,Mid-follow-through,8,0.29865264892578125,-0.4118984043598175,-0.12226375937461853,0.9980754852294922
270,driver,1,6,Mid-follow-through,9,0.31976136565208435,-0.4164885878562927,0.025989510118961334,0.9941410422325134
270,driver,1,6,Mid-follow-through,10,0.32260972261428833,-0.3743840157985687,-0.03718000650405884,0.9946728348731995
270,driver,1,6,Mid-follow-through,11,0.08587521314620972,-0.4357552230358124,0.0918838381767273,0.9998605251312256
270,driver,1,6,Mid-follow-through,12,0.2713260352611542,-0.4303820729255676,-0.03518819808959961,0.9998500347137451
270,driver,1,6,Mid-follow-through,13,0.10493570566177368,-0.2730565667152405,0.1769518256187439,0.01672726683318615
270,driver,1,6,Mid-follow-through,14,0.2945924699306488,-0.16244706511497498,-0.011393129825592041,0.7486050128936768
270,driver,1,6,Mid-follow-through,15,0.2338886559009552,-0.18929344415664673,0.3611999750137329,0.004915076773613691
270,driver,1,6,Mid-follow-through,16,0.29928815364837646,-0.19646480679512024,0.15311646461486816,0.43999770283699036
270,driver,1,6,Mid-follow-through,17,0.25913161039352417,-0.2021847665309906,0.4054783582687378,0.00740095367655158
270,driver,1,6,Mid-follow-through,18,0.34828487038612366,-0.23185622692108154,0.140478253364563,0.40385672450065613
270,driver,1,6,Mid-follow-through,19,0.26962345838546753,-0.19499705731868744,0.39645862579345703,0.007327389903366566
270,driver,1,6,Mid-follow-through,20,0.3516444265842438,-0.2755918502807617,0.1465875506401062,0.38976800441741943
270,driver,1,6,Mid-follow-through,21,0.2515130341053009,-0.16575783491134644,0.36105555295944214,0.007956874556839466
270,driver,1,6,Mid-follow-through,22,0.29940229654312134,-0.22544366121292114,0.15283870697021484,0.2622455358505249
270,driver,1,6,Mid-follow-through,23,-0.04809526726603508,-0.009425683878362179,0.08557988703250885,0.9999455213546753
270,driver,1,6,Mid-follow-through,24,0.053729839622974396,0.00480774138122797,-0.08652019500732422,0.9999493360519409
270,driver,1,6,Mid-follow-through,25,-0.021073706448078156,0.4010066092014313,0.0816502571105957,0.49103689193725586
270,driver,1,6,Mid-follow-through,26,0.11538925766944885,0.3116874396800995,-0.0789523720741272,0.9588629603385925
270,driver,1,6,Mid-follow-through,27,0.010625272989273071,0.7563477754592896,0.07748520374298096,0.7362659573554993
270,driver,1,6,Mid-follow-through,28,0.06065569818019867,0.708013117313385,-0.05261194705963135,0.9509586691856384
270,driver,1,6,Mid-follow-through,29,-0.005240082740783691,0.7901600003242493,0.08498060703277588,0.8379436135292053
270,driver,1,6,Mid-follow-through,30,0.059326738119125366,0.7426219582557678,-0.08591091632843018,0.9116085171699524
270,driver,1,6,Mid-follow-through,31,0.08394095301628113,0.7970420122146606,0.11946368217468262,0.6880058646202087
270,driver,1,6,Mid-follow-through,32,0.16549834609031677,0.7732527852058411,-0.07636009901762009,0.8529965877532959
270,driver,1,7,Finish,0,-0.08498667925596237,-0.6161900162696838,0.060819581151008606,0.9988143444061279
270,driver,1,7,Finish,1,-0.08164744824171066,-0.6292803883552551,0.022244811058044434,0.9987989664077759
270,driver,1,7,Finish,2,-0.07967092096805573,-0.6305678486824036,0.03169369697570801,0.998469889163971
270,driver,1,7,Finish,3,-0.08013391494750977,-0.6327358484268188,0.02885758876800537,0.9990284442901611
270,driver,1,7,Finish,4,-0.05437946319580078,-0.6414896249771118,0.024015069007873535,0.998917818069458
270,driver,1,7,Finish,5,-0.04937706142663956,-0.6402667164802551,0.012019217014312744,0.9987199306488037
270,driver,1,7,Finish,6,-0.04414039105176926,-0.6295837163925171,0.033252179622650146,0.9991798996925354
270,driver,1,7,Finish,7,-0.04108318313956261,-0.5985466837882996,-0.07917642593383789,0.9992160797119141
270,driver,1,7,Finish,8,0.042252589017152786,-0.558771550655365,0.025310315191745758,0.9982659220695496
270,driver,1,7,Finish,9,-0.0579812228679657,-0.5948769450187683,0.050679486244916916,0.9976634979248047
270,driver,1,7,Finish,10,-0.03426874428987503,-0.5613291263580322,0.04883939027786255,0.9968247413635254
270,driver,1,7,Finish,11,-0.0625457689166069,-0.4656527042388916,-0.07285356521606445,0.9999067783355713
270,driver,1,7,Finish,12,0.1192164272069931,-0.5383363962173462,0.1860276460647583,0.999632716178894
270,driver,1,7,Finish,13,-0.11753284186124802,-0.3825587034225464,-0.1723450869321823,0.5875310897827148
270,driver,1,7,Finish,14,0.021064549684524536,-0.42774611711502075,0.25182318687438965,0.0073987338691949844
270,driver,1,7,Finish,15,-0.12176330387592316,-0.5190568566322327,-0.08782142400741577,0.15337646007537842
270,driver,1,7,Finish,16,-0.09034991264343262,-0.5466405153274536,0.3538321256637573,0.013792159967124462
270,driver,1,7,Finish,17,-0.12143534421920776,-0.5765433311462402,-0.07712137699127197,0.17398512363433838
270,driver,1,7,Finish,18,-0.061295658349990845,-0.5944762229919434,0.346978098154068,0.021672893315553665
270,driver,1,7,Finish,19,-0.10803584009408951,-0.5891863703727722,-0.06688201427459717,0.1643078774213791
270,driver,1,7,Finish,20,-0.06013578921556473,-0.6417091488838196,0.33696824312210083,0.021797586232423782
270,driver,1,7,Finish,21,-0.10357721149921417,-0.5194539427757263,-0.08330939710140228,0.11384957283735275
270,driver,1,7,Finish,22,-0.09925045073032379,-0.5767998695373535,0.3451371192932129,0.02117745578289032
270,driver,1,7,Finish,23,-0.05033965781331062,0.004058726131916046,-0.03128540515899658,0.9999178647994995
270,driver,1,7,Finish,24,0.052425071597099304,-0.011384381912648678,0.030473828315734863,0.999920129776001
270,driver,1,7,Finish,25,-0.05392438918352127,0.4371262490749359,-0.05882620811462402,0.14787286520004272
270,driver,1,7,Finish,26,0.13097479939460754,0.30817297101020813,-0.010970592498779297,0.1299952268600464
270,driver,1,7,Finish,27,0.016598820686340332,0.8111968636512756,-0.06943225115537643,0.3153277635574341
270,driver,1,7,Finish,28,0.1637100875377655,0.7241374254226685,-0.026352286338806152,0.1580394059419632
270,driver,1,7,Finish,29,-0.0002031177282333374,0.8496972322463989,-0.061113595962524414,0.4056016206741333
270,driver,1,7,Finish,30,0.1639816164970398,0.75860595703125,-0.06165403127670288,0.2503978908061981
270,driver,1,7,Finish,31,-0.008652910590171814,0.895497739315033,-0.04864048957824707,0.16863448917865753
270,driver,1,7,Finish,32,0.18004927039146423,0.8087229132652283,-0.06164414435625076,0.09574038535356522
518,iron,0,0,Address,0,0.39225077629089355,-0.40672942996025085,-0.21226981282234192,0.9994035959243774
518,iron,0,0,Address,1,0.40424078702926636,-0.44052398204803467,-0.2138206958770752,0.9993047714233398
518,iron,0,0,Address,2,0.4057656526565552,-0.43853527307510376,-0.20225584506988525,0.9992582201957703
518,iron,0,0,Address,3,0.40551865100860596,-0.4397600293159485,-0.20570671558380127,0.9994924068450928
518,iron,0,0,Address,4,0.41102954745292664,-0.4416218400001526,-0.25222527980804443,0.9995089769363403
518,iron,0,0,Address,5,0.41149380803108215,-0.43824928998947144,-0.2668007016181946,0.9995855689048767
518,iron,0,0,Address,6,0.40940532088279724,-0.4273979067802429,-0.24458324909210205,0.9996699094772339
518,iron,0,0,Address,7,0.3376592695713043,-0.49283233284950256,-0.1511538028717041,0.9995337724685669
518,iron,0,0,Address,8,0.2965698838233948,-0.4448326826095581,-0.2748416066169739,0.9990712404251099
518,iron,0,0,Address,9,0.37557169795036316,-0.4151008725166321,-0.17688065767288208,0.9988939166069031
518,iron,0,0,Address,10,0.3525124192237854,-0.38093191385269165,-0.237890362739563,0.9991369843482971
518,iron,0,0,Address,11,0.23164376616477966,-0.3741571605205536,0.025613069534301758,0.9998562335968018
518,iron,0,0,Address,12,0.2610015571117401,-0.3993730843067169,-0.21263909339904785,0.9998464584350586
518,iron,0,0,Address,13,0.24158504605293274,-0.15047720074653625,0.06870394945144653,0.24441635608673096
518,iron,0,0,Address,14,0.2550013065338135,-0.0874396413564682,-0.2870570421218872,0.9397842288017273
518,iron,0,0,Address,15,0.2888454794883728,0.08771016448736191,0.09601002931594849,0.22981087863445282
518,iron,0,0,Address,16,0.26283684372901917,0.08646897971630096,-0.26898741722106934,0.6975570321083069
518,iron,0,0,Address,17,0.29779288172721863,0.11449871957302094,0.11869800090789795,0.22800882160663605
518,iron,0,0,Address,18,0.2896161377429962,0.12134233117103577,-0.3119417428970337,0.585098147392273
518,iron,0,0,Address,19,0.3008359372615814,0.11697308719158173,0.09660607576370239,0.250518798828125
518,iron,0,0,Address,20,0.3284306526184082,0.10390350967645645,-0.30491167306900024,0.5783582925796509
518,iron,0,0,Address,21,0.28834500908851624,0.11894527077674866,0.08700107783079147,0.22577199339866638
518,iron,0,0,Address,22,0.2767028212547302,0.08847852796316147,-0.2724435329437256,0.4290977716445923
518,iron,0,0,Address,23,0.005939839407801628,-0.005905519239604473,0.1134575605392456,0.9997133612632751
518,iron,0,0,Address,24,-0.0006043834146112204,0.003579901298508048,-0.11310958862304688,0.9997565150260925
518,iron,0,0,Address,25,0.08992239832878113,0.37885135412216187,0.20404040813446045,0.1614624708890915
518,iron,0,0,Address,26,0.10625626146793365,0.36062097549438477,-0.03971445560455322,0.9084993600845337
518,iron,0,0,Address,27,0.09054151177406311,0.7270201444625854,0.3306439518928528,0.35678496956825256
518,iron,0,0,Address,28,0.017783939838409424,0.7387903332710266,0.05563223361968994,0.9406276941299438
518,iron,0,0,Address,29,0.07975810766220093,0.7567199468612671,0.34956443309783936,0.39866021275520325
518,iron,0,0,Address,30,0.02208542823791504,0.7749125957489014,0.028088927268981934,0.8305067420005798
518,iron,0,0,Address,31,0.20026665925979614,0.7428003549575806,0.33487582206726074,0.4277108907699585
518,iron,0,0,Address,32,0.15206611156463623,0.7903943061828613,-0.026510633528232574,0.8490645289421082
518,iron,0,1,Toe-up,0,0.3546254634857178,-0.3878835141658783,-0.22502872347831726,0.999705970287323
518,iron,0,1,Toe-up,1,0.3739156424999237,-0.41237303614616394,-0.21756219863891602,0.9993977546691895
518,iron,0,1,Toe-up,2,0.37666141986846924,-0.40937119722366333,-0.20705437660217285,0.9994065761566162
518,iron,0,1,Toe-up,3,0.3749476969242096,-0.4102436900138855,-0.21011614799499512,0.9995226860046387
518,iron,0,1,Toe-up,4,0.37303367257118225,-0.4203486144542694,-0.2512003183364868,0.9996614456176758
518,iron,0,1,Toe-up,5,0.37512460350990295,-0.41722896695137024,-0.26510241627693176,0.9997676014900208
518,iron,0,1,Toe-up,6,0.37499064207077026,-0.40646106004714966,-0.2425214648246765,0.9997907280921936
518,iron,0,1,Toe-up,7,0.3415756821632385,-0.4393726587295532,-0.13694429397583008,0.9996495246887207
518,iron,0,1,Toe-up,8,0.27761557698249817,-0.4389208257198334,-0.23017393052577972,0.9994716048240662
518,iron,0,1,Toe-up,9,0.3477257192134857,-0.3924836218357086,-0.18426239490509033,0.9996774196624756
518,iron,0,1,Toe-up,10,0.320944607257843,-0.3691849410533905,-0.24053168296813965,0.999789297580719
518,iron,0,1,Toe-up,11,0.29891711473464966,-0.3098936975002289,0.0017969012260437012,0.9999731779098511
518,iron,0,1,Toe-up,12,0.1658644825220108,-0.4393809735774994,-0.16047680377960205,0.9999814033508301
518,iron,0,1,Toe-up,13,0.2760828733444214,-0.10449911653995514,-0.007318525575101376,0.8844547867774963
518,iron,0,1,Toe-up,14,0.1100996881723404,-0.1420813947916031,-0.25669264793395996,0.9898502826690674
518,iron,0,1,Toe-up,15,0.21164631843566895,0.08070016652345657,-0.045709967613220215,0.7609923481941223
518,iron,0,1,Toe-up,16,0.1156611442565918,0.029932741075754166,-0.2832973003387451,0.9700447916984558
518,iron,0,1,Toe-up,17,0.189369797706604,0.13212908804416656,-0.05235433578491211,0.7180463671684265
518,iron,0,1,Toe-up,18,0.13436344265937805,0.08910774439573288,-0.3373095393180847,0.9448884129524231
518,iron,0,1,Toe-up,19,0.16655509173870087,0.11231213808059692,-0.07155972719192505,0.7326550483703613
518,iron,0,1,Toe-up,20,0.19796857237815857,0.07516386359930038,-0.34027135372161865,0.946800172328949
518,iron,0,1,Toe-up,21,0.19245962798595428,0.1039794534444809,-0.05751153454184532,0.7020407915115356
518,iron,0,1,Toe-up,22,0.13754940032958984,0.04020554572343826,-0.29491257667541504,0.900384247303009
518,iron,0,1,Toe-up,23,0.06221920996904373,0.015448147431015968,0.09451843798160553,0.9999783039093018
518,iron,0,1,Toe-up,24,-0.05715973675251007,-0.018286559730768204,-0.09335339069366455,0.9999746084213257
518,iron,0,1,Toe-up,25,0.12492048740386963,0.38081634044647217,-0.04592597484588623,0.6255850791931152
518,iron,0,1,Toe-up,26,0.08731526136398315,0.3266172707080841,-0.17835962772369385,0.9298995733261108
518,iron,0,1,Toe-up,27,0.07724261283874512,0.7245297431945801,-0.003487193025648594,0.3544699549674988
518,iron,0,1,Toe-up,28,0.005237281322479248,0.7333229780197144,-0.15106654167175293,0.8608106374740601
518,iron,0,1,Toe-up,29,0.060001909732818604,0.7534766793251038,0.0062389373779296875,0.4236733317375183
518,iron,0,1,Toe-up,30,0.0080660879611969,0.772506058216095,-0.18635445833206177,0.6828874945640564
518,iron,0,1,Toe-up,31,0.17647182941436768,0.775081992149353,-0.02234506607055664,0.4580792784690857
518,iron,0,1,Toe-up,32,0.10887613892555237,0.7801967263221741,-0.2534225583076477,0.7910616993904114
518,iron,0,2,Mid-backswing,0,0.30818477272987366,-0.46313905715942383,-0.039676547050476074,0.9989437460899353
518,iron,0,2,Mid-backswing,1,0.3357356786727905,-0.4673604965209961,-0.024375081062316895,0.9974170923233032
518,iron,0,2,Mid-backswing,2,0.3387160897254944,-0.46603405475616455,-0.015487194061279297,0.99662846326828
518,iron,0,2,Mid-backswing,3,0.3386237323284149,-0.46717095375061035,-0.019212841987609863,0.9970487952232361
518,iron,0,2,Mid-backswing,4,0.32427069544792175,-0.4907803535461426,-0.04326832294464111,0.9984380602836609
518,iron,0,2,Mid-backswing,5,0.32718634605407715,-0.4890051782131195,-0.05781655013561249,0.9987414479255676
518,iron,0,2,Mid-backswing,6,0.32585766911506653,-0.4801701605319977,-0.038025856018066406,0.9988501071929932
518,iron,0,2,Mid-backswing,7,0.3555450141429901,-0.4410780966281891,0.07497024536132812,0.9980791807174683
518,iron,0,2,Mid-backswing,8,0.2514607608318329,-0.5073308944702148,0.050143107771873474,0.9967284202575684
518,iron,0,2,Mid-backswing,9,0.3184276223182678,-0.44959694147109985,0.003212958574295044,0.9980494976043701
518,iron,0,2,Mid-backswing,10,0.27915123105049133,-0.4465574622154236,-0.03165924549102783,0.9986752867698669
518,iron,0,2,Mid-backswing,11,0.3257453143596649,-0.3060585558414459,0.13888317346572876,0.9999134540557861
518,iron,0,2,Mid-backswing,12,0.15475760400295258,-0.5396403670310974,0.10979092121124268,0.9999643564224243
518,iron,0,2,Mid-backswing,13,0.2616094648838043,-0.1709991693496704,0.02985551208257675,0.8683167099952698
518,iron,0,2,Mid-backswing,14,0.02428939938545227,-0.36868542432785034,-0.09622573852539062,0.9666858911514282
518,iron,0,2,Mid-backswing,15,0.12660403549671173,-0.08887229114770889,-0.08927404880523682,0.7949920892715454
518,iron,0,2,Mid-backswing,16,0.02245485782623291,-0.2445896714925766,-0.3358391523361206,0.9395250082015991
518,iron,0,2,Mid-backswing,17,0.07967469841241837,-0.06300479918718338,-0.12001442909240723,0.8126774430274963
518,iron,0,2,Mid-backswing,18,0.0374249704182148,-0.19889575242996216,-0.4207535982131958,0.9407550096511841
518,iron,0,2,Mid-backswing,19,0.046684492379426956,-0.09724203497171402,-0.1295555830001831,0.8160504102706909
518,iron,0,2,Mid-backswing,20,0.10903165489435196,-0.2067108154296875,-0.4237171411514282,0.9405350685119629
518,iron,0,2,Mid-backswing,21,0.10009530931711197,-0.0781395435333252,-0.0952514111995697,0.704513669013977
518,iron,0,2,Mid-backswing,22,0.04432396590709686,-0.23475703597068787,-0.3503081798553467,0.8783027529716492
518,iron,0,2,Mid-backswing,23,0.0688021183013916,0.028533950448036194,0.07758094370365143,0.9998846054077148
518,iron,0,2,Mid-backswing,24,-0.06474006921052933,-0.030764468014240265,-0.07364511489868164,0.9999011754989624
518,iron,0,2,Mid-backswing,25,0.13238663971424103,0.3884921073913574,-0.0041435956954956055,0.429033100605011
518,iron,0,2,Mid-backswing,26,0.09359151870012283,0.3338506817817688,-0.1588307023048401,0.9162425994873047
518,iron,0,2,Mid-backswing,27,0.07947567105293274,0.7331957221031189,0.08545075356960297,0.27668634057044983
518,iron,0,2,Mid-backswing,28,0.014095932245254517,0.7349128127098083,-0.08212244510650635,0.803412914276123
518,iron,0,2,Mid-backswing,29,0.05906569957733154,0.7627466917037964,0.09882974624633789,0.3472152054309845
518,iron,0,2,Mid-backswing,30,0.017794787883758545,0.7721651792526245,-0.11709123849868774,0.6629742980003357
518,iron,0,2,Mid-backswing,31,0.1693699061870575,0.7641435265541077,0.060086965560913086,0.2615213096141815
518,iron,0,2,Mid-backswing,32,0.12028136849403381,0.770522952079773,-0.19707290828227997,0.5813167691230774
518,iron,0,3,Top,0,0.3979566693305969,-0.3937686085700989,-0.10737328231334686,0.9708358645439148
518,iron,0,3,Top,1,0.41137972474098206,-0.41181355714797974,-0.10355734825134277,0.9209928512573242
518,iron,0,3,Top,2,0.41400575637817383,-0.41247618198394775,-0.09361159801483154,0.9171144366264343
518,iron,0,3,Top,3,0.41183164715766907,-0.4121762812137604,-0.0943913459777832,0.9331537485122681
518,iron,0,3,Top,4,0.4125956892967224,-0.4240173399448395,-0.13561713695526123,0.9634969234466553
518,iron,0,3,Top,5,0.41372326016426086,-0.4219156503677368,-0.14995069801807404,0.9758045077323914
518,iron,0,3,Top,6,0.41297584772109985,-0.41298139095306396,-0.12827211618423462,0.9819775223731995
518,iron,0,3,Top,7,0.3849683403968811,-0.43543189764022827,-0.027283191680908203,0.9610590934753418
518,iron,0,3,Top,8,0.31810739636421204,-0.44547611474990845,-0.10655003786087036,0.9461268782615662
518,iron,0,3,Top,9,0.3920673727989197,-0.39546898007392883,-0.0666586235165596,0.9345860481262207
518,iron,0,3,Top,10,0.3648834228515625,-0.37464597821235657,-0.1198607087135315,0.9697007536888123
518,iron,0,3,Top,11,0.3304813802242279,-0.3704853057861328,0.06688618659973145,0.9987701773643494
518,iron,0,3,Top,12,0.1916537582874298,-0.4926716685295105,0.011575102806091309,0.9993282556533813
518,iron,0,3,Top,13,0.25951066613197327,-0.43143367767333984,0.057207752019166946,0.18710193037986755
518,iron,0,3,Top,14,-0.001451149582862854,-0.42365267872810364,-0.16748571395874023,0.5505897998809814
518,iron,0,3,Top,15,0.11285318434238434,-0.5927894115447998,0.1172059178352356,0.1777845025062561
518,iron,0,3,Top,16,-0.010823577642440796,-0.5703397393226624,-0.31757664680480957,0.663826048374176
518,iron,0,3,Top,17,0.0620737224817276,-0.6394929885864258,0.12783801555633545,0.1962062269449234
518,iron,0,3,Top,18,0.02775980532169342,-0.6151555776596069,-0.38751983642578125,0.7087346315383911
518,iron,0,3,Top,19,0.05847056210041046,-0.6771858334541321,0.1376098394393921,0.19399875402450562
518,iron,0,3,Top,20,0.07600253820419312,-0.6502744555473328,-0.37658023834228516,0.7180858254432678
518,iron,0,3,Top,21,0.09962025284767151,-0.5946928858757019,0.12336963415145874,0.15035726130008698
518,iron,0,3,Top,22,0.002667665481567383,-0.5919834971427917,-0.3249516487121582,0.5865792036056519
518,iron,0,3,Top,23,0.06429118663072586,0.009297695010900497,0.08426809310913086,0.9995492100715637
518,iron,0,3,Top,24,-0.06028351932764053,-0.01306447945535183,-0.08166670799255371,0.9995518326759338
518,iron,0,3,Top,25,0.21084226667881012,0.32581180334091187,-0.04064130783081055,0.05589144304394722
518,iron,0,3,Top,26,0.09387750923633575,0.32184645533561707,-0.1794893741607666,0.32713088393211365
518,iron,0,3,Top,27,0.11605226993560791,0.6623150110244751,0.030586831271648407,0.020960014313459396
518,iron,0,3,Top,28,0.031938016414642334,0.7043042182922363,-0.14874696731567383,0.22372585535049438
518,iron,0,3,Top,29,0.09202873706817627,0.6858727335929871,0.04415428638458252,0.05640630051493645
518,iron,0,3,Top,30,0.035565584897994995,0.7388165593147278,-0.185815691947937,0.14916130900382996
518,iron,0,3,Top,31,0.21183940768241882,0.6951478719711304,0.021453857421875,0.03265039995312691
518,iron,0,3,Top,32,0.14130914211273193,0.731622576713562,-0.2569469213485718,0.1430201232433319
518,iron,0,4,Mid-downswing,0,0.4087764620780945,-0.3026447892189026,-0.2366853654384613,0.9906056523323059
518,iron,0,4,Mid-downswing,1,0.42722317576408386,-0.3247964382171631,-0.22876346111297607,0.9862218499183655
518,iron,0,4,Mid-downswing,2,0.43074995279312134,-0.3220714330673218,-0.22007882595062256,0.9874591827392578
518,iron,0,4,Mid-downswing,3,0.42927396297454834,-0.3230675756931305,-0.22111618518829346,0.9907931685447693
518,iron,0,4,Mid-downswing,4,0.42268848419189453,-0.3302023112773895,-0.26602745056152344,0.9895943403244019
518,iron,0,4,Mid-downswing,5,0.4248124361038208,-0.3268873393535614,-0.28114184737205505,0.9915326237678528
518,iron,0,4,Mid-downswing,6,0.42111894488334656,-0.31796249747276306,-0.25727933645248413,0.9922148585319519
518,iron,0,4,Mid-downswing,7,0.40062493085861206,-0.3569433093070984,-0.14414072036743164,0.992548406124115
518,iron,0,4,Mid-downswing,8,0.3142232596874237,-0.365237832069397,-0.24121913313865662,0.9743460416793823
518,iron,0,4,Mid-downswing,9,0.4036249816417694,-0.30530062317848206,-0.19620846211910248,0.9858217835426331
518,iron,0,4,Mid-downswing,10,0.36754757165908813,-0.28709477186203003,-0.25378096103668213,0.9860261678695679
518,iron,0,4,Mid-downswing,11,0.3484842777252197,-0.2614304721355438,-0.010090649127960205,0.999886155128479
518,iron,0,4,Mid-downswing,12,0.226892352104187,-0.37091752886772156,-0.16013681888580322,0.9992690682411194
518,iron,0,4,Mid-downswing,13,0.31324154138565063,-0.09436168521642685,-0.09163299947977066,0.14062701165676117
518,iron,0,4,Mid-downswing,14,0.19369187951087952,-0.12667614221572876,-0.24962246417999268,0.6002499461174011
518,iron,0,4,Mid-downswing,15,0.1890466809272766,-0.08581343293190002,-0.21692878007888794,0.05296514555811882
518,iron,0,4,Mid-downswing,16,0.2909504175186157,-0.19250890612602234,-0.24566364288330078,0.2092694193124771
518,iron,0,4,Mid-downswing,17,0.15486451983451843,-0.09343967586755753,-0.22992384433746338,0.06314302235841751
518,iron,0,4,Mid-downswing,18,0.34420865774154663,-0.1986667364835739,-0.2946227192878723,0.17678967118263245
518,iron,0,4,Mid-downswing,19,0.15236243605613708,-0.1398140788078308,-0.23237591981887817,0.061798859387636185
518,iron,0,4,Mid-downswing,20,0.38831138610839844,-0.25262582302093506,-0.2969163656234741,0.16952137649059296
518,iron,0,4,Mid-downswing,21,0.17072869837284088,-0.08793474733829498,-0.2232809066772461,0.04749904200434685
518,iron,0,4,Mid-downswing,22,0.3081528842449188,-0.21859094500541687,-0.2550394535064697,0.10251843929290771
518,iron,0,4,Mid-downswing,23,0.06077786535024643,0.017405619844794273,0.09577241539955139,0.9999139308929443
518,iron,0,4,Mid-downswing,24,-0.0553002655506134,-0.018952684476971626,-0.09479081630706787,0.9998488426208496
518,iron,0,4,Mid-downswing,25,0.14830677211284637,0.3738497197628021,0.007165074348449707,0.07032492011785507
518,iron,0,4,Mid-downswing,26,0.11270023882389069,0.32765594124794006,-0.18862861394882202,0.7079247236251831
518,iron,0,4,Mid-downswing,27,0.10583576560020447,0.7138619422912598,0.07265448570251465,0.06203710660338402
518,iron,0,4,Mid-downswing,28,0.013011723756790161,0.7035315036773682,-0.17641615867614746,0.6643316745758057
518,iron,0,4,Mid-downswing,29,0.09202677011489868,0.7373546957969666,0.08406376838684082,0.10168278962373734
518,iron,0,4,Mid-downswing,30,0.01262614130973816,0.7398378849029541,-0.2096896767616272,0.4682042598724365
518,iron,0,4,Mid-downswing,31,0.21047556400299072,0.7623172998428345,0.06672096252441406,0.08984563499689102
518,iron,0,4,Mid-downswing,32,0.1280497908592224,0.750180721282959,-0.2740863859653473,0.5065165758132935
518,iron,0,5,Impact,0,0.361055850982666,-0.26195967197418213,-0.07906562089920044,0.9994719624519348
518,iron,0,5,Impact,1,0.3850490152835846,-0.27929168939590454,-0.07960927486419678,0.9993730187416077
518,iron,0,5,Impact,2,0.3884933292865753,-0.2778482735157013,-0.06988906860351562,0.9993409514427185
518,iron,0,5,Impact,3,0.38785696029663086,-0.2783448398113251,-0.07307016849517822,0.9995781779289246
518,iron,0,5,Impact,4,0.39598721265792847,-0.28357651829719543,-0.12372362613677979,0.9996039271354675
518,iron,0,5,Impact,5,0.39758816361427307,-0.280341774225235,-0.13800740242004395,0.999669075012207
518,iron,0,5,Impact,6,0.39619383215904236,-0.26932090520858765,-0.11659419536590576,0.9997578263282776
518,iron,0,5,Impact,7,0.3465237617492676,-0.3672761619091034,-0.025525808334350586,0.9996346235275269
518,iron,0,5,Impact,8,0.3179011940956116,-0.3344016671180725,-0.1718142330646515,0.9994983673095703
518,iron,0,5,Impact,9,0.34726467728614807,-0.29729321599006653,-0.04799652099609375,0.9992319345474243
518,iron,0,5,Impact,10,0.32746899127960205,-0.26705074310302734,-0.11553061008453369,0.9995057582855225
518,iron,0,5,Impact,11,0.240611270070076,-0.3280969262123108,0.11793023347854614,0.9999783039093018
518,iron,0,5,Impact,12,0.24458527565002441,-0.4052595794200897,-0.12039327621459961,0.9999819993972778
518,iron,0,5,Impact,13,0.22569933533668518,-0.11920729279518127,0.14173713326454163,0.11780742555856705
518,iron,0,5,Impact,14,0.18932726979255676,-0.13608446717262268,-0.18530571460723877,0.9568642973899841
518,iron,0,5,Impact,15,0.29092544317245483,0.06129409372806549,0.13489246368408203,0.13633708655834198
518,iron,0,5,Impact,16,0.23365247249603271,-0.025535225868225098,-0.15177679061889648,0.7520059943199158
518,iron,0,5,Impact,17,0.3022150695323944,0.0808521956205368,0.14524567127227783,0.15552948415279388
518,iron,0,5,Impact,18,0.2732817828655243,-0.00010538101196289062,-0.19398432970046997,0.6059597134590149
518,iron,0,5,Impact,19,0.31572115421295166,0.07259784638881683,0.13106077909469604,0.16637930274009705
518,iron,0,5,Impact,20,0.3256049156188965,-0.028938010334968567,-0.18173080682754517,0.5921268463134766
518,iron,0,5,Impact,21,0.2960547208786011,0.0847030058503151,0.12641310691833496,0.15510758757591248
518,iron,0,5,Impact,22,0.25448161363601685,-0.031416527926921844,-0.15190863609313965,0.41738754510879517
518,iron,0,5,Impact,23,0.02055652253329754,0.005065242759883404,0.10912276804447174,0.9999932050704956
518,iron,0,5,Impact,24,-0.01531143020838499,-0.0070155709981918335,-0.10897040367126465,0.999994158744812
518,iron,0,5,Impact,25,0.07921531796455383,0.39220383763313293,0.14102303981781006,0.3127487003803253
518,iron,0,5,Impact,26,0.06478174030780792,0.36030447483062744,-0.09922665357589722,0.9900656938552856
518,iron,0,5,Impact,27,0.1312061846256256,0.7517298460006714,0.24672682583332062,0.5449399948120117
518,iron,0,5,Impact,28,0.013270348310470581,0.7345616817474365,-0.0535430908203125,0.9877868294715881
518,iron,0,5,Impact,29,0.12096670269966125,0.7807256579399109,0.26160240173339844,0.552887499332428
518,iron,0,5,Impact,30,0.017636865377426147,0.7691454887390137,-0.08428382873535156,0.9494432210922241
518,iron,0,5,Impact,31,0.23659443855285645,0.7721975445747375,0.24926459789276123,0.6825156807899475
518,iron,0,5,Impact,32,0.13078701496124268,0.7769520878791809,-0.13230691850185394,0.9731430411338806
518,iron,0,6,Mid-follow-through,0,0.3339443802833557,-0.35931819677352905,-0.05968742072582245,0.9853513240814209
518,iron,0,6,Mid-follow-through,1,0.34876227378845215,-0.3755379915237427,-0.056156277656555176,0.9765889644622803
518,iron,0,6,Mid-follow-through,2,0.35309404134750366,-0.3749072551727295,-0.04684638977050781,0.9690133333206177
518,iron,0,6,Mid-follow-through,3,0.3508714437484741,-0.37558862566947937,-0.049416184425354004,0.9800614714622498
518,iron,0,6,Mid-follow-through,4,0.35511595010757446,-0.38915956020355225,-0.09643912315368652,0.9894205331802368
518,iron,0,6,Mid-follow-through,5,0.35742413997650146,-0.3857557773590088,-0.10969660431146622,0.9918895363807678
518,iron,0,6,Mid-follow-through,6,0.3581865727901459,-0.37493300437927246,-0.08906286954879761,0.995837926864624
518,iron,0,6,Mid-follow-through,7,0.3112771213054657,-0.42558589577674866,0.013737678527832031,0.9728947877883911
518,iron,0,6,Mid-follow-through,8,0.2639085650444031,-0.4269069731235504,-0.10276827216148376,0.986865222454071
518,iron,0,6,Mid-follow-through,9,0.31796497106552124,-0.37687888741493225,-0.017397582530975342,0.9641546010971069
518,iron,0,6,Mid-follow-through,10,0.29791921377182007,-0.3530939221382141,-0.07950806617736816,0.9840359091758728
518,iron,0,6,Mid-follow-through,11,0.2408587783575058,-0.35570189356803894,0.14970511198043823,0.9989781379699707
518,iron,0,6,Mid-follow-through,12,0.1592792570590973,-0.48665693402290344,-0.017174601554870605,0.9998517036437988
518,iron,0,6,Mid-follow-through,13,0.24445921182632446,-0.22899535298347473,0.14659973978996277,0.007318904157727957
518,iron,0,6,Mid-follow-through,14,0.14121542870998383,-0.2742069363594055,-0.05589187145233154,0.6607739329338074
518,iron,0,6,Mid-follow-through,15,0.25040656328201294,-0.27038463950157166,0.13518387079238892,0.0022479507606476545
518,iron,0,6,Mid-follow-through,16,0.21183229982852936,-0.2624470889568329,0.04359078407287598,0.1501360684633255
518,iron,0,6,Mid-follow-through,17,0.2440798282623291,-0.2970816493034363,0.1346745491027832,0.0036272890865802765
518,iron,0,6,Mid-follow-through,18,0.26632046699523926,-0.2659667730331421,0.016580551862716675,0.09965929388999939
518,iron,0,6,Mid-follow-through,19,0.24155083298683167,-0.3233373463153839,0.13692069053649902,0.0035268603824079037
518,iron,0,6,Mid-follow-through,20,0.2942514419555664,-0.30866047739982605,0.025636613368988037,0.09348957240581512
518,iron,0,6,Mid-follow-through,21,0.2498725950717926,-0.2672441601753235,0.13343709707260132,0.003263431368395686
518,iron,0,6,Mid-follow-through,22,0.22459402680397034,-0.27988535165786743,0.04365110397338867,0.060947172343730927
518,iron,0,6,Mid-follow-through,23,0.050681110471487045,0.010567054152488708,0.09423583745956421,0.9999802112579346
518,iron,0,6,Mid-follow-through,24,-0.04556160047650337,-0.015000700019299984,-0.09387016296386719,0.999985933303833
518,iron,0,6,Mid-follow-through,25,0.08573246747255325,0.40649667382240295,0.033851027488708496,0.08673852682113647
518,iron,0,6,Mid-follow-through,26,0.006465643644332886,0.3289724588394165,-0.1159936785697937,0.6438062191009521
518,iron,0,6,Mid-follow-through,27,0.07282015681266785,0.7472331523895264,0.08064804971218109,0.13297215104103088
518,iron,0,6,Mid-follow-through,28,-0.042288199067115784,0.7093307971954346,-0.10311591625213623,0.6849793791770935
518,iron,0,6,Mid-follow-through,29,0.05391329526901245,0.7757837176322937,0.08985769748687744,0.14638765156269073
518,iron,0,6,Mid-follow-through,30,-0.03953288495540619,0.7448490262031555,-0.141987144947052,0.33745190501213074
518,iron,0,6,Mid-follow-through,31,0.14802126586437225,0.7874847054481506,0.05938732624053955,0.23735247552394867
518,iron,0,6,Mid-follow-through,32,0.05762246251106262,0.7507732510566711,-0.2249128818511963,0.6049715876579285
518,iron,0,7,Finish,0,0.16639570891857147,-0.6300883889198303,0.12586039304733276,0.9999287128448486
518,iron,0,7,Finish,1,0.16103404760360718,-0.6419654488563538,0.08880019187927246,0.9999312162399292
518,iron,0,7,Finish,2,0.16319814324378967,-0.6441677212715149,0.09705305099487305,0.9999303817749023
518,iron,0,7,Finish,3,0.1640785038471222,-0.6450396180152893,0.09630334377288818,0.99994957447052
518,iron,0,7,Finish,4,0.20620089769363403,-0.6495051980018616,0.07300639152526855,0.9999384880065918
518,iron,0,7,Finish,5,0.2105727195739746,-0.6471622586250305,0.06099200248718262,0.9999405145645142
518,iron,0,7,Finish,6,0.2137177735567093,-0.6363139152526855,0.082974374294281,0.9999485015869141
518,iron,0,7,Finish,7,0.114764504134655,-0.585726261138916,-0.022192955017089844,0.9999715089797974
518,iron,0,7,Finish,8,0.2442319095134735,-0.5367870330810547,0.004744723439216614,0.9999161958694458
518,iron,0,7,Finish,9,0.1560496687889099,-0.5982175469398499,0.11381340026855469,0.9997740387916565
518,iron,0,7,Finish,10,0.18728423118591309,-0.5621353983879089,0.08918267488479614,0.9997597336769104
518,iron,0,7,Finish,11,-0.014220654964447021,-0.45277658104896545,-0.013579845428466797,0.9999728202819824
518,iron,0,7,Finish,12,0.2817610204219818,-0.5021293759346008,0.1364436149597168,0.9999098777770996
518,iron,0,7,Finish,13,-0.1529349684715271,-0.42970332503318787,-0.05709764361381531,0.9626674652099609
518,iron,0,7,Finish,14,0.19660905003547668,-0.4490719139575958,0.20897972583770752,0.190914124250412
518,iron,0,7,Finish,15,-0.1898176223039627,-0.5412043333053589,0.09439337253570557,0.702345609664917
518,iron,0,7,Finish,16,0.13776791095733643,-0.5770688652992249,0.3514087200164795,0.1202564388513565
518,iron,0,7,Finish,17,-0.20640718936920166,-0.5821219682693481,0.11971116065979004,0.6588536500930786
518,iron,0,7,Finish,18,0.1847502887248993,-0.6116394996643066,0.3475537896156311,0.1544787436723709
518,iron,0,7,Finish,19,-0.18878084421157837,-0.5968067049980164,0.12617725133895874,0.642988920211792
518,iron,0,7,Finish,20,0.19181200861930847,-0.6527026295661926,0.34725677967071533,0.14881907403469086
518,iron,0,7,Finish,21,-0.17686599493026733,-0.5375604629516602,0.10107681900262833,0.5272173881530762
518,iron,0,7,Finish,22,0.13136331737041473,-0.6083984375,0.3481752872467041,0.12187234312295914
518,iron,0,7,Finish,23,-0.07201263308525085,-0.0017745904624462128,0.00608786940574646,0.9999942779541016
518,iron,0,7,Finish,24,0.07489751279354095,-0.005639788694679737,-0.008782744407653809,0.9999918937683105
518,iron,0,7,Finish,25,-0.06452856212854385,0.40118545293807983,-0.04136347770690918,0.9576709866523743
518,iron,0,7,Finish,26,0.141240656375885,0.31824538111686707,-0.06763797998428345,0.9826672673225403
518,iron,0,7,Finish,27,-0.0470077246427536,0.766657829284668,-0.09454809129238129,0.9790401458740234
518,iron,0,7,Finish,28,0.10054634511470795,0.6885353326797485,-0.08572208881378174,0.9715306758880615
518,iron,0,7,Finish,29,-0.06449955701828003,0.8027013540267944,-0.09073185920715332,0.9811795353889465
518,iron,0,7,Finish,30,0.09551867842674255,0.7189275622367859,-0.11963540315628052,0.9664239287376404
518,iron,0,7,Finish,31,-0.029535241425037384,0.8178261518478394,-0.06889486312866211,0.9178945422172546
518,iron,0,7,Finish,32,0.15275327861309052,0.7404200434684753,-0.11808141320943832,0.8692911267280579
520,iron,0,0,Address,0,0.4520564079284668,-0.3151305615901947,-0.17818349599838257,0.9999725818634033
520,iron,0,0,Address,1,0.46811920404434204,-0.34791988134384155,-0.17670667171478271,0.9999500513076782
520,iron,0,0,Address,2,0.47030237317085266,-0.3451417088508606,-0.1655815839767456,0.9999452829360962
520,iron,0,0,Address,3,0.4700488746166229,-0.34569135308265686,-0.16927707195281982,0.9999563694000244
520,iron,0,0,Address,4,0.47194695472717285,-0.34824126958847046,-0.2182377576828003,0.9999703168869019
520,iron,0,0,Address,5,0.472343772649765,-0.3449344336986542,-0.23065058887004852,0.9999779462814331
520,iron,0,0,Address,6,0.4689916968345642,-0.33479249477386475,-0.2084612250328064,0.9999825954437256
520,iron,0,0,Address,7,0.40975478291511536,-0.4069974422454834,-0.10433793067932129,0.9999467134475708
520,iron,0,0,Address,8,0.3508692681789398,-0.3705233335494995,-0.23431245982646942,0.9999526739120483
520,iron,0,0,Address,9,0.43786486983299255,-0.3260653614997864,-0.14096423983573914,0.9998877048492432
520,iron,0,0,Address,10,0.40629246830940247,-0.29538339376449585,-0.2033945918083191,0.9999326467514038
520,iron,0,0,Address,11,0.28493592143058777,-0.3062826097011566,0.08355921506881714,0.999961256980896
520,iron,0,0,Address,12,0.32012486457824707,-0.32338184118270874,-0.18073713779449463,0.999990701675415
520,iron,0,0,Address,13,0.2578355371952057,-0.08203642070293427,0.12565483152866364,0.3229105472564697
520,iron,0,0,Address,14,0.25748926401138306,-0.03488612174987793,-0.2460085153579712,0.9941588640213013
520,iron,0,0,Address,15,0.2618848383426666,0.18066978454589844,0.14303326606750488,0.26687923073768616
520,iron,0,0,Address,16,0.2562052309513092,0.14889545738697052,-0.21951889991760254,0.9856491684913635
520,iron,0,0,Address,17,0.2654314935207367,0.20867206156253815,0.16507720947265625,0.2451266646385193
520,iron,0,0,Address,18,0.28247326612472534,0.19062182307243347,-0.26891273260116577,0.9698928594589233
520,iron,0,0,Address,19,0.2700147032737732,0.21471866965293884,0.13610213994979858,0.2569788694381714
520,iron,0,0,Address,20,0.33371973037719727,0.18306611478328705,-0.25683164596557617,0.9665505290031433
520,iron,0,0,Address,21,0.25864270329475403,0.21243661642074585,0.13147133588790894,0.24157220125198364
520,iron,0,0,Address,22,0.2746882438659668,0.15585270524024963,-0.22213983535766602,0.9337635636329651
520,iron,0,0,Address,23,-0.0016519402852281928,-0.0030165244825184345,0.11823444068431854,0.9999685287475586
520,iron,0,0,Address,24,0.006381964311003685,0.0019079321064054966,-0.11784720420837402,0.9999830722808838
520,iron,0,0,Address,25,0.051123082637786865,0.4325782060623169,0.09485161304473877,0.3106135129928589
520,iron,0,0,Address,26,0.1370202898979187,0.3554559051990509,-0.11297774314880371,0.977225124835968
520,iron,0,0,Address,27,0.060213714838027954,0.7971360683441162,0.16164655983448029,0.43897920846939087
520,iron,0,0,Address,28,0.0579552948474884,0.7481573820114136,-0.06590151786804199,0.9835562705993652
520,iron,0,0,Address,29,0.052120059728622437,0.8245344161987305,0.17265582084655762,0.5801941156387329
520,iron,0,0,Address,30,0.06161373853683472,0.7867553234100342,-0.09742927551269531,0.9637198448181152
520,iron,0,0,Address,31,0.19386497139930725,0.8279512524604797,0.16467857360839844,0.5848124027252197
520,iron,0,0,Address,32,0.18643325567245483,0.7922613024711609,-0.14235332608222961,0.9613046646118164
520,iron,0,1,Toe-up,0,0.4269689619541168,-0.3384849429130554,-0.14928537607192993,0.9999589920043945
520,iron,0,1,Toe-up,1,0.445326030254364,-0.36676642298698425,-0.14319193363189697,0.9999011754989624
520,iron,0,1,Toe-up,2,0.4485877752304077,-0.3645646274089813,-0.1335691213607788,0.9998927116394043
520,iron,0,1,Toe-up,3,0.44777634739875793,-0.3649154305458069,-0.13705217838287354,0.9999088048934937
520,iron,0,1,Toe-up,4,0.4456559121608734,-0.37172961235046387,-0.18375611305236816,0.9999539852142334
520,iron,0,1,Toe-up,5,0.44716671109199524,-0.3685716688632965,-0.19684486091136932,0.9999687671661377
520,iron,0,1,Toe-up,6,0.4458634853363037,-0.35713738203048706,-0.17522180080413818,0.9999750852584839
520,iron,0,1,Toe-up,7,0.3997255861759186,-0.42179638147354126,-0.06492257118225098,0.9998888969421387
520,iron,0,1,Toe-up,8,0.3371158242225647,-0.4048222303390503,-0.18286818265914917,0.9999309778213501
520,iron,0,1,Toe-up,9,0.41489753127098083,-0.35102730989456177,-0.10876667499542236,0.9999009370803833
520,iron,0,1,Toe-up,10,0.38606658577919006,-0.323720782995224,-0.17120283842086792,0.9999480247497559
520,iron,0,1,Toe-up,11,0.33556583523750305,-0.29749056696891785,0.08386218547821045,0.9999821186065674
520,iron,0,1,Toe-up,12,0.23177887499332428,-0.42641085386276245,-0.11925303936004639,0.9999970197677612
520,iron,0,1,Toe-up,13,0.31447258591651917,-0.11162787675857544,0.05164039134979248,0.5515442490577698
520,iron,0,1,Toe-up,14,0.12773197889328003,-0.17726857960224152,-0.21045029163360596,0.9970398545265198
520,iron,0,1,Toe-up,15,0.27603402733802795,0.0349065437912941,-0.047044456005096436,0.5996991395950317
520,iron,0,1,Toe-up,16,0.18016842007637024,-0.0275796577334404,-0.24192821979522705,0.9969371557235718
520,iron,0,1,Toe-up,17,0.2515948712825775,0.07160358875989914,-0.06467807292938232,0.6349453926086426
520,iron,0,1,Toe-up,18,0.20721088349819183,0.027055293321609497,-0.29967716336250305,0.9945906400680542
520,iron,0,1,Toe-up,19,0.23818045854568481,0.0467621386051178,-0.08248573541641235,0.6481441259384155
520,iron,0,1,Toe-up,20,0.28276070952415466,0.014816723763942719,-0.29896944761276245,0.9944823980331421
520,iron,0,1,Toe-up,21,0.2600143551826477,0.051271677017211914,-0.059966348111629486,0.5922194123268127
520,iron,0,1,Toe-up,22,0.20648474991321564,-0.020075544714927673,-0.24975347518920898,0.9865676164627075
520,iron,0,1,Toe-up,23,0.047360245138406754,0.02348661795258522,0.09469380974769592,0.9999881982803345
520,iron,0,1,Toe-up,24,-0.04206301271915436,-0.026004815474152565,-0.09386742115020752,0.9999905824661255
520,iron,0,1,Toe-up,25,0.08430097997188568,0.40212178230285645,-0.03966569900512695,0.34716829657554626
520,iron,0,1,Toe-up,26,0.08313880860805511,0.3300464153289795,-0.17074471712112427,0.8964941501617432
520,iron,0,1,Toe-up,27,0.05181136727333069,0.7670018672943115,-0.0496470183134079,0.25732287764549255
520,iron,0,1,Toe-up,28,0.0020972788333892822,0.722820520401001,-0.1547776460647583,0.7939469218254089
520,iron,0,1,Toe-up,29,0.03683772683143616,0.7954004406929016,-0.04671216011047363,0.38494983315467834
520,iron,0,1,Toe-up,30,0.004924207925796509,0.7612178921699524,-0.1913880705833435,0.712488055229187
520,iron,0,1,Toe-up,31,0.15409168601036072,0.8117262721061707,-0.06605350971221924,0.4864482879638672
520,iron,0,1,Toe-up,32,0.10727265477180481,0.7688106894493103,-0.2354658842086792,0.7878782153129578
520,iron,0,2,Mid-backswing,0,0.41087159514427185,-0.37818148732185364,-0.07552841305732727,0.9999171495437622
520,iron,0,2,Mid-backswing,1,0.42936035990715027,-0.39935219287872314,-0.06838762760162354,0.9998472929000854
520,iron,0,2,Mid-backswing,2,0.4332091808319092,-0.40009650588035583,-0.05973458290100098,0.9998077750205994
520,iron,0,2,Mid-backswing,3,0.4327773451805115,-0.40074846148490906,-0.06264102458953857,0.999855637550354
520,iron,0,2,Mid-backswing,4,0.4288167357444763,-0.4108160734176636,-0.10915684700012207,0.9999183416366577
520,iron,0,2,Mid-backswing,5,0.43324023485183716,-0.40839335322380066,-0.12400820851325989,0.9999315738677979
520,iron,0,2,Mid-backswing,6,0.43087100982666016,-0.3981589078903198,-0.10253578424453735,0.9999414682388306
520,iron,0,2,Mid-backswing,7,0.3846648335456848,-0.4433950185775757,0.010513544082641602,0.99983811378479
520,iron,0,2,Mid-backswing,8,0.32726243138313293,-0.4435177445411682,-0.10013781487941742,0.9998045563697815
520,iron,0,2,Mid-backswing,9,0.39644184708595276,-0.387541800737381,-0.034306563436985016,0.9997971653938293
520,iron,0,2,Mid-backswing,10,0.37113744020462036,-0.36449965834617615,-0.09594482183456421,0.9998778104782104
520,iron,0,2,Mid-backswing,11,0.32277461886405945,-0.3252638280391693,0.12801593542099,0.9999725818634033
520,iron,0,2,Mid-backswing,12,0.21218550205230713,-0.48753422498703003,-0.04257631301879883,0.9999895095825195
520,iron,0,2,Mid-backswing,13,0.30659210681915283,-0.2074011266231537,0.002355579286813736,0.19909365475177765
520,iron,0,2,Mid-backswing,14,0.0954459086060524,-0.33523833751678467,-0.23824727535247803,0.9387995004653931
520,iron,0,2,Mid-backswing,15,0.32749414443969727,-0.18413114547729492,-0.18350493907928467,0.26151248812675476
520,iron,0,2,Mid-backswing,16,0.0944388285279274,-0.3116133213043213,-0.40709614753723145,0.8398533463478088
520,iron,0,2,Mid-backswing,17,0.32019323110580444,-0.17890077829360962,-0.21564078330993652,0.34786608815193176
520,iron,0,2,Mid-backswing,18,0.11264129728078842,-0.2940957844257355,-0.4804370403289795,0.8320457339286804
520,iron,0,2,Mid-backswing,19,0.326840341091156,-0.21761469542980194,-0.2323077917098999,0.35736513137817383
520,iron,0,2,Mid-backswing,20,0.17608286440372467,-0.3205951452255249,-0.48599690198898315,0.8248233795166016
520,iron,0,2,Mid-backswing,21,0.3257986307144165,-0.18009993433952332,-0.19843268394470215,0.26096898317337036
520,iron,0,2,Mid-backswing,22,0.11241337656974792,-0.3174470365047455,-0.4200146198272705,0.6570272445678711
520,iron,0,2,Mid-backswing,23,0.04997849836945534,0.019924722611904144,0.09385435283184052,0.999983549118042
520,iron,0,2,Mid-backswing,24,-0.04481780156493187,-0.022819722071290016,-0.09202098846435547,0.9999852180480957
520,iron,0,2,Mid-backswing,25,0.10313473641872406,0.4087240993976593,-0.012047052383422852,0.08111238479614258
520,iron,0,2,Mid-backswing,26,0.08745615929365158,0.31865185499191284,-0.16708225011825562,0.6477586627006531
520,iron,0,2,Mid-backswing,27,0.033934205770492554,0.7722737193107605,-0.019938655197620392,0.06947284936904907
520,iron,0,2,Mid-backswing,28,-0.011108458042144775,0.7212146520614624,-0.16061317920684814,0.5567559003829956
520,iron,0,2,Mid-backswing,29,0.013043522834777832,0.7998552322387695,-0.0169680118560791,0.10623833537101746
520,iron,0,2,Mid-backswing,30,-0.008309692144393921,0.7605204582214355,-0.2022775411605835,0.41699275374412537
520,iron,0,2,Mid-backswing,31,0.12364745140075684,0.8128151893615723,-0.048136234283447266,0.15198269486427307
520,iron,0,2,Mid-backswing,32,0.11020377278327942,0.7563688158988953,-0.26366037130355835,0.4925577938556671
520,iron,0,3,Top,0,0.4119836390018463,-0.40389153361320496,-0.2164548635482788,0.9999504089355469
520,iron,0,3,Top,1,0.43289873003959656,-0.41076380014419556,-0.20759594440460205,0.9998735189437866
520,iron,0,3,Top,2,0.43525564670562744,-0.4102608561515808,-0.19812262058258057,0.9998480081558228
520,iron,0,3,Top,3,0.4333947002887726,-0.4106789827346802,-0.1980654001235962,0.9998596906661987
520,iron,0,3,Top,4,0.41972845792770386,-0.42866119742393494,-0.2276366949081421,0.9999337196350098
520,iron,0,3,Top,5,0.42131122946739197,-0.4264177978038788,-0.24186217784881592,0.9999426603317261
520,iron,0,3,Top,6,0.4182262718677521,-0.417387992143631,-0.21955382823944092,0.9999500513076782
520,iron,0,3,Top,7,0.4530305564403534,-0.3762146234512329,-0.11096978187561035,0.999778687953949
520,iron,0,3,Top,8,0.3276465833187103,-0.42579588294029236,-0.12815336883068085,0.9996962547302246
520,iron,0,3,Top,9,0.424832284450531,-0.37892916798591614,-0.1712217628955841,0.9992087483406067
520,iron,0,3,Top,10,0.3787812292575836,-0.37131989002227783,-0.20565509796142578,0.999562680721283
520,iron,0,3,Top,11,0.4148631989955902,-0.2913649380207062,-0.0340576171875,0.9996950626373291
520,iron,0,3,Top,12,0.242650106549263,-0.44698432087898254,-0.003996133804321289,0.9997662901878357
520,iron,0,3,Top,13,0.3659264147281647,-0.3911515474319458,-0.16029740869998932,0.7537645101547241
520,iron,0,3,Top,14,0.07825759053230286,-0.42822277545928955,-0.17891335487365723,0.817731499671936
520,iron,0,3,Top,15,0.2243564873933792,-0.5799952149391174,-0.1745029091835022,0.5534256100654602
520,iron,0,3,Top,16,0.1037462055683136,-0.5910346508026123,-0.3400130271911621,0.9101627469062805
520,iron,0,3,Top,17,0.1778724640607834,-0.6267663240432739,-0.17972338199615479,0.5194686055183411
520,iron,0,3,Top,18,0.143005833029747,-0.6190564036369324,-0.4108179807662964,0.9140369296073914
520,iron,0,3,Top,19,0.16954992711544037,-0.6647506952285767,-0.17244064807891846,0.5111579895019531
520,iron,0,3,Top,20,0.20349396765232086,-0.6513671875,-0.4098014235496521,0.9181241989135742
520,iron,0,3,Top,21,0.20416179299354553,-0.5843185186386108,-0.17010121047496796,0.42381393909454346
520,iron,0,3,Top,22,0.1237444132566452,-0.6096106767654419,-0.3529376983642578,0.8746824860572815
520,iron,0,3,Top,23,0.07141917943954468,0.028228644281625748,0.06769506633281708,0.999866247177124
520,iron,0,3,Top,24,-0.06694849580526352,-0.030571533367037773,-0.06666159629821777,0.9998582601547241
520,iron,0,3,Top,25,0.1556139588356018,0.34532567858695984,-0.12081575393676758,0.30693668127059937
520,iron,0,3,Top,26,0.09083942323923111,0.2595970630645752,-0.2032405138015747,0.6492794156074524
520,iron,0,3,Top,27,0.04973328113555908,0.6982486844062805,-0.13727033138275146,0.21153149008750916
520,iron,0,3,Top,28,-0.021774739027023315,0.6645176410675049,-0.18345212936401367,0.5102508068084717
520,iron,0,3,Top,29,0.029536128044128418,0.7202212810516357,-0.13467466831207275,0.3541857600212097
520,iron,0,3,Top,30,-0.02217000722885132,0.7014424800872803,-0.22111129760742188,0.4183069169521332
520,iron,0,3,Top,31,0.1478988230228424,0.7425185441970825,-0.16120314598083496,0.3906249701976776
520,iron,0,3,Top,32,0.07784122228622437,0.7229682207107544,-0.2832255959510803,0.5398440361022949
520,iron,0,4,Mid-downswing,0,0.4819232225418091,-0.2887830138206482,-0.11361975967884064,0.9981485605239868
520,iron,0,4,Mid-downswing,1,0.4963974952697754,-0.315679132938385,-0.10464262962341309,0.9965534210205078
520,iron,0,4,Mid-downswing,2,0.4991271197795868,-0.3136461079120636,-0.09714937210083008,0.9967664480209351
520,iron,0,4,Mid-downswing,3,0.49782639741897583,-0.31497690081596375,-0.09759044647216797,0.9974212646484375
520,iron,0,4,Mid-downswing,4,0.49552541971206665,-0.31862425804138184,-0.14402902126312256,0.9979999661445618
520,iron,0,4,Mid-downswing,5,0.4975748062133789,-0.31569546461105347,-0.15670913457870483,0.9984307885169983
520,iron,0,4,Mid-downswing,6,0.49591362476348877,-0.30462390184402466,-0.1355433464050293,0.998777449131012
520,iron,0,4,Mid-downswing,7,0.45903491973876953,-0.3670951724052429,-0.030796289443969727,0.9973190426826477
520,iron,0,4,Mid-downswing,8,0.3858625888824463,-0.350985586643219,-0.1374191790819168,0.9965044260025024
520,iron,0,4,Mid-downswing,9,0.47252100706100464,-0.2970864772796631,-0.07457520067691803,0.9957181811332703
520,iron,0,4,Mid-downswing,10,0.4415925145149231,-0.27063149213790894,-0.13555759191513062,0.9967664480209351
520,iron,0,4,Mid-downswing,11,0.3931174874305725,-0.2641981244087219,0.0938955545425415,0.9998760223388672
520,iron,0,4,Mid-downswing,12,0.27031853795051575,-0.38400113582611084,-0.06690692901611328,0.9998223185539246
520,iron,0,4,Mid-downswing,13,0.31967025995254517,-0.141157329082489,0.007819835096597672,0.08874444663524628
520,iron,0,4,Mid-downswing,14,0.17296160757541656,-0.15107178688049316,-0.16318142414093018,0.8258773684501648
520,iron,0,4,Mid-downswing,15,0.2854348421096802,-0.14730194211006165,-0.11602991819381714,0.059514932334423065
520,iron,0,4,Mid-downswing,16,0.2944420576095581,-0.15237979590892792,-0.16096556186676025,0.6274218559265137
520,iron,0,4,Mid-downswing,17,0.26746147871017456,-0.15760070085525513,-0.12372982501983643,0.10405602306127548
520,iron,0,4,Mid-downswing,18,0.3509810268878937,-0.13931679725646973,-0.20454630255699158,0.5573821663856506
520,iron,0,4,Mid-downswing,19,0.2818411588668823,-0.19240982830524445,-0.13488930463790894,0.10569240897893906
520,iron,0,4,Mid-downswing,20,0.40127629041671753,-0.19876039028167725,-0.2004985809326172,0.5422967672348022
520,iron,0,4,Mid-downswing,21,0.28175580501556396,-0.14478370547294617,-0.12403111904859543,0.08532842248678207
520,iron,0,4,Mid-downswing,22,0.31437262892723083,-0.17481738328933716,-0.16505646705627441,0.4031055271625519
520,iron,0,4,Mid-downswing,23,0.059657033532857895,0.028886787593364716,0.09186653792858124,0.9999725818634033
520,iron,0,4,Mid-downswing,24,-0.05436845123767853,-0.031297117471694946,-0.09144186973571777,0.9999480247497559
520,iron,0,4,Mid-downswing,25,0.14383214712142944,0.34398144483566284,-0.11088252067565918,0.7089723348617554
520,iron,0,4,Mid-downswing,26,0.11114101856946945,0.1371169537305832,-0.300905704498291,0.8272368907928467
520,iron,0,4,Mid-downswing,27,0.0908452570438385,0.7451080083847046,-0.16807885468006134,0.6204626560211182
520,iron,0,4,Mid-downswing,28,0.020926043391227722,0.41112667322158813,-0.16987085342407227,0.21818438172340393
520,iron,0,4,Mid-downswing,29,0.07208088040351868,0.7729846835136414,-0.16800177097320557,0.587500810623169
520,iron,0,4,Mid-downswing,30,0.019465863704681396,0.43241870403289795,-0.1920403242111206,0.1875336915254593
520,iron,0,4,Mid-downswing,31,0.17413145303726196,0.795653223991394,-0.18402397632598877,0.661490797996521
520,iron,0,4,Mid-downswing,32,0.09555062651634216,0.451515793800354,-0.1814616620540619,0.25669458508491516
520,iron,0,5,Impact,0,0.44489291310310364,-0.2750093340873718,-0.12359222769737244,0.9998090863227844
520,iron,0,5,Impact,1,0.46282532811164856,-0.30210065841674805,-0.126273512840271,0.9997935891151428
520,iron,0,5,Impact,2,0.46482884883880615,-0.3000558018684387,-0.11434566974639893,0.9997473359107971
520,iron,0,5,Impact,3,0.465209037065506,-0.30032891035079956,-0.11836707592010498,0.9998084902763367
520,iron,0,5,Impact,4,0.4720102548599243,-0.30448365211486816,-0.1670764684677124,0.9998574256896973
520,iron,0,5,Impact,5,0.47161829471588135,-0.3009110391139984,-0.18078503012657166,0.9998772144317627
520,iron,0,5,Impact,6,0.468072772026062,-0.29022088646888733,-0.15889590978622437,0.9999145269393921
520,iron,0,5,Impact,7,0.4073508083820343,-0.38200870156288147,-0.0642845630645752,0.9998089671134949
520,iron,0,5,Impact,8,0.3662695288658142,-0.3432573080062866,-0.199660062789917,0.9997889399528503
520,iron,0,5,Impact,9,0.42880621552467346,-0.298441618680954,-0.09004094451665878,0.9993047714233398
520,iron,0,5,Impact,10,0.4032648503780365,-0.26755014061927795,-0.15291458368301392,0.9995642304420471
520,iron,0,5,Impact,11,0.25379085540771484,-0.3384208381175995,0.09976154565811157,0.9999202489852905
520,iron,0,5,Impact,12,0.34711503982543945,-0.3263491094112396,-0.14652645587921143,0.9999842643737793
520,iron,0,5,Impact,13,0.14009886980056763,-0.16855330765247345,0.14352518320083618,0.04590466246008873
520,iron,0,5,Impact,14,0.2672024071216583,-0.06408514082431793,-0.2299482822418213,0.9853459596633911
520,iron,0,5,Impact,15,0.08985713124275208,0.06750460714101791,0.172981858253479,0.026034677401185036
520,iron,0,5,Impact,16,0.2884494960308075,0.1183740496635437,-0.21377289295196533,0.9349923133850098
520,iron,0,5,Impact,17,0.07028047740459442,0.09326883405447006,0.19697129726409912,0.030664004385471344
520,iron,0,5,Impact,18,0.321550190448761,0.16350014507770538,-0.2622087001800537,0.8819589614868164
520,iron,0,5,Impact,19,0.07637213170528412,0.10833218693733215,0.17906564474105835,0.030365409329533577
520,iron,0,5,Impact,20,0.3712838292121887,0.16050295531749725,-0.24578577280044556,0.867293655872345
520,iron,0,5,Impact,21,0.0838831216096878,0.10236454755067825,0.16779719293117523,0.025720618665218353
520,iron,0,5,Impact,22,0.30574679374694824,0.12392459064722061,-0.2139873504638672,0.7508476972579956
520,iron,0,5,Impact,23,-0.021434230729937553,-0.012764135375618935,0.110222727060318,0.9999690055847168
520,iron,0,5,Impact,24,0.026128314435482025,0.011756299063563347,-0.1098412275314331,0.9999841451644897
520,iron,0,5,Impact,25,0.007835671305656433,0.41416311264038086,0.15223515033721924,0.33833882212638855
520,iron,0,5,Impact,26,0.1602809727191925,0.3776179552078247,-0.048867106437683105,0.9597818851470947
520,iron,0,5,Impact,27,-0.012373179197311401,0.7833805680274963,0.21938075125217438,0.5299818515777588
520,iron,0,5,Impact,28,0.031663477420806885,0.7436172962188721,0.023195743560791016,0.9697297215461731
520,iron,0,5,Impact,29,-0.025615811347961426,0.8121939897537231,0.2307605743408203,0.6129851937294006
520,iron,0,5,Impact,30,0.028088003396987915,0.7778909206390381,-0.005642592906951904,0.9434434771537781
520,iron,0,5,Impact,31,0.11343821883201599,0.813376784324646,0.23383557796478271,0.587409496307373
520,iron,0,5,Impact,32,0.15749460458755493,0.7986932992935181,-0.02385392040014267,0.9251886010169983
520,iron,0,6,Mid-follow-through,0,0.4088495373725891,-0.30238965153694153,0.01895126700401306,0.9994491934776306
520,iron,0,6,Mid-follow-through,1,0.4203431010246277,-0.3245689868927002,0.012940526008605957,0.9992474317550659
520,iron,0,6,Mid-follow-through,2,0.42373180389404297,-0.3252142369747162,0.023453235626220703,0.999098539352417
520,iron,0,6,Mid-follow-through,3,0.42405998706817627,-0.32491156458854675,0.02031266689300537,0.9993911981582642
520,iron,0,6,Mid-follow-through,4,0.4382029175758362,-0.32562872767448425,-0.03138566017150879,0.9995507597923279
520,iron,0,6,Mid-follow-through,5,0.43833279609680176,-0.32213032245635986,-0.0439697802066803,0.9995751976966858
520,iron,0,6,Mid-follow-through,6,0.4361903667449951,-0.3106820583343506,-0.023353993892669678,0.9997209906578064
520,iron,0,6,Mid-follow-through,7,0.3682940602302551,-0.4150097966194153,0.04532790184020996,0.9995251893997192
520,iron,0,6,Mid-follow-through,8,0.3539108633995056,-0.3545979857444763,-0.09149319678544998,0.9994444251060486
520,iron,0,6,Mid-follow-through,9,0.3917950987815857,-0.3347296118736267,0.04536239802837372,0.9978795051574707
520,iron,0,6,Mid-follow-through,10,0.37538212537765503,-0.29724815487861633,-0.01793217658996582,0.9985145926475525
520,iron,0,6,Mid-follow-through,11,0.19682934880256653,-0.41259443759918213,0.14784270524978638,0.9998749494552612
520,iron,0,6,Mid-follow-through,12,0.32617539167404175,-0.4031277894973755,-0.016042590141296387,0.9999542236328125
520,iron,0,6,Mid-follow-through,13,0.12027564644813538,-0.3469829261302948,0.22791966795921326,0.010433106683194637
520,iron,0,6,Mid-follow-through,14,0.19143754243850708,-0.24067135155200958,-0.04589235782623291,0.8332105278968811
520,iron,0,6,Mid-follow-through,15,0.19184952974319458,-0.26192474365234375,0.3685305714607239,0.002518463646993041
520,iron,0,6,Mid-follow-through,16,0.22253230214118958,-0.2103371024131775,0.05724155902862549,0.2625437080860138
520,iron,0,6,Mid-follow-through,17,0.19588179886341095,-0.27070656418800354,0.3986024856567383,0.004222830291837454
520,iron,0,6,Mid-follow-through,18,0.2699545919895172,-0.2020920217037201,0.03356511890888214,0.2142893373966217
520,iron,0,6,Mid-follow-through,19,0.20425617694854736,-0.2661716341972351,0.38845545053482056,0.0042481557466089725
520,iron,0,6,Mid-follow-through,20,0.3033730983734131,-0.2235104739665985,0.0493619441986084,0.1994994580745697
520,iron,0,6,Mid-follow-through,21,0.19894757866859436,-0.2374042421579361,0.36679476499557495,0.004156158771365881
520,iron,0,6,Mid-follow-through,22,0.23587486147880554,-0.222507506608963,0.060518741607666016,0.12535133957862854
520,iron,0,6,Mid-follow-through,23,-0.03418099135160446,-0.0038843946531414986,0.09296339750289917,0.9999610185623169
520,iron,0,6,Mid-follow-through,24,0.03910866379737854,0.0017220117151737213,-0.09331917762756348,0.9999774694442749
520,iron,0,6,Mid-follow-through,25,-0.009680911898612976,0.39816850423812866,0.09804439544677734,0.1828526258468628
520,iron,0,6,Mid-follow-through,26,0.12033803015947342,0.3211354613304138,-0.03188204765319824,0.9474141001701355
520,iron,0,6,Mid-follow-through,27,-0.0025292038917541504,0.8031243681907654,0.14220742881298065,0.4344804883003235
520,iron,0,6,Mid-follow-through,28,0.037070274353027344,0.7000150084495544,0.024781107902526855,0.9509432315826416
520,iron,0,6,Mid-follow-through,29,-0.018581390380859375,0.8339277505874634,0.15060079097747803,0.5161667466163635
520,iron,0,6,Mid-follow-through,30,0.03469204902648926,0.7323279976844788,-0.0036857128143310547,0.9304848909378052
520,iron,0,6,Mid-follow-through,31,0.10484358668327332,0.8100665807723999,0.15275812149047852,0.47052040696144104
520,iron,0,6,Mid-follow-through,32,0.15335270762443542,0.7441688776016235,0.006725192070007324,0.8789196610450745
520,iron,0,7,Finish,0,0.08342906832695007,-0.6672993898391724,-0.026018910109996796,0.9999717473983765
520,iron,0,7,Finish,1,0.09992889314889908,-0.6722822189331055,-0.06432938575744629,0.9999696016311646
520,iron,0,7,Finish,2,0.10012342035770416,-0.6749117374420166,-0.05336296558380127,0.999967098236084
520,iron,0,7,Finish,3,0.10045131295919418,-0.6758275628089905,-0.054988741874694824,0.9999725818634033
520,iron,0,7,Finish,4,0.12233054637908936,-0.684293806552887,-0.061312079429626465,0.9999790191650391
520,iron,0,7,Finish,5,0.12621143460273743,-0.6825128197669983,-0.07352234423160553,0.9999810457229614
520,iron,0,7,Finish,6,0.12895967066287994,-0.6715088486671448,-0.05197262763977051,0.9999853372573853
520,iron,0,7,Finish,7,0.1321329027414322,-0.6051468253135681,-0.15367841720581055,0.9999780654907227
520,iron,0,7,Finish,8,0.1904940903186798,-0.565839409828186,-0.050906240940093994,0.9999709129333496
520,iron,0,7,Finish,9,0.1026570275425911,-0.6305728554725647,-0.036012470722198486,0.9999065399169922
520,iron,0,7,Finish,10,0.11606957763433456,-0.5983651280403137,-0.03820657730102539,0.999930739402771
520,iron,0,7,Finish,11,0.04545910656452179,-0.4841846227645874,-0.14853918552398682,0.9999524354934692
520,iron,0,7,Finish,12,0.21531374752521515,-0.5304321050643921,0.14300227165222168,0.9999179840087891
520,iron,0,7,Finish,13,-0.10576661676168442,-0.5836051106452942,-0.1752297282218933,0.9614219069480896
520,iron,0,7,Finish,14,0.037159282714128494,-0.5936353802680969,0.18343406915664673,0.18651226162910461
520,iron,0,7,Finish,15,-0.06600973010063171,-0.7589911222457886,-0.03619104623794556,0.9319813251495361
520,iron,0,7,Finish,16,-0.046638309955596924,-0.8000192642211914,0.19648945331573486,0.7458412647247314
520,iron,0,7,Finish,17,-0.059464387595653534,-0.8140754699707031,-0.018425583839416504,0.9430388808250427
520,iron,0,7,Finish,18,-0.013411268591880798,-0.8534302115440369,0.16525483131408691,0.8366401791572571
520,iron,0,7,Finish,19,-0.036763064563274384,-0.8190744519233704,-0.017528176307678223,0.9449992179870605
520,iron,0,7,Finish,20,0.017412059009075165,-0.8882550001144409,0.1572168469429016,0.839394211769104
520,iron,0,7,Finish,21,-0.04620424658060074,-0.752020537853241,-0.03219582512974739,0.9180517792701721
520,iron,0,7,Finish,22,-0.03965975344181061,-0.8287794589996338,0.18420124053955078,0.841131329536438
520,iron,0,7,Finish,23,-0.035209741443395615,-0.00743530597537756,-0.03942835330963135,0.999970555305481
520,iron,0,7,Finish,24,0.037924401462078094,0.00012055505067110062,0.03935396671295166,0.999974250793457
520,iron,0,7,Finish,25,-0.05444861203432083,0.4355677366256714,-0.06528246402740479,0.7414060831069946
520,iron,0,7,Finish,26,0.10223952680826187,0.3012385964393616,-0.009557962417602539,0.6268306970596313
520,iron,0,7,Finish,27,-0.0018622726202011108,0.8246574401855469,-0.053857408463954926,0.8989484906196594
520,iron,0,7,Finish,28,0.18192610144615173,0.7186167240142822,0.023486971855163574,0.6919247508049011
520,iron,0,7,Finish,29,-0.01870109885931015,0.8583517670631409,-0.04425525665283203,0.8900030255317688
520,iron,0,7,Finish,30,0.19030404090881348,0.7514786124229431,-0.009131073951721191,0.7684686183929443
520,iron,0,7,Finish,31,-0.023376673460006714,0.8750906586647034,-0.04396986961364746,0.8375837206840515
520,iron,0,7,Finish,32,0.19539807736873627,0.7866250872612,-0.017939120531082153,0.6070709824562073
1103,driver,0,0,Address,0,0.3799000382423401,-0.4576736390590668,-0.1769011914730072,0.9999077320098877
1103,driver,0,0,Address,1,0.3853524625301361,-0.4920205771923065,-0.18004000186920166,0.9998822212219238
1103,driver,0,0,Address,2,0.38782376050949097,-0.4901137948036194,-0.1675049066543579,0.9998629093170166
1103,driver,0,0,Address,3,0.3872378468513489,-0.4908721446990967,-0.17137932777404785,0.9998941421508789
1103,driver,0,0,Address,4,0.3883449137210846,-0.4936598241329193,-0.21800768375396729,0.9999350309371948
1103,driver,0,0,Address,5,0.3880133032798767,-0.4904061555862427,-0.2300368845462799,0.9999493360519409
1103,driver,0,0,Address,6,0.3877919912338257,-0.48011231422424316,-0.20824122428894043,0.9999620914459229
1103,driver,0,0,Address,7,0.32812127470970154,-0.5309382081031799,-0.10316228866577148,0.9998339414596558
1103,driver,0,0,Address,8,0.26823416352272034,-0.4814820885658264,-0.22209298610687256,0.9998561143875122
1103,driver,0,0,Address,9,0.3697168529033661,-0.46124354004859924,-0.13488928973674774,0.9994980096817017
1103,driver,0,0,Address,10,0.3410741984844208,-0.42410290241241455,-0.19405293464660645,0.9997017979621887
1103,driver,0,0,Address,11,0.21529075503349304,-0.4259929358959198,0.08931934833526611,0.9998247027397156
1103,driver,0,0,Address,12,0.2688430845737457,-0.40351393818855286,-0.1490567922592163,0.9999618530273438
1103,driver,0,0,Address,13,0.20238152146339417,-0.27261659502983093,0.19068863987922668,0.06840693950653076
1103,driver,0,0,Address,14,0.27914944291114807,-0.09209469705820084,-0.22507548332214355,0.9775251746177673
1103,driver,0,0,Address,15,0.24981188774108887,-0.112921342253685,0.2626643776893616,0.10776755958795547
1103,driver,0,0,Address,16,0.32626840472221375,0.08952231705188751,-0.20992302894592285,0.9479318261146545
1103,driver,0,0,Address,17,0.2545224726200104,-0.1080041453242302,0.28925979137420654,0.1230352446436882
1103,driver,0,0,Address,18,0.36776113510131836,0.12342101335525513,-0.2617504894733429,0.9226094484329224
1103,driver,0,0,Address,19,0.2591051757335663,-0.10540222376585007,0.26888614892959595,0.1279953420162201
1103,driver,0,0,Address,20,0.4028773009777069,0.1013386994600296,-0.24752432107925415,0.9178802967071533
1103,driver,0,0,Address,21,0.25389572978019714,-0.08636140823364258,0.256473183631897,0.10733938217163086
1103,driver,0,0,Address,22,0.34301236271858215,0.08799082040786743,-0.21208763122558594,0.850922167301178
1103,driver,0,0,Address,23,0.007722199894487858,-0.0068835243582725525,0.11440533399581909,0.9999536275863647
1103,driver,0,0,Address,24,-0.0031709889881312847,0.004567939788103104,-0.11253964900970459,0.9999744892120361
1103,driver,0,0,Address,25,0.14208382368087769,0.3730086386203766,0.04313504695892334,0.571806788444519
1103,driver,0,0,Address,26,0.08320260047912598,0.2966187000274658,-0.16099613904953003,0.9498065710067749
1103,driver,0,0,Address,27,0.106038898229599,0.7336397171020508,0.08019699156284332,0.7335687279701233
1103,driver,0,0,Address,28,-0.032505184412002563,0.6860352754592896,-0.07667922973632812,0.9661362171173096
1103,driver,0,0,Address,29,0.08724552392959595,0.760307252407074,0.08854556083679199,0.7262763381004333
1103,driver,0,0,Address,30,-0.03631323575973511,0.7213708162307739,-0.10578393936157227,0.9180217385292053
1103,driver,0,0,Address,31,0.19836705923080444,0.7632579803466797,0.06833422183990479,0.8184963464736938
1103,driver,0,0,Address,32,0.07516995072364807,0.7389897108078003,-0.1458379626274109,0.9476925730705261
1103,driver,0,1,Toe-up,0,0.33119264245033264,-0.47072672843933105,-0.17914704978466034,0.9994890689849854
1103,driver,0,1,Toe-up,1,0.3527975380420685,-0.4880216717720032,-0.16966521739959717,0.998721182346344
1103,driver,0,1,Toe-up,2,0.3569892942905426,-0.48556220531463623,-0.1601123809814453,0.9987813830375671
1103,driver,0,1,Toe-up,3,0.35493263602256775,-0.48631131649017334,-0.16264009475708008,0.9989532232284546
1103,driver,0,1,Toe-up,4,0.3429926633834839,-0.5017463564872742,-0.1993122100830078,0.9992043375968933
1103,driver,0,1,Toe-up,5,0.3446385860443115,-0.4989894926548004,-0.2122771441936493,0.9994407296180725
1103,driver,0,1,Toe-up,6,0.3448072075843811,-0.48838725686073303,-0.19095861911773682,0.9994848966598511
1103,driver,0,1,Toe-up,7,0.3499801754951477,-0.48905593156814575,-0.06620430946350098,0.9991372227668762
1103,driver,0,1,Toe-up,8,0.24736995995044708,-0.5124292373657227,-0.13514700531959534,0.9987266659736633
1103,driver,0,1,Toe-up,9,0.3384246230125427,-0.4643791913986206,-0.13169726729393005,0.9993017911911011
1103,driver,0,1,Toe-up,10,0.30006152391433716,-0.44890478253364563,-0.17996323108673096,0.9994751811027527
1103,driver,0,1,Toe-up,11,0.32672759890556335,-0.3406967520713806,0.055327653884887695,0.999942421913147
1103,driver,0,1,Toe-up,12,0.139817476272583,-0.5266608595848083,-0.03439664840698242,0.9999586343765259
1103,driver,0,1,Toe-up,13,0.2915220260620117,-0.18525129556655884,-0.023657798767089844,0.8305158615112305
1103,driver,0,1,Toe-up,14,0.04018774628639221,-0.28889840841293335,-0.12980639934539795,0.949552059173584
1103,driver,0,1,Toe-up,15,0.2253955751657486,-0.09944186359643936,-0.1684645414352417,0.748801052570343
1103,driver,0,1,Toe-up,16,0.10677618533372879,-0.12444721907377243,-0.22180140018463135,0.9005164504051208
1103,driver,0,1,Toe-up,17,0.19817271828651428,-0.06991784274578094,-0.20305097103118896,0.7856001257896423
1103,driver,0,1,Toe-up,18,0.14206010103225708,-0.061448682099580765,-0.2838333547115326,0.9038654565811157
1103,driver,0,1,Toe-up,19,0.17778821289539337,-0.10430364310741425,-0.21683883666992188,0.7958356738090515
1103,driver,0,1,Toe-up,20,0.2132481187582016,-0.08573450893163681,-0.29347366094589233,0.9067506790161133
1103,driver,0,1,Toe-up,21,0.20858648419380188,-0.08853907138109207,-0.180744931101799,0.7338951230049133
1103,driver,0,1,Toe-up,22,0.1353941559791565,-0.1188061460852623,-0.23553895950317383,0.841748058795929
1103,driver,0,1,Toe-up,23,0.07805740088224411,0.027213625609874725,0.07821887731552124,0.9999765157699585
1103,driver,0,1,Toe-up,24,-0.07330774515867233,-0.028978221118450165,-0.07658874988555908,0.999971866607666
1103,driver,0,1,Toe-up,25,0.1125006228685379,0.3753020763397217,-0.1352381706237793,0.8887741565704346
1103,driver,0,1,Toe-up,26,0.027123406529426575,0.29346713423728943,-0.2318401336669922,0.9687236547470093
1103,driver,0,1,Toe-up,27,0.0790763795375824,0.7386389970779419,-0.14483396708965302,0.7655420303344727
1103,driver,0,1,Toe-up,28,-0.04275369644165039,0.6959012150764465,-0.1984347105026245,0.9060402512550354
1103,driver,0,1,Toe-up,29,0.0647357702255249,0.7682404518127441,-0.14118385314941406,0.7297879457473755
1103,driver,0,1,Toe-up,30,-0.039436399936676025,0.7328020334243774,-0.23453068733215332,0.7792097926139832
1103,driver,0,1,Toe-up,31,0.18266353011131287,0.7728064060211182,-0.18762826919555664,0.8667119145393372
1103,driver,0,1,Toe-up,32,0.0457015335559845,0.7222866415977478,-0.3062382638454437,0.8974140286445618
1103,driver,0,2,Mid-backswing,0,0.367861270904541,-0.47293588519096375,-0.10234290361404419,0.9996767044067383
1103,driver,0,2,Mid-backswing,1,0.378212571144104,-0.49414828419685364,-0.09440481662750244,0.9994339346885681
1103,driver,0,2,Mid-backswing,2,0.3820883631706238,-0.4937998950481415,-0.08489871025085449,0.9994055032730103
1103,driver,0,2,Mid-backswing,3,0.3802884817123413,-0.4945617616176605,-0.08764445781707764,0.9996063113212585
1103,driver,0,2,Mid-backswing,4,0.3713463544845581,-0.5026183724403381,-0.12760686874389648,0.9995793700218201
1103,driver,0,2,Mid-backswing,5,0.3733845353126526,-0.5000036954879761,-0.14204740524291992,0.9996259212493896
1103,driver,0,2,Mid-backswing,6,0.3726937472820282,-0.48965808749198914,-0.1201055645942688,0.9996989965438843
1103,driver,0,2,Mid-backswing,7,0.35429003834724426,-0.5123657584190369,-0.014140844345092773,0.9997671246528625
1103,driver,0,2,Mid-backswing,8,0.2621338963508606,-0.4973239600658417,-0.09210298210382462,0.9992522597312927
1103,driver,0,2,Mid-backswing,9,0.36717739701271057,-0.4702858328819275,-0.06189330667257309,0.9995585083961487
1103,driver,0,2,Mid-backswing,10,0.33281511068344116,-0.44425174593925476,-0.11461091041564941,0.9995620846748352
1103,driver,0,2,Mid-backswing,11,0.31575143337249756,-0.37752997875213623,0.06703251600265503,0.9999634027481079
1103,driver,0,2,Mid-backswing,12,0.16167983412742615,-0.5123540759086609,-0.0185244083404541,0.9999507665634155
1103,driver,0,2,Mid-backswing,13,0.24084970355033875,-0.32669058442115784,-0.056459344923496246,0.8547491431236267
1103,driver,0,2,Mid-backswing,14,0.06426380574703217,-0.37270745635032654,-0.18410325050354004,0.9904276132583618
1103,driver,0,2,Mid-backswing,15,0.07569573819637299,-0.36383697390556335,-0.11530345678329468,0.7029241323471069
1103,driver,0,2,Mid-backswing,16,0.20462775230407715,-0.3454946279525757,-0.2483806610107422,0.954045832157135
1103,driver,0,2,Mid-backswing,17,0.016054093837738037,-0.3708361089229584,-0.12157762050628662,0.6100047826766968
1103,driver,0,2,Mid-backswing,18,0.2702307105064392,-0.3213927745819092,-0.29933637380599976,0.9173557162284851
1103,driver,0,2,Mid-backswing,19,0.0086020827293396,-0.3983314037322998,-0.1132359504699707,0.5821637511253357
1103,driver,0,2,Mid-backswing,20,0.3223605155944824,-0.35759252309799194,-0.291908860206604,0.9071832895278931
1103,driver,0,2,Mid-backswing,21,0.058529049158096313,-0.3563247323036194,-0.11290843784809113,0.4736693203449249
1103,driver,0,2,Mid-backswing,22,0.22808369994163513,-0.3548574149608612,-0.25180530548095703,0.8413578867912292
1103,driver,0,2,Mid-backswing,23,0.06626712530851364,0.019108518958091736,0.08479754626750946,0.9999862909317017
1103,driver,0,2,Mid-backswing,24,-0.06184566393494606,-0.02241404540836811,-0.08477067947387695,0.9999873638153076
1103,driver,0,2,Mid-backswing,25,0.1546240746974945,0.3946530520915985,-0.01264333724975586,0.6614549160003662
1103,driver,0,2,Mid-backswing,26,0.041945680975914,0.29040980339050293,-0.20187562704086304,0.983309805393219
1103,driver,0,2,Mid-backswing,27,0.08873558044433594,0.7300180196762085,0.02120596170425415,0.5983642339706421
1103,driver,0,2,Mid-backswing,28,-0.05963008105754852,0.6792465448379517,-0.16896939277648926,0.9536139369010925
1103,driver,0,2,Mid-backswing,29,0.06843003630638123,0.7548048496246338,0.029607057571411133,0.5308927893638611
1103,driver,0,2,Mid-backswing,30,-0.05919480323791504,0.713557243347168,-0.20395392179489136,0.8325859308242798
1103,driver,0,2,Mid-backswing,31,0.1866445243358612,0.7684297561645508,0.006494998931884766,0.7552781105041504
1103,driver,0,2,Mid-backswing,32,0.04036828875541687,0.7168521285057068,-0.2690097391605377,0.948218584060669
1103,driver,0,3,Top,0,0.3429045081138611,-0.5085158944129944,-0.07969644665718079,0.9995984435081482
1103,driver,0,3,Top,1,0.35819271206855774,-0.5179747343063354,-0.0763174295425415,0.9990425705909729
1103,driver,0,3,Top,2,0.36100471019744873,-0.5185765027999878,-0.06676876544952393,0.9989930987358093
1103,driver,0,3,Top,3,0.3594690263271332,-0.5185171961784363,-0.06712520122528076,0.9993026256561279
1103,driver,0,3,Top,4,0.3519309461116791,-0.5267383456230164,-0.09274375438690186,0.9994168281555176
1103,driver,0,3,Top,5,0.3533901572227478,-0.5253344178199768,-0.1066378504037857,0.9994767308235168
1103,driver,0,3,Top,6,0.3536241948604584,-0.5148510932922363,-0.08526688814163208,0.9996563196182251
1103,driver,0,3,Top,7,0.37427908182144165,-0.4795648455619812,-0.022879838943481445,0.9995052814483643
1103,driver,0,3,Top,8,0.28046005964279175,-0.4806825518608093,-0.018507961183786392,0.998769223690033
1103,driver,0,3,Top,9,0.3570142388343811,-0.48199790716171265,-0.04990752786397934,0.999202311038971
1103,driver,0,3,Top,10,0.3233013153076172,-0.4597499370574951,-0.07976782321929932,0.999390721321106
1103,driver,0,3,Top,11,0.336080938577652,-0.34400492906570435,-0.0022343993186950684,0.9998588562011719
1103,driver,0,3,Top,12,0.17319972813129425,-0.48706600069999695,0.10505998134613037,0.9997745156288147
1103,driver,0,3,Top,13,0.1788681149482727,-0.4777275025844574,-0.12875543534755707,0.9525942802429199
1103,driver,0,3,Top,14,-0.025934919714927673,-0.45359647274017334,-0.017815351486206055,0.742430567741394
1103,driver,0,3,Top,15,-0.0020665526390075684,-0.6561897397041321,-0.10505020618438721,0.881591796875
1103,driver,0,3,Top,16,-0.03816264867782593,-0.6075007915496826,-0.1721886396408081,0.7830616235733032
1103,driver,0,3,Top,17,-0.055018991231918335,-0.6915819644927979,-0.10563766956329346,0.8079062104225159
1103,driver,0,3,Top,18,0.002862393856048584,-0.6360751390457153,-0.23747506737709045,0.8138315677642822
1103,driver,0,3,Top,19,-0.05313730239868164,-0.7182466983795166,-0.09258460998535156,0.7917450070381165
1103,driver,0,3,Top,20,0.054888784885406494,-0.6782703399658203,-0.24665820598602295,0.8262452483177185
1103,driver,0,3,Top,21,-0.014792591333389282,-0.6535309553146362,-0.09785306453704834,0.6883049607276917
1103,driver,0,3,Top,22,-0.019959717988967896,-0.6289401054382324,-0.18784070014953613,0.780457615852356
1103,driver,0,3,Top,23,0.07390901446342468,0.026681233197450638,0.05508515238761902,0.9999781847000122
1103,driver,0,3,Top,24,-0.07022412866353989,-0.02986270934343338,-0.05494368076324463,0.9999768733978271
1103,driver,0,3,Top,25,0.1717728078365326,0.36195874214172363,-0.09202957153320312,0.6057767271995544
1103,driver,0,3,Top,26,0.06586310267448425,0.26003363728523254,-0.22609424591064453,0.9265038967132568
1103,driver,0,3,Top,27,0.08461782336235046,0.7199825048446655,-0.04038114845752716,0.3734417259693146
1103,driver,0,3,Top,28,-0.016713708639144897,0.6687328219413757,-0.14718377590179443,0.7822443246841431
1103,driver,0,3,Top,29,0.061619967222213745,0.7435554265975952,-0.030786752700805664,0.3098357915878296
1103,driver,0,3,Top,30,-0.015544474124908447,0.7033889293670654,-0.17835503816604614,0.5592039823532104
1103,driver,0,3,Top,31,0.18249493837356567,0.7521700859069824,-0.07515239715576172,0.49337688088417053
1103,driver,0,3,Top,32,0.09156957268714905,0.6979784965515137,-0.2583026587963104,0.7685732245445251
1103,driver,0,4,Mid-downswing,0,0.3794495761394501,-0.44924333691596985,-0.08190716803073883,0.9972943663597107
1103,driver,0,4,Mid-downswing,1,0.3922709822654724,-0.46900641918182373,-0.08051395416259766,0.9942083358764648
1103,driver,0,4,Mid-downswing,2,0.3952714502811432,-0.4679565727710724,-0.07207107543945312,0.994828999042511
1103,driver,0,4,Mid-downswing,3,0.39440348744392395,-0.4685561954975128,-0.07278501987457275,0.9961048364639282
1103,driver,0,4,Mid-downswing,4,0.386467844247818,-0.4722176492214203,-0.10485553741455078,0.9954639077186584
1103,driver,0,4,Mid-downswing,5,0.38854724168777466,-0.4698428511619568,-0.118339404463768,0.9964599013328552
1103,driver,0,4,Mid-downswing,6,0.387717604637146,-0.45984524488449097,-0.09710055589675903,0.9968315958976746
1103,driver,0,4,Mid-downswing,7,0.39278605580329895,-0.4757035970687866,-0.024563074111938477,0.9978148937225342
1103,driver,0,4,Mid-downswing,8,0.30518314242362976,-0.45615795254707336,-0.05808369070291519,0.9909651279449463
1103,driver,0,4,Mid-downswing,9,0.3896544277667999,-0.4396858215332031,-0.04879867285490036,0.9970224499702454
1103,driver,0,4,Mid-downswing,10,0.3553226888179779,-0.4116860032081604,-0.0890703797340393,0.9965968728065491
1103,driver,0,4,Mid-downswing,11,0.38004070520401,-0.3436938226222992,0.05387145280838013,0.9999369382858276
1103,driver,0,4,Mid-downswing,12,0.2233690619468689,-0.47004175186157227,0.027981162071228027,0.9997829794883728
1103,driver,0,4,Mid-downswing,13,0.303178995847702,-0.30146509408950806,-0.06068550795316696,0.8981191515922546
1103,driver,0,4,Mid-downswing,14,0.04633340239524841,-0.3165695071220398,-0.12073779106140137,0.8159439563751221
1103,driver,0,4,Mid-downswing,15,0.13101428747177124,-0.3848831057548523,-0.11421555280685425,0.8642317652702332
1103,driver,0,4,Mid-downswing,16,0.014109581708908081,-0.3995186686515808,-0.2803306579589844,0.8213544487953186
1103,driver,0,4,Mid-downswing,17,0.07824535667896271,-0.4072309136390686,-0.1273890733718872,0.8301445841789246
1103,driver,0,4,Mid-downswing,18,0.03420744836330414,-0.41588592529296875,-0.3478913903236389,0.8571763634681702
1103,driver,0,4,Mid-downswing,19,0.07230868935585022,-0.45139437913894653,-0.12235987186431885,0.8252592086791992
1103,driver,0,4,Mid-downswing,20,0.08333243429660797,-0.458587646484375,-0.35550737380981445,0.8654288649559021
1103,driver,0,4,Mid-downswing,21,0.11245337128639221,-0.38726016879081726,-0.11346152424812317,0.738080620765686
1103,driver,0,4,Mid-downswing,22,0.026271596550941467,-0.4196092486381531,-0.29468250274658203,0.8010168671607971
1103,driver,0,4,Mid-downswing,23,0.058846794068813324,0.024560924619436264,0.08597896993160248,0.9999649524688721
1103,driver,0,4,Mid-downswing,24,-0.05362645909190178,-0.026910020038485527,-0.08495950698852539,0.9999517202377319
1103,driver,0,4,Mid-downswing,25,0.1773885190486908,0.3620179295539856,-0.05449557304382324,0.7497723698616028
1103,driver,0,4,Mid-downswing,26,0.11457250267267227,0.2625974714756012,-0.2699589133262634,0.9893418550491333
1103,driver,0,4,Mid-downswing,27,0.08065497875213623,0.7196628451347351,-0.045062243938446045,0.7534629106521606
1103,driver,0,4,Mid-downswing,28,-0.03783142566680908,0.6345551609992981,-0.24739766120910645,0.968792200088501
1103,driver,0,4,Mid-downswing,29,0.058250755071640015,0.7457762956619263,-0.039103031158447266,0.6877221465110779
1103,driver,0,4,Mid-downswing,30,-0.04306763410568237,0.668635368347168,-0.28299814462661743,0.9133278727531433
1103,driver,0,4,Mid-downswing,31,0.15802490711212158,0.7716093063354492,-0.07112884521484375,0.8462097644805908
1103,driver,0,4,Mid-downswing,32,0.057823896408081055,0.7016934156417847,-0.34515267610549927,0.9655113816261292
1103,driver,0,5,Impact,0,0.3565283417701721,-0.33580800890922546,-0.05357469618320465,0.999975323677063
1103,driver,0,5,Impact,1,0.3687190115451813,-0.3657541871070862,-0.06029665470123291,0.9999575614929199
1103,driver,0,5,Impact,2,0.37175261974334717,-0.3644367456436157,-0.04954421520233154,0.9999594688415527
1103,driver,0,5,Impact,3,0.3722570836544037,-0.3648366928100586,-0.05320084095001221,0.9999631643295288
1103,driver,0,5,Impact,4,0.37985044717788696,-0.3673659563064575,-0.1027907133102417,0.9999735355377197
1103,driver,0,5,Impact,5,0.38111743330955505,-0.36390554904937744,-0.11482353508472443,0.9999819993972778
1103,driver,0,5,Impact,6,0.38068994879722595,-0.35228562355041504,-0.09354102611541748,0.9999833106994629
1103,driver,0,5,Impact,7,0.31296002864837646,-0.4589805603027344,-0.011269569396972656,0.9999679327011108
1103,driver,0,5,Impact,8,0.28836286067962646,-0.3970133364200592,-0.1481107622385025,0.9999685287475586
1103,driver,0,5,Impact,9,0.3399852514266968,-0.36812475323677063,-0.02145509235560894,0.9998730421066284
1103,driver,0,5,Impact,10,0.3228824734687805,-0.32817888259887695,-0.08517271280288696,0.9999176263809204
1103,driver,0,5,Impact,11,0.17995858192443848,-0.42045122385025024,0.12610697746276855,0.999990701675415
1103,driver,0,5,Impact,12,0.2785300612449646,-0.4124755859375,-0.0794152021408081,0.9999958276748657
1103,driver,0,5,Impact,13,0.23626846075057983,-0.2504503130912781,0.18100440502166748,0.4076092541217804
1103,driver,0,5,Impact,14,0.2533230483531952,-0.13740280270576477,-0.14645326137542725,0.9952771663665771
1103,driver,0,5,Impact,15,0.3604205846786499,-0.043152883648872375,0.23992478847503662,0.5836658477783203
1103,driver,0,5,Impact,16,0.337691992521286,0.022249191999435425,-0.11917471885681152,0.9958435893058777
1103,driver,0,5,Impact,17,0.38478124141693115,-0.03905342519283295,0.26807188987731934,0.5636664628982544
1103,driver,0,5,Impact,18,0.39469462633132935,0.03831925988197327,-0.16370919346809387,0.9928775429725647
1103,driver,0,5,Impact,19,0.39216476678848267,-0.031121045351028442,0.2481365203857422,0.5756437182426453
1103,driver,0,5,Impact,20,0.43739593029022217,0.01085585355758667,-0.14346063137054443,0.9921127557754517
1103,driver,0,5,Impact,21,0.3722621202468872,-0.01364666223526001,0.23356404900550842,0.5352438688278198
1103,driver,0,5,Impact,22,0.35930246114730835,0.014329105615615845,-0.11678147315979004,0.981515645980835
1103,driver,0,5,Impact,23,-0.026590127497911453,-0.009846076369285583,0.09795819222927094,0.9999618530273438
1103,driver,0,5,Impact,24,0.03141950070858002,0.007527275942265987,-0.09735620021820068,0.9999767541885376
1103,driver,0,5,Impact,25,0.022166505455970764,0.40214332938194275,0.07362711429595947,0.6794641613960266
1103,driver,0,5,Impact,26,0.11868181079626083,0.3325519263744354,-0.09575402736663818,0.9885088801383972
1103,driver,0,5,Impact,27,0.04273909330368042,0.7788667678833008,0.08308807760477066,0.8301965594291687
1103,driver,0,5,Impact,28,0.05218568444252014,0.7393932938575745,-0.04478251934051514,0.9880313873291016
1103,driver,0,5,Impact,29,0.028859198093414307,0.8089807033538818,0.08914637565612793,0.8861181139945984
1103,driver,0,5,Impact,30,0.05347961187362671,0.7765809893608093,-0.07548099756240845,0.9830982089042664
1103,driver,0,5,Impact,31,0.10839620232582092,0.7886995077133179,0.09395766258239746,0.9079271554946899
1103,driver,0,5,Impact,32,0.1568731963634491,0.7893962264060974,-0.08097372204065323,0.9777877330780029
1103,driver,0,6,Mid-follow-through,0,0.3227528929710388,-0.376790314912796,0.07003538310527802,0.9930136799812317
1103,driver,0,6,Mid-follow-through,1,0.3285333812236786,-0.3951968848705292,0.06837773323059082,0.9853196144104004
1103,driver,0,6,Mid-follow-through,2,0.3319444954395294,-0.3941691815853119,0.07641386985778809,0.9877265095710754
1103,driver,0,6,Mid-follow-through,3,0.33226609230041504,-0.3952427804470062,0.07333207130432129,0.9899888038635254
1103,driver,0,6,Mid-follow-through,4,0.3448527753353119,-0.3988989293575287,0.023462772369384766,0.9891923069953918
1103,driver,0,6,Mid-follow-through,5,0.3493708372116089,-0.39704763889312744,0.011381059885025024,0.9925901889801025
1103,driver,0,6,Mid-follow-through,6,0.35412120819091797,-0.38567522168159485,0.03146171569824219,0.9932544827461243
1103,driver,0,6,Mid-follow-through,7,0.25103873014450073,-0.47456690669059753,0.0799860954284668,0.9934579730033875
1103,driver,0,6,Mid-follow-through,8,0.26962870359420776,-0.40016812086105347,-0.049029942601919174,0.9888507723808289
1103,driver,0,6,Mid-follow-through,9,0.2912536859512329,-0.41150304675102234,0.09482181072235107,0.9756807088851929
1103,driver,0,6,Mid-follow-through,10,0.2940898537635803,-0.36492061614990234,0.028258025646209717,0.9744706749916077
1103,driver,0,6,Mid-follow-through,11,0.08648012578487396,-0.42847901582717896,0.16645920276641846,0.9999226331710815
1103,driver,0,6,Mid-follow-through,12,0.22653427720069885,-0.4465389549732208,-0.005445957183837891,0.9998942613601685
1103,driver,0,6,Mid-follow-through,13,0.17374220490455627,-0.2704893946647644,0.18904976546764374,0.0729280561208725
1103,driver,0,6,Mid-follow-through,14,0.2623506486415863,-0.1614035964012146,-0.029221177101135254,0.8884627223014832
1103,driver,0,6,Mid-follow-through,15,0.31030404567718506,-0.1413089483976364,0.28717607259750366,0.04938174784183502
1103,driver,0,6,Mid-follow-through,16,0.2823137938976288,-0.12725767493247986,0.09356069564819336,0.8307666182518005
1103,driver,0,6,Mid-follow-through,17,0.33101415634155273,-0.15782639384269714,0.3196004629135132,0.05882712081074715
1103,driver,0,6,Mid-follow-through,18,0.32324227690696716,-0.16753298044204712,0.0750267505645752,0.7876389026641846
1103,driver,0,6,Mid-follow-through,19,0.3355535864830017,-0.15545998513698578,0.30669647455215454,0.05861951783299446
1103,driver,0,6,Mid-follow-through,20,0.32139265537261963,-0.21867616474628448,0.09153205156326294,0.7726327180862427
1103,driver,0,6,Mid-follow-through,21,0.3266981244087219,-0.12263180315494537,0.28269529342651367,0.060831617563962936
1103,driver,0,6,Mid-follow-through,22,0.28101491928100586,-0.15549246966838837,0.09803104400634766,0.6595926284790039
1103,driver,0,6,Mid-follow-through,23,-0.03610433265566826,0.0008026119321584702,0.10006913542747498,0.9998797178268433
1103,driver,0,6,Mid-follow-through,24,0.04129549488425255,-0.006402626167982817,-0.10114037990570068,0.9998915195465088
1103,driver,0,6,Mid-follow-through,25,-0.0331953726708889,0.39200225472450256,0.05844235420227051,0.4998522102832794
1103,driver,0,6,Mid-follow-through,26,0.10238069295883179,0.32034042477607727,-0.1412702202796936,0.9846156239509583
1103,driver,0,6,Mid-follow-through,27,0.014170274138450623,0.7241095900535583,-0.011247768998146057,0.7504734992980957
1103,driver,0,6,Mid-follow-through,28,0.02244485914707184,0.7116839289665222,-0.1928553581237793,0.9774057269096375
1103,driver,0,6,Mid-follow-through,29,-0.0004492029547691345,0.7595795392990112,-0.010559439659118652,0.882203996181488
1103,driver,0,6,Mid-follow-through,30,0.016946233808994293,0.7480242848396301,-0.23490047454833984,0.9602111577987671
1103,driver,0,6,Mid-follow-through,31,0.06717521697282791,0.7803215384483337,0.021903634071350098,0.7736400365829468
1103,driver,0,6,Mid-follow-through,32,0.11282455921173096,0.7755481004714966,-0.23242229223251343,0.9403555393218994
1103,driver,0,7,Finish,0,-0.05919945240020752,-0.6489737033843994,0.03190259635448456,0.999503493309021
1103,driver,0,7,Finish,1,-0.049112528562545776,-0.6586441397666931,-0.00226438045501709,0.9996304512023926
1103,driver,0,7,Finish,2,-0.047636739909648895,-0.659867525100708,0.007667660713195801,0.9995644688606262
1103,driver,0,7,Finish,3,-0.04761461541056633,-0.6619063019752502,0.004339933395385742,0.999705970287323
1103,driver,0,7,Finish,4,-0.02576407976448536,-0.6733970642089844,-0.0016480684280395508,0.9996294975280762
1103,driver,0,7,Finish,5,-0.020957080647349358,-0.6727682948112488,-0.013964533805847168,0.9995771050453186
1103,driver,0,7,Finish,6,-0.015701189637184143,-0.661821722984314,0.0071884989738464355,0.9996953010559082
1103,driver,0,7,Finish,7,-0.006244532763957977,-0.6113664507865906,-0.09067964553833008,0.9997536540031433
1103,driver,0,7,Finish,8,0.06359212100505829,-0.5872664451599121,0.009876105934381485,0.9993610978126526
1103,driver,0,7,Finish,9,-0.03490796685218811,-0.6199000477790833,0.025727801024913788,0.9990835189819336
1103,driver,0,7,Finish,10,-0.01404661126434803,-0.5925890803337097,0.02185821533203125,0.9987921118736267
1103,driver,0,7,Finish,11,-0.0511309914290905,-0.4789508283138275,-0.08610641956329346,0.9999316930770874
1103,driver,0,7,Finish,12,0.11404328048229218,-0.5479009747505188,0.1837911605834961,0.9994962215423584
1103,driver,0,7,Finish,13,-0.11941514909267426,-0.42422249913215637,-0.21248796582221985,0.7198446989059448
1103,driver,0,7,Finish,14,0.044799961149692535,-0.4677233099937439,0.2631392478942871,0.025682277977466583
1103,driver,0,7,Finish,15,-0.10814342647790909,-0.5692920088768005,-0.1951039433479309,0.5216128826141357
1103,driver,0,7,Finish,16,-0.01057160273194313,-0.6523025035858154,0.37126803398132324,0.04962613806128502
1103,driver,0,7,Finish,17,-0.10045051574707031,-0.6309293508529663,-0.19230592250823975,0.5710453987121582
1103,driver,0,7,Finish,18,0.032820068299770355,-0.7196741104125977,0.3623644709587097,0.07203172892332077
1103,driver,0,7,Finish,19,-0.08181732892990112,-0.6339713335037231,-0.18222689628601074,0.5553686022758484
1103,driver,0,7,Finish,20,0.031925033777952194,-0.7775389552116394,0.35173529386520386,0.07210368663072586
1103,driver,0,7,Finish,21,-0.0872848778963089,-0.5665477514266968,-0.19272685050964355,0.4190455973148346
1103,driver,0,7,Finish,22,-0.01645931601524353,-0.690476655960083,0.3633420467376709,0.06127932295203209
1103,driver,0,7,Finish,23,-0.044349562376737595,-0.0016667318996042013,-0.0385114848613739,0.9999510049819946
1103,driver,0,7,Finish,24,0.04656388238072395,-0.005171069875359535,0.038451194763183594,0.999934196472168
1103,driver,0,7,Finish,25,-0.05248640850186348,0.44618192315101624,-0.0670475959777832,0.35238760709762573
1103,driver,0,7,Finish,26,0.10474996268749237,0.3245391249656677,0.015793204307556152,0.18736721575260162
1103,driver,0,7,Finish,27,-0.0024441778659820557,0.8411573171615601,-0.08129258453845978,0.6789875030517578
1103,driver,0,7,Finish,28,0.16704431176185608,0.7348513603210449,0.02018415927886963,0.245639830827713
1103,driver,0,7,Finish,29,-0.01874314248561859,0.8812956809997559,-0.07164144515991211,0.7419384121894836
1103,driver,0,7,Finish,30,0.17378903925418854,0.7679653167724609,-0.013341665267944336,0.3475613296031952
1103,driver,0,7,Finish,31,-0.014742493629455566,0.9177327156066895,-0.06818878650665283,0.5292873978614807
1103,driver,0,7,Finish,32,0.19952404499053955,0.8191006779670715,-0.023712053894996643,0.18400423228740692
1215,iron,0,0,Address,0,0.4054073989391327,-0.3696591556072235,-0.18487370014190674,0.9996660947799683
1215,iron,0,0,Address,1,0.4210377633571625,-0.4032355546951294,-0.18505513668060303,0.999649167060852
1215,iron,0,0,Address,2,0.4233930706977844,-0.4015854299068451,-0.1734694242477417,0.9996272325515747
1215,iron,0,0,Address,3,0.42305153608322144,-0.4023071527481079,-0.17757105827331543,0.9997747540473938
1215,iron,0,0,Address,4,0.42669573426246643,-0.4044627547264099,-0.225166916847229,0.9997209906578064
1215,iron,0,0,Address,5,0.4266146421432495,-0.40117743611335754,-0.23898565769195557,0.9997393488883972
1215,iron,0,0,Address,6,0.4243544340133667,-0.3902227580547333,-0.2170732021331787,0.9998008608818054
1215,iron,0,0,Address,7,0.36411309242248535,-0.4658326506614685,-0.11428284645080566,0.9997588992118835
1215,iron,0,0,Address,8,0.31172236800193787,-0.4211764335632324,-0.24434100091457367,0.9993645548820496
1215,iron,0,0,Address,9,0.39161109924316406,-0.3816089332103729,-0.14786776900291443,0.9992750287055969
1215,iron,0,0,Address,10,0.3639187514781952,-0.34873831272125244,-0.20961087942123413,0.9993516802787781
1215,iron,0,0,Address,11,0.2645712196826935,-0.34899744391441345,0.06575918197631836,0.9999434947967529
1215,iron,0,0,Address,12,0.2668159008026123,-0.3861154019832611,-0.19358980655670166,0.9999314546585083
1215,iron,0,0,Address,13,0.24631130695343018,-0.12796567380428314,0.12392858415842056,0.21550805866718292
1215,iron,0,0,Address,14,0.24060502648353577,-0.07992614060640335,-0.26791322231292725,0.95833420753479
1215,iron,0,0,Address,15,0.2948570251464844,0.10596445202827454,0.15350812673568726,0.3165237605571747
1215,iron,0,0,Address,16,0.2702982425689697,0.09185465425252914,-0.24380791187286377,0.7392628788948059
1215,iron,0,0,Address,17,0.3029981851577759,0.13793182373046875,0.17609751224517822,0.3040206730365753
1215,iron,0,0,Address,18,0.299595445394516,0.1347745805978775,-0.2878241240978241,0.634316623210907
1215,iron,0,0,Address,19,0.3138335943222046,0.13975591957569122,0.15271228551864624,0.3258914649486542
1215,iron,0,0,Address,20,0.3498232662677765,0.12042433768510818,-0.27916938066482544,0.6255964636802673
1215,iron,0,0,Address,21,0.29681774973869324,0.13677236437797546,0.1434348225593567,0.2933017909526825
1215,iron,0,0,Address,22,0.28906765580177307,0.09539102017879486,-0.24655461311340332,0.49167177081108093
1215,iron,0,0,Address,23,0.014828519895672798,0.0018137968145310879,0.11806093156337738,0.999946117401123
1215,iron,0,0,Address,24,-0.00974774919450283,-0.0031382283195853233,-0.11745500564575195,0.9999473094940186
1215,iron,0,0,Address,25,0.10239867866039276,0.3986126184463501,0.16035521030426025,0.17943421006202698
1215,iron,0,0,Address,26,0.11698982119560242,0.36082690954208374,-0.10865437984466553,0.9384029507637024
1215,iron,0,0,Address,27,0.08629617094993591,0.7493788003921509,0.26602810621261597,0.41632983088493347
1215,iron,0,0,Address,28,0.031182140111923218,0.7193998694419861,-0.013506412506103516,0.9559614062309265
1215,iron,0,0,Address,29,0.072559654712677,0.7776679992675781,0.28122079372406006,0.4649368226528168
1215,iron,0,0,Address,30,0.0328887403011322,0.753549337387085,-0.04002535343170166,0.894016444683075
1215,iron,0,0,Address,31,0.1977483034133911,0.7815424203872681,0.2703523635864258,0.5385456085205078
1215,iron,0,0,Address,32,0.15070772171020508,0.7751100063323975,-0.07997564971446991,0.9159042835235596
1215,iron,0,1,Toe-up,0,0.3580566346645355,-0.3737438917160034,-0.18746784329414368,0.9996867179870605
1215,iron,0,1,Toe-up,1,0.37584519386291504,-0.40174341201782227,-0.18056213855743408,0.9993607401847839
1215,iron,0,1,Toe-up,2,0.3785991668701172,-0.39879685640335083,-0.1704345941543579,0.9994081258773804
1215,iron,0,1,Toe-up,3,0.3770819306373596,-0.39951810240745544,-0.17346155643463135,0.9994970560073853
1215,iron,0,1,Toe-up,4,0.37477946281433105,-0.40699878334999084,-0.2146742343902588,0.9996252059936523
1215,iron,0,1,Toe-up,5,0.3765553832054138,-0.4038262367248535,-0.22787083685398102,0.9997493624687195
1215,iron,0,1,Toe-up,6,0.37695175409317017,-0.39260444045066833,-0.20598524808883667,0.9997789263725281
1215,iron,0,1,Toe-up,7,0.34544581174850464,-0.4389755129814148,-0.10284042358398438,0.9996217489242554
1215,iron,0,1,Toe-up,8,0.2789649963378906,-0.42571842670440674,-0.1977018117904663,0.9994816184043884
1215,iron,0,1,Toe-up,9,0.3535798192024231,-0.3811446726322174,-0.14726519584655762,0.9995673298835754
1215,iron,0,1,Toe-up,10,0.3260263204574585,-0.35375115275382996,-0.20324432849884033,0.9996941089630127
1215,iron,0,1,Toe-up,11,0.3064868152141571,-0.3061738610267639,0.038523852825164795,0.9999594688415527
1215,iron,0,1,Toe-up,12,0.1783105581998825,-0.4275820255279541,-0.13369381427764893,0.9999799728393555
1215,iron,0,1,Toe-up,13,0.2714647650718689,-0.09518285095691681,0.026065288111567497,0.8803150057792664
1215,iron,0,1,Toe-up,14,0.11565432697534561,-0.125654935836792,-0.22221875190734863,0.9944919347763062
1215,iron,0,1,Toe-up,15,0.24169479310512543,0.10161527991294861,-0.013483643531799316,0.8212058544158936
1215,iron,0,1,Toe-up,16,0.12906304001808167,0.040927186608314514,-0.24193930625915527,0.9880405068397522
1215,iron,0,1,Toe-up,17,0.2316461205482483,0.1516125649213791,-0.01963329315185547,0.7948395609855652
1215,iron,0,1,Toe-up,18,0.14930711686611176,0.0946032702922821,-0.29461899399757385,0.9783545136451721
1215,iron,0,1,Toe-up,19,0.2145916372537613,0.13746961951255798,-0.04061245918273926,0.8052434921264648
1215,iron,0,1,Toe-up,20,0.21307702362537384,0.07876802980899811,-0.29820650815963745,0.9786197543144226
1215,iron,0,1,Toe-up,21,0.22764472663402557,0.12646281719207764,-0.027173111215233803,0.7855265140533447
1215,iron,0,1,Toe-up,22,0.15113136172294617,0.04948478937149048,-0.25298428535461426,0.9604472517967224
1215,iron,0,1,Toe-up,23,0.05945432186126709,0.01584499329328537,0.0936746597290039,0.9999628067016602
1215,iron,0,1,Toe-up,24,-0.05418653041124344,-0.018475553020834923,-0.09258413314819336,0.9999585151672363
1215,iron,0,1,Toe-up,25,0.12852653861045837,0.34477102756500244,-0.08849835395812988,0.806461751461029
1215,iron,0,1,Toe-up,26,0.1064559742808342,0.3008768558502197,-0.21169811487197876,0.9560022354125977
1215,iron,0,1,Toe-up,27,0.07273411750793457,0.6971443295478821,-0.09360768646001816,0.4946727454662323
1215,iron,0,1,Toe-up,28,0.034387171268463135,0.7109138369560242,-0.19008123874664307,0.8316245079040527
1215,iron,0,1,Toe-up,29,0.0553760826587677,0.7275629639625549,-0.08791649341583252,0.6088555455207825
1215,iron,0,1,Toe-up,30,0.03649631142616272,0.7503790259361267,-0.22650974988937378,0.7288413047790527
1215,iron,0,1,Toe-up,31,0.17097291350364685,0.7490105628967285,-0.10570847988128662,0.614545464515686
1215,iron,0,1,Toe-up,32,0.12235096096992493,0.7600565552711487,-0.2699650228023529,0.7863584160804749
1215,iron,0,2,Mid-backswing,0,0.36502599716186523,-0.44570469856262207,-0.024078205227851868,0.9996073842048645
1215,iron,0,2,Mid-backswing,1,0.3838556408882141,-0.4604511260986328,-0.011631369590759277,0.9991299510002136
1215,iron,0,2,Mid-backswing,2,0.38709330558776855,-0.4608469009399414,-0.0024504661560058594,0.9989321827888489
1215,iron,0,2,Mid-backswing,3,0.38627541065216064,-0.461675763130188,-0.005541563034057617,0.9990952014923096
1215,iron,0,2,Mid-backswing,4,0.3772592842578888,-0.4751858413219452,-0.044328927993774414,0.9995037317276001
1215,iron,0,2,Mid-backswing,5,0.3807615637779236,-0.4736369848251343,-0.05907745659351349,0.9996060729026794
1215,iron,0,2,Mid-backswing,6,0.3798338770866394,-0.4630805552005768,-0.038926661014556885,0.999664306640625
1215,iron,0,2,Mid-backswing,7,0.35958531498908997,-0.47583964467048645,0.07331299781799316,0.9994823932647705
1215,iron,0,2,Mid-backswing,8,0.2778891623020172,-0.49318286776542664,-0.005835872143507004,0.999168872833252
1215,iron,0,2,Mid-backswing,9,0.36026087403297424,-0.4453524649143219,0.017944028601050377,0.9993374943733215
1215,iron,0,2,Mid-backswing,10,0.3295554220676422,-0.428475558757782,-0.03320109844207764,0.9995562434196472
1215,iron,0,2,Mid-backswing,11,0.31953150033950806,-0.3579617738723755,0.1298065185546875,0.9999462366104126
1215,iron,0,2,Mid-backswing,12,0.1563185453414917,-0.5292448997497559,0.06219923496246338,0.9999736547470093
1215,iron,0,2,Mid-backswing,13,0.28341686725616455,-0.26624158024787903,-0.027838051319122314,0.7059048414230347
1215,iron,0,2,Mid-backswing,14,0.0284653902053833,-0.38567155599594116,-0.1436607837677002,0.9332048296928406
1215,iron,0,2,Mid-backswing,15,0.17990225553512573,-0.21349310874938965,-0.16374242305755615,0.3685590326786041
1215,iron,0,2,Mid-backswing,16,-0.0023834407329559326,-0.31502920389175415,-0.34186768531799316,0.880999743938446
1215,iron,0,2,Mid-backswing,17,0.1461694836616516,-0.19643200933933258,-0.18872928619384766,0.35158300399780273
1215,iron,0,2,Mid-backswing,18,0.01349213719367981,-0.28799647092819214,-0.4160832166671753,0.8809353113174438
1215,iron,0,2,Mid-backswing,19,0.12957355380058289,-0.22634726762771606,-0.19506976008415222,0.3445724546909332
1215,iron,0,2,Mid-backswing,20,0.07324375212192535,-0.3089078366756439,-0.42227935791015625,0.8786057829856873
1215,iron,0,2,Mid-backswing,21,0.16413205862045288,-0.20227287709712982,-0.17116162180900574,0.263691782951355
1215,iron,0,2,Mid-backswing,22,0.013737231492996216,-0.31531578302383423,-0.3558361530303955,0.7796095609664917
1215,iron,0,2,Mid-backswing,23,0.06770269572734833,0.015323045663535595,0.08012078702449799,0.9999396800994873
1215,iron,0,2,Mid-backswing,24,-0.06307964026927948,-0.01830163784325123,-0.07779383659362793,0.9999514818191528
1215,iron,0,2,Mid-backswing,25,0.1505744457244873,0.38839995861053467,-0.018061161041259766,0.26841485500335693
1215,iron,0,2,Mid-backswing,26,0.08185312896966934,0.3263224959373474,-0.16389352083206177,0.7885062098503113
1215,iron,0,2,Mid-backswing,27,0.06274145841598511,0.7352694869041443,0.03356519341468811,0.08348596841096878
1215,iron,0,2,Mid-backswing,28,0.00733572244644165,0.7377346158027649,-0.13308405876159668,0.5570660829544067
1215,iron,0,2,Mid-backswing,29,0.03979897499084473,0.763532280921936,0.04377317428588867,0.12504899501800537
1215,iron,0,2,Mid-backswing,30,0.011820763349533081,0.7752383351325989,-0.1735822558403015,0.3992985785007477
1215,iron,0,2,Mid-backswing,31,0.14760437607765198,0.7791166305541992,0.014363527297973633,0.10341434925794601
1215,iron,0,2,Mid-backswing,32,0.11759883165359497,0.7712446451187134,-0.2516873776912689,0.37679195404052734
1215,iron,0,3,Top,0,0.39025241136550903,-0.3731934428215027,-0.09157463908195496,0.9687572717666626
1215,iron,0,3,Top,1,0.40102654695510864,-0.399646520614624,-0.08965659141540527,0.9340484738349915
1215,iron,0,3,Top,2,0.4041106700897217,-0.40031108260154724,-0.07986330986022949,0.929770290851593
1215,iron,0,3,Top,3,0.40192103385925293,-0.4001671373844147,-0.08060431480407715,0.9502369165420532
1215,iron,0,3,Top,4,0.4049517512321472,-0.40700411796569824,-0.12745702266693115,0.9673686623573303
1215,iron,0,3,Top,5,0.40600740909576416,-0.40486961603164673,-0.1410185694694519,0.9762998819351196
1215,iron,0,3,Top,6,0.4053705930709839,-0.39534860849380493,-0.12003082036972046,0.9844918847084045
1215,iron,0,3,Top,7,0.3609318733215332,-0.4509826898574829,-0.015624523162841797,0.9750025272369385
1215,iron,0,3,Top,8,0.3022293448448181,-0.43987658619880676,-0.12001869082450867,0.961017906665802
1215,iron,0,3,Top,9,0.37983641028404236,-0.38381901383399963,-0.05198771879076958,0.9549299478530884
1215,iron,0,3,Top,10,0.35507863759994507,-0.357036292552948,-0.11129087209701538,0.9760631918907166
1215,iron,0,3,Top,11,0.31060823798179626,-0.38314318656921387,0.0835263729095459,0.9988871216773987
1215,iron,0,3,Top,12,0.16636967658996582,-0.49853548407554626,-0.0049408674240112305,0.9991760849952698
1215,iron,0,3,Top,13,0.2611240744590759,-0.43516436219215393,0.07702648639678955,0.16252796351909637
1215,iron,0,3,Top,14,-0.01819513738155365,-0.42303043603897095,-0.17009377479553223,0.6811708211898804
1215,iron,0,3,Top,15,0.12423153221607208,-0.5801107287406921,0.12442004680633545,0.09802500903606415
1215,iron,0,3,Top,16,-0.005995526909828186,-0.5757531523704529,-0.2881850004196167,0.580094039440155
1215,iron,0,3,Top,17,0.07863636314868927,-0.6252352595329285,0.13556230068206787,0.0964449867606163
1215,iron,0,3,Top,18,0.03857836127281189,-0.6241766810417175,-0.3513062000274658,0.5813044905662537
1215,iron,0,3,Top,19,0.07574251294136047,-0.662896990776062,0.14139491319656372,0.09445732831954956
1215,iron,0,3,Top,20,0.08470578491687775,-0.6696323752403259,-0.33915823698043823,0.5873275399208069
1215,iron,0,3,Top,21,0.11238181591033936,-0.5811240673065186,0.12722443044185638,0.07120630145072937
1215,iron,0,3,Top,22,0.007922887802124023,-0.6029360294342041,-0.29386138916015625,0.42707547545433044
1215,iron,0,3,Top,23,0.06562075763940811,0.01105373166501522,0.09062111377716064,0.9994644522666931
1215,iron,0,3,Top,24,-0.06134587898850441,-0.014936065301299095,-0.08848094940185547,0.9994458556175232
1215,iron,0,3,Top,25,0.21066465973854065,0.30903375148773193,-0.04395925998687744,0.06565618515014648
1215,iron,0,3,Top,26,0.08835195749998093,0.29954269528388977,-0.2068873643875122,0.41714462637901306
1215,iron,0,3,Top,27,0.11327755451202393,0.6533811092376709,0.03520301729440689,0.017801154404878616
1215,iron,0,3,Top,28,0.05761536955833435,0.6968508362770081,-0.16888892650604248,0.24114203453063965
1215,iron,0,3,Top,29,0.089165598154068,0.6772538423538208,0.04948103427886963,0.04847070574760437
1215,iron,0,3,Top,30,0.06416958570480347,0.7328715324401855,-0.20430541038513184,0.1793137937784195
1215,iron,0,3,Top,31,0.19478067755699158,0.6958275437355042,0.029877662658691406,0.029681067913770676
1215,iron,0,3,Top,32,0.17543098330497742,0.7180299758911133,-0.2721632122993469,0.16126896440982819
1215,iron,0,4,Mid-downswing,0,0.42220020294189453,-0.29448139667510986,-0.13836941123008728,0.9868077635765076
1215,iron,0,4,Mid-downswing,1,0.43923285603523254,-0.3195074200630188,-0.1307849884033203,0.9750946760177612
1215,iron,0,4,Mid-downswing,2,0.4434274137020111,-0.31654083728790283,-0.12209510803222656,0.9802535772323608
1215,iron,0,4,Mid-downswing,3,0.44211384654045105,-0.3167918026447296,-0.12410211563110352,0.9866489768028259
1215,iron,0,4,Mid-downswing,4,0.43943846225738525,-0.32082077860832214,-0.17094159126281738,0.9772130846977234
1215,iron,0,4,Mid-downswing,5,0.43967124819755554,-0.31772634387016296,-0.18457426130771637,0.981046736240387
1215,iron,0,4,Mid-downswing,6,0.43607306480407715,-0.3076733946800232,-0.1624516248703003,0.9825354814529419
1215,iron,0,4,Mid-downswing,7,0.4093739092350006,-0.3666417598724365,-0.0559687614440918,0.9899771213531494
1215,iron,0,4,Mid-downswing,8,0.33208167552948,-0.3641258180141449,-0.1601388156414032,0.9535402059555054
1215,iron,0,4,Mid-downswing,9,0.41518378257751465,-0.3014306426048279,-0.1017003059387207,0.9784525036811829
1215,iron,0,4,Mid-downswing,10,0.3802812099456787,-0.28168806433677673,-0.159007728099823,0.9742047190666199
1215,iron,0,4,Mid-downswing,11,0.3521188497543335,-0.27507472038269043,0.0657091736793518,0.9998838901519775
1215,iron,0,4,Mid-downswing,12,0.2470375895500183,-0.3737330436706543,-0.0850226879119873,0.9985957741737366
1215,iron,0,4,Mid-downswing,13,0.34359562397003174,-0.11556039750576019,-0.010343015193939209,0.3942772448062897
1215,iron,0,4,Mid-downswing,14,0.20743350684642792,-0.13266398012638092,-0.08641839027404785,0.7284802794456482
1215,iron,0,4,Mid-downswing,15,0.22064319252967834,-0.10318470746278763,-0.12679451704025269,0.28264564275741577
1215,iron,0,4,Mid-downswing,16,0.2852994501590729,-0.1397750824689865,0.04032790660858154,0.19312259554862976
1215,iron,0,4,Mid-downswing,17,0.1850101798772812,-0.10386687517166138,-0.14647281169891357,0.2846151292324066
1215,iron,0,4,Mid-downswing,18,0.3319471776485443,-0.12201908975839615,0.013489782810211182,0.15721875429153442
1215,iron,0,4,Mid-downswing,19,0.16549474000930786,-0.15268738567829132,-0.1430814266204834,0.2835286855697632
1215,iron,0,4,Mid-downswing,20,0.3722502291202545,-0.16826912760734558,0.006476283073425293,0.15500369668006897
1215,iron,0,4,Mid-downswing,21,0.19588693976402283,-0.10516035556793213,-0.13257750868797302,0.23190349340438843
1215,iron,0,4,Mid-downswing,22,0.30140793323516846,-0.15881666541099548,0.03348112106323242,0.12224958091974258
1215,iron,0,4,Mid-downswing,23,0.05168520659208298,0.019538849592208862,0.09701181948184967,0.9999064207077026
1215,iron,0,4,Mid-downswing,24,-0.045597173273563385,-0.020110532641410828,-0.09750032424926758,0.9997809529304504
1215,iron,0,4,Mid-downswing,25,0.14158275723457336,0.38861748576164246,0.028121590614318848,0.04260736703872681
1215,iron,0,4,Mid-downswing,26,0.11081058531999588,0.3254478871822357,-0.14763712882995605,0.6482210755348206
1215,iron,0,4,Mid-downswing,27,0.10253104567527771,0.7334681749343872,0.08252081274986267,0.040284816175699234
1215,iron,0,4,Mid-downswing,28,0.017739444971084595,0.7000747323036194,-0.12957584857940674,0.5078533291816711
1215,iron,0,4,Mid-downswing,29,0.08855867385864258,0.7578482627868652,0.0916438102722168,0.08384627848863602
1215,iron,0,4,Mid-downswing,30,0.01623976230621338,0.7365161776542664,-0.16131466627120972,0.4344015419483185
1215,iron,0,4,Mid-downswing,31,0.1988169252872467,0.7911170721054077,0.08763623237609863,0.058977629989385605
1215,iron,0,4,Mid-downswing,32,0.11726385354995728,0.7573854923248291,-0.19605907797813416,0.3561006486415863
1215,iron,0,5,Impact,0,0.3899000585079193,-0.2840188145637512,-0.06015898287296295,0.9995092153549194
1215,iron,0,5,Impact,1,0.4133489727973938,-0.30231523513793945,-0.058870553970336914,0.9994816184043884
1215,iron,0,5,Impact,2,0.41706401109695435,-0.30166342854499817,-0.049469828605651855,0.9994469285011292
1215,iron,0,5,Impact,3,0.4165297746658325,-0.3021019995212555,-0.052312254905700684,0.9996564388275146
1215,iron,0,5,Impact,4,0.4214244782924652,-0.3083916902542114,-0.1026771068572998,0.9996395111083984
1215,iron,0,5,Impact,5,0.42284154891967773,-0.3054215908050537,-0.11707423627376556,0.9996767044067383
1215,iron,0,5,Impact,6,0.42000558972358704,-0.29512277245521545,-0.09567773342132568,0.9997441172599792
1215,iron,0,5,Impact,7,0.3746330738067627,-0.3806306719779968,0.008285045623779297,0.9997065663337708
1215,iron,0,5,Impact,8,0.3337613344192505,-0.36068248748779297,-0.13211438059806824,0.9993744492530823
1215,iron,0,5,Impact,9,0.3778853416442871,-0.31089475750923157,-0.02703198790550232,0.9993500113487244
1215,iron,0,5,Impact,10,0.3532867133617401,-0.2857363224029541,-0.09233307838439941,0.9995161294937134
1215,iron,0,5,Impact,11,0.2787817418575287,-0.31328853964805603,0.14624792337417603,0.9999686479568481
1215,iron,0,5,Impact,12,0.24478384852409363,-0.4269494414329529,-0.08299529552459717,0.999954104423523
1215,iron,0,5,Impact,13,0.23682162165641785,-0.12731295824050903,0.13674603402614594,0.08437295258045197
1215,iron,0,5,Impact,14,0.155405655503273,-0.19833149015903473,-0.22095537185668945,0.902168869972229
1215,iron,0,5,Impact,15,0.29200294613838196,0.05592070519924164,0.08460456132888794,0.13295972347259521
1215,iron,0,5,Impact,16,0.21769219636917114,-0.15051232278347015,-0.27013683319091797,0.49792203307151794
1215,iron,0,5,Impact,17,0.30481404066085815,0.08038521558046341,0.08739900588989258,0.1568089723587036
1215,iron,0,5,Impact,18,0.25856027007102966,-0.13929817080497742,-0.3198147714138031,0.37591272592544556
1215,iron,0,5,Impact,19,0.3155146539211273,0.0749942883849144,0.07037794589996338,0.171653151512146
1215,iron,0,5,Impact,20,0.30906134843826294,-0.1684163510799408,-0.3067395091056824,0.364962637424469
1215,iron,0,5,Impact,21,0.2938570976257324,0.08057554811239243,0.07324844598770142,0.15494830906391144
1215,iron,0,5,Impact,22,0.23635274171829224,-0.15938280522823334,-0.27122068405151367,0.23658789694309235
1215,iron,0,5,Impact,23,0.03436274081468582,0.013569081202149391,0.10451140999794006,0.999990701675415
1215,iron,0,5,Impact,24,-0.029152879491448402,-0.015180333517491817,-0.10289180278778076,0.9999908208847046
1215,iron,0,5,Impact,25,0.08037987351417542,0.39831626415252686,0.12017738819122314,0.18469712138175964
1215,iron,0,5,Impact,26,0.045905888080596924,0.36473923921585083,-0.11441665887832642,0.9757385849952698
1215,iron,0,5,Impact,27,0.11157333850860596,0.7495146989822388,0.20977184176445007,0.33102089166641235
1215,iron,0,5,Impact,28,-0.007813960313796997,0.7484748363494873,-0.08165013790130615,0.9649842381477356
1215,iron,0,5,Impact,29,0.10107153654098511,0.776831865310669,0.22346019744873047,0.36747726798057556
1215,iron,0,5,Impact,30,-0.0020803213119506836,0.784625232219696,-0.11517971754074097,0.8919157981872559
1215,iron,0,5,Impact,31,0.23580309748649597,0.7687734365463257,0.1988060474395752,0.5086199045181274
1215,iron,0,5,Impact,32,0.11500990390777588,0.7921342849731445,-0.17084726691246033,0.9408458471298218
1215,iron,0,6,Mid-follow-through,0,0.33136504888534546,-0.3426622748374939,-0.055825620889663696,0.9955377578735352
1215,iron,0,6,Mid-follow-through,1,0.35067155957221985,-0.356608122587204,-0.054129958152770996,0.9936840534210205
1215,iron,0,6,Mid-follow-through,2,0.354769229888916,-0.3558187186717987,-0.044982314109802246,0.9914189577102661
1215,iron,0,6,Mid-follow-through,3,0.3528077304363251,-0.356754332780838,-0.04755067825317383,0.9946897029876709
1215,iron,0,6,Mid-follow-through,4,0.357006311416626,-0.37180420756340027,-0.09455275535583496,0.9970623850822449
1215,iron,0,6,Mid-follow-through,5,0.3598504066467285,-0.3687264323234558,-0.10836100578308105,0.9976771473884583
1215,iron,0,6,Mid-follow-through,6,0.3618607819080353,-0.357524573802948,-0.08798223733901978,0.9988514184951782
1215,iron,0,6,Mid-follow-through,7,0.3128727376461029,-0.41608989238739014,0.01101827621459961,0.9926506876945496
1215,iron,0,6,Mid-follow-through,8,0.27189651131629944,-0.41336172819137573,-0.11051736027002335,0.9965720176696777
1215,iron,0,6,Mid-follow-through,9,0.3129327595233917,-0.3653590977191925,-0.015636347234249115,0.9877148866653442
1215,iron,0,6,Mid-follow-through,10,0.2964581251144409,-0.3407425284385681,-0.07839685678482056,0.994481086730957
1215,iron,0,6,Mid-follow-through,11,0.2237880527973175,-0.3544186055660248,0.15905088186264038,0.9992634654045105
1215,iron,0,6,Mid-follow-through,12,0.1558718979358673,-0.48278915882110596,-0.031856536865234375,0.9999127388000488
1215,iron,0,6,Mid-follow-through,13,0.2110811173915863,-0.21903957426548004,0.15780751407146454,0.005100497975945473
1215,iron,0,6,Mid-follow-through,14,0.1522609442472458,-0.24411863088607788,-0.06523287296295166,0.7906061410903931
1215,iron,0,6,Mid-follow-through,15,0.24957242608070374,-0.22608628869056702,0.13130652904510498,0.0022062472999095917
1215,iron,0,6,Mid-follow-through,16,0.22796237468719482,-0.23563088476657867,0.018085718154907227,0.247384712100029
1215,iron,0,6,Mid-follow-through,17,0.25075358152389526,-0.24670282006263733,0.127282977104187,0.004078426398336887
1215,iron,0,6,Mid-follow-through,18,0.2826330065727234,-0.2457079142332077,-0.013204306364059448,0.17201001942157745
1215,iron,0,6,Mid-follow-through,19,0.2543167471885681,-0.2693341076374054,0.12404263019561768,0.004165674559772015
1215,iron,0,6,Mid-follow-through,20,0.308601975440979,-0.29740816354751587,-0.004211366176605225,0.16500966250896454
1215,iron,0,6,Mid-follow-through,21,0.25424230098724365,-0.2204962521791458,0.126079723238945,0.003949687350541353
1215,iron,0,6,Mid-follow-through,22,0.24056044220924377,-0.2568089962005615,0.018132925033569336,0.10156276822090149
1215,iron,0,6,Mid-follow-through,23,0.04406311362981796,0.007689587771892548,0.09929129481315613,0.9999831914901733
1215,iron,0,6,Mid-follow-through,24,-0.039154015481472015,-0.01253867894411087,-0.09922158718109131,0.9999877214431763
1215,iron,0,6,Mid-follow-through,25,0.08680406212806702,0.4108066260814667,0.030251145362854004,0.12668679654598236
1215,iron,0,6,Mid-follow-through,26,0.006651639938354492,0.34312447905540466,-0.10779792070388794,0.7341422438621521
1215,iron,0,6,Mid-follow-through,27,0.08790409564971924,0.7653042078018188,0.07616971433162689,0.1634647399187088
1215,iron,0,6,Mid-follow-through,28,-0.035021036863327026,0.7201897501945496,-0.07104361057281494,0.6650620102882385
1215,iron,0,6,Mid-follow-through,29,0.06943017244338989,0.796795666217804,0.08581030368804932,0.2073960304260254
1215,iron,0,6,Mid-follow-through,30,-0.03232255578041077,0.7544911503791809,-0.108772873878479,0.32638758420944214
1215,iron,0,6,Mid-follow-through,31,0.17614544928073883,0.7900254130363464,0.06087172031402588,0.31558147072792053
1215,iron,0,6,Mid-follow-through,32,0.06961861252784729,0.7375527620315552,-0.1796587109565735,0.6285650730133057
1215,iron,0,7,Finish,0,0.15938778221607208,-0.6523424386978149,0.04820287972688675,0.9999293088912964
1215,iron,0,7,Finish,1,0.16988517343997955,-0.6606531143188477,0.014102697372436523,0.9998432397842407
1215,iron,0,7,Finish,2,0.1703210473060608,-0.6629871129989624,0.024424076080322266,0.9998492002487183
1215,iron,0,7,Finish,3,0.17152737081050873,-0.6631549596786499,0.02272653579711914,0.999862790107727
1215,iron,0,7,Finish,4,0.19409698247909546,-0.6703199148178101,0.007234454154968262,0.9999009370803833
1215,iron,0,7,Finish,5,0.19858482480049133,-0.6694773435592651,-0.007343202829360962,0.9999315738677979
1215,iron,0,7,Finish,6,0.20075225830078125,-0.6587780714035034,0.013680756092071533,0.9999440908432007
1215,iron,0,7,Finish,7,0.15725763142108917,-0.6058955192565918,-0.07514762878417969,0.9998886585235596
1215,iron,0,7,Finish,8,0.23170720040798187,-0.5632237195968628,-0.022805839776992798,0.9998651742935181
1215,iron,0,7,Finish,9,0.16285094618797302,-0.6214190721511841,0.03671476989984512,0.9997166991233826
1215,iron,0,7,Finish,10,0.18190963566303253,-0.5859361290931702,0.019987881183624268,0.9997963309288025
1215,iron,0,7,Finish,11,0.05237825587391853,-0.46199843287467957,-0.0830731987953186,0.9999741315841675
1215,iron,0,7,Finish,12,0.23666271567344666,-0.5266563892364502,0.13904905319213867,0.9999603033065796
1215,iron,0,7,Finish,13,-0.13634929060935974,-0.4264640212059021,-0.16417983174324036,0.9468423128128052
1215,iron,0,7,Finish,14,-0.020251840353012085,-0.4942815899848938,0.11371922492980957,0.11536544561386108
1215,iron,0,7,Finish,15,-0.257506400346756,-0.4984450340270996,-0.11220866441726685,0.8488892316818237
1215,iron,0,7,Finish,16,-0.2561180293560028,-0.6142500638961792,0.03606915473937988,0.7959733605384827
1215,iron,0,7,Finish,17,-0.2939348518848419,-0.5334660410881042,-0.10038340091705322,0.8863000273704529
1215,iron,0,7,Finish,18,-0.2628760039806366,-0.6564691066741943,0.0067235976457595825,0.8843787908554077
1215,iron,0,7,Finish,19,-0.2823321223258972,-0.5642141103744507,-0.09169667959213257,0.891659140586853
1215,iron,0,7,Finish,20,-0.2551369071006775,-0.6882674694061279,-0.009850561618804932,0.8875330090522766
1215,iron,0,7,Finish,21,-0.252361536026001,-0.5005698800086975,-0.10598985850811005,0.824590265750885
1215,iron,0,7,Finish,22,-0.2696062922477722,-0.636785089969635,0.020621299743652344,0.875931441783905
1215,iron,0,7,Finish,23,-0.048359084874391556,-0.00047999341040849686,-0.01703113317489624,0.99997878074646
1215,iron,0,7,Finish,24,0.05143509432673454,-0.005750512704253197,0.016778111457824707,0.9999815225601196
1215,iron,0,7,Finish,25,-0.03496710583567619,0.4196788966655731,-0.05643141269683838,0.6739884614944458
1215,iron,0,7,Finish,26,0.11457683145999908,0.29591628909111023,-0.0032725930213928223,0.5184552073478699
1215,iron,0,7,Finish,27,0.012358143925666809,0.7812421917915344,-0.07233461737632751,0.8704908490180969
1215,iron,0,7,Finish,28,0.10944946110248566,0.7024990916252136,0.016536474227905273,0.6967014670372009
1215,iron,0,7,Finish,29,-0.0005013793706893921,0.8132724165916443,-0.06278848648071289,0.9063941240310669
1215,iron,0,7,Finish,30,0.10935600101947784,0.7331920862197876,-0.019456565380096436,0.7583151459693909
1215,iron,0,7,Finish,31,0.039424359798431396,0.833105742931366,-0.056975364685058594,0.7760545611381531
1215,iron,0,7,Finish,32,0.13011913001537323,0.7656288146972656,-0.03472011536359787,0.5297651886940002
1216,iron,1,0,Address,0,0.40478187799453735,-0.39503487944602966,-0.1951097846031189,0.9999066591262817
1216,iron,1,0,Address,1,0.41997483372688293,-0.4279012382030487,-0.19498741626739502,0.9999102354049683
1216,iron,1,0,Address,2,0.4217040240764618,-0.42596232891082764,-0.18334901332855225,0.9998931884765625
1216,iron,1,0,Address,3,0.4219641089439392,-0.42687204480171204,-0.18678367137908936,0.9999284744262695
1216,iron,1,0,Address,4,0.42486074566841125,-0.43015962839126587,-0.23381388187408447,0.9999328851699829
1216,iron,1,0,Address,5,0.42470023036003113,-0.42703092098236084,-0.24750424921512604,0.9999362230300903
1216,iron,1,0,Address,6,0.4225597679615021,-0.415568470954895,-0.22572356462478638,0.9999527931213379
1216,iron,1,0,Address,7,0.36095574498176575,-0.4799466133117676,-0.12287425994873047,0.999903678894043
1216,iron,1,0,Address,8,0.3069402575492859,-0.4363757371902466,-0.24536974728107452,0.999825656414032
1216,iron,1,0,Address,9,0.3894416093826294,-0.40317973494529724,-0.15668432414531708,0.9996492862701416
1216,iron,1,0,Address,10,0.36214113235473633,-0.37006741762161255,-0.21583843231201172,0.9997199177742004
1216,iron,1,0,Address,11,0.24048377573490143,-0.37593933939933777,0.062143683433532715,0.999932050704956
1216,iron,1,0,Address,12,0.2861277163028717,-0.37807852029800415,-0.1828097105026245,0.9999517202377319
1216,iron,1,0,Address,13,0.24172985553741455,-0.15586312115192413,0.1086091697216034,0.1136111319065094
1216,iron,1,0,Address,14,0.2794809937477112,-0.06286162883043289,-0.25112080574035645,0.9508227705955505
1216,iron,1,0,Address,15,0.2853880524635315,0.08092519640922546,0.13499492406845093,0.1285853385925293
1216,iron,1,0,Address,16,0.28071585297584534,0.10843496769666672,-0.21882498264312744,0.768984854221344
1216,iron,1,0,Address,17,0.29503875970840454,0.10182617604732513,0.15856754779815674,0.13530631363391876
1216,iron,1,0,Address,18,0.3082057535648346,0.13925360143184662,-0.2595171630382538,0.6761882305145264
1216,iron,1,0,Address,19,0.30055123567581177,0.10815168172121048,0.13603097200393677,0.1443982869386673
1216,iron,1,0,Address,20,0.3421212136745453,0.1220233291387558,-0.2523764371871948,0.6616801023483276
1216,iron,1,0,Address,21,0.28709039092063904,0.11221295595169067,0.12658637762069702,0.1263858675956726
1216,iron,1,0,Address,22,0.291978657245636,0.10887215286493301,-0.22221660614013672,0.5285958051681519
1216,iron,1,0,Address,23,-0.0014315787702798843,-0.009454143233597279,0.11516152322292328,0.9999464750289917
1216,iron,1,0,Address,24,0.006423059850931168,0.007808908820152283,-0.11457192897796631,0.9999619722366333
1216,iron,1,0,Address,25,0.10223740339279175,0.3870786428451538,0.1892070770263672,0.22322523593902588
1216,iron,1,0,Address,26,0.1157519519329071,0.36952295899391174,-0.05076587200164795,0.9440067410469055
1216,iron,1,0,Address,27,0.09322524070739746,0.7495874166488647,0.30344316363334656,0.4988830089569092
1216,iron,1,0,Address,28,0.023876279592514038,0.7450846433639526,0.04849445819854736,0.970908522605896
1216,iron,1,0,Address,29,0.08099037408828735,0.7800804376602173,0.31965017318725586,0.5523284077644348
1216,iron,1,0,Address,30,0.026117444038391113,0.7801600098609924,0.020692288875579834,0.924095869064331
1216,iron,1,0,Address,31,0.20807918906211853,0.7743019461631775,0.308355450630188,0.6265653371810913
1216,iron,1,0,Address,32,0.1585879921913147,0.799063503742218,-0.024046629667282104,0.9381126761436462
1216,iron,1,1,Toe-up,0,0.36500945687294006,-0.3653183877468109,-0.17775151133537292,0.9999386072158813
1216,iron,1,1,Toe-up,1,0.38389086723327637,-0.3905491828918457,-0.16984248161315918,0.9998786449432373
1216,iron,1,1,Toe-up,2,0.38681676983833313,-0.38797616958618164,-0.16004550457000732,0.999879002571106
1216,iron,1,1,Toe-up,3,0.38574162125587463,-0.3885112404823303,-0.16291821002960205,0.9999032020568848
1216,iron,1,1,Toe-up,4,0.3825940787792206,-0.3986862301826477,-0.2052086591720581,0.9999288320541382
1216,iron,1,1,Toe-up,5,0.3843471109867096,-0.3956925868988037,-0.21858207881450653,0.9999489784240723
1216,iron,1,1,Toe-up,6,0.38451817631721497,-0.3844872713088989,-0.196666419506073,0.9999539852142334
1216,iron,1,1,Toe-up,7,0.35014960169792175,-0.4247952401638031,-0.08531427383422852,0.9999042749404907
1216,iron,1,1,Toe-up,8,0.28399237990379333,-0.4217381477355957,-0.18584904074668884,0.9998606443405151
1216,iron,1,1,Toe-up,9,0.35801222920417786,-0.37161603569984436,-0.13630536198616028,0.9998916387557983
1216,iron,1,1,Toe-up,10,0.33014190196990967,-0.34788087010383606,-0.19334453344345093,0.9999258518218994
1216,iron,1,1,Toe-up,11,0.3044477701187134,-0.29301658272743225,0.04790997505187988,0.9999873638153076
1216,iron,1,1,Toe-up,12,0.17096051573753357,-0.4372548460960388,-0.118935227394104,0.9999916553497314
1216,iron,1,1,Toe-up,13,0.26670849323272705,-0.08995044231414795,0.014535229653120041,0.8864064812660217
1216,iron,1,1,Toe-up,14,0.09661934524774551,-0.15118330717086792,-0.22779428958892822,0.9910315275192261
1216,iron,1,1,Toe-up,15,0.22771885991096497,0.08107214421033859,-0.05706053972244263,0.88149493932724
1216,iron,1,1,Toe-up,16,0.12019772827625275,0.023066360503435135,-0.27059829235076904,0.9807538986206055
1216,iron,1,1,Toe-up,17,0.21151946485042572,0.12916699051856995,-0.07293593883514404,0.8728964328765869
1216,iron,1,1,Toe-up,18,0.13921432197093964,0.08206969499588013,-0.3268987238407135,0.9703195095062256
1216,iron,1,1,Toe-up,19,0.18817605078220367,0.1073865070939064,-0.09131455421447754,0.8789111375808716
1216,iron,1,1,Toe-up,20,0.2079538106918335,0.07073301821947098,-0.3309694528579712,0.9707710146903992
1216,iron,1,1,Toe-up,21,0.21053659915924072,0.10155083239078522,-0.06936381757259369,0.8503684997558594
1216,iron,1,1,Toe-up,22,0.1432383954524994,0.0345616489648819,-0.281980037689209,0.9454976320266724
1216,iron,1,1,Toe-up,23,0.06164015084505081,0.018421847373247147,0.09362876415252686,0.9999927282333374
1216,iron,1,1,Toe-up,24,-0.05663921311497688,-0.02059636078774929,-0.09216845035552979,0.9999903440475464
1216,iron,1,1,Toe-up,25,0.13739463686943054,0.34949612617492676,-0.1016392707824707,0.8278822302818298
1216,iron,1,1,Toe-up,26,0.10530606657266617,0.2813231348991394,-0.22552019357681274,0.9604712724685669
1216,iron,1,1,Toe-up,27,0.08363232016563416,0.6856088638305664,-0.11549125611782074,0.6748428344726562
1216,iron,1,1,Toe-up,28,0.04963809251785278,0.6742037534713745,-0.20126163959503174,0.9080531597137451
1216,iron,1,1,Toe-up,29,0.06595289707183838,0.7132592797279358,-0.11098241806030273,0.7550526261329651
1216,iron,1,1,Toe-up,30,0.05316132307052612,0.7109878063201904,-0.23701989650726318,0.8408496379852295
1216,iron,1,1,Toe-up,31,0.18264362215995789,0.732083261013031,-0.13976895809173584,0.8312827348709106
1216,iron,1,1,Toe-up,32,0.14864003658294678,0.7214450836181641,-0.2888287901878357,0.9116599559783936
1216,iron,1,2,Mid-backswing,0,0.35358208417892456,-0.45013779401779175,-0.061107367277145386,0.9998214840888977
1216,iron,1,2,Mid-backswing,1,0.3777022957801819,-0.46222224831581116,-0.04728245735168457,0.9996273517608643
1216,iron,1,2,Mid-backswing,2,0.3810988664627075,-0.46211087703704834,-0.03750574588775635,0.9994720816612244
1216,iron,1,2,Mid-backswing,3,0.38017719984054565,-0.4626803398132324,-0.040601491928100586,0.9995537400245667
1216,iron,1,2,Mid-backswing,4,0.36891797184944153,-0.4814658761024475,-0.07701218128204346,0.9997972846031189
1216,iron,1,2,Mid-backswing,5,0.37105128169059753,-0.47958505153656006,-0.09130740910768509,0.9998347759246826
1216,iron,1,2,Mid-backswing,6,0.36986225843429565,-0.4692365527153015,-0.07120335102081299,0.9998681545257568
1216,iron,1,2,Mid-backswing,7,0.36599910259246826,-0.4646296203136444,0.05382823944091797,0.9996285438537598
1216,iron,1,2,Mid-backswing,8,0.2709517478942871,-0.5015801191329956,-0.018336446955800056,0.9995625615119934
1216,iron,1,2,Mid-backswing,9,0.3542713522911072,-0.4450864791870117,-0.015930529683828354,0.9994795918464661
1216,iron,1,2,Mid-backswing,10,0.3183654546737671,-0.4337911307811737,-0.06322461366653442,0.9996728897094727
1216,iron,1,2,Mid-backswing,11,0.31865012645721436,-0.33767005801200867,0.13745778799057007,0.9999037981033325
1216,iron,1,2,Mid-backswing,12,0.16625171899795532,-0.5273481607437134,0.05214262008666992,0.9999794960021973
1216,iron,1,2,Mid-backswing,13,0.26969876885414124,-0.2074628472328186,0.016014976426959038,0.47221264243125916
1216,iron,1,2,Mid-backswing,14,0.03873240947723389,-0.3557775616645813,-0.1511005163192749,0.934150218963623
1216,iron,1,2,Mid-backswing,15,0.12306804209947586,-0.14939820766448975,-0.1037362813949585,0.20071208477020264
1216,iron,1,2,Mid-backswing,16,0.005230844020843506,-0.27012231945991516,-0.35587596893310547,0.9137797951698303
1216,iron,1,2,Mid-backswing,17,0.07404498755931854,-0.1336284577846527,-0.1282362937927246,0.22353345155715942
1216,iron,1,2,Mid-backswing,18,0.015531927347183228,-0.24033017456531525,-0.43404728174209595,0.9168782234191895
1216,iron,1,2,Mid-backswing,19,0.052118200808763504,-0.1695134937763214,-0.1379404067993164,0.22252701222896576
1216,iron,1,2,Mid-backswing,20,0.07747076451778412,-0.2551693618297577,-0.4369140565395355,0.9160215854644775
1216,iron,1,2,Mid-backswing,21,0.10190167278051376,-0.14153149724006653,-0.11077600717544556,0.16239839792251587
1216,iron,1,2,Mid-backswing,22,0.020344659686088562,-0.2676442861557007,-0.3693735599517822,0.8374954462051392
1216,iron,1,2,Mid-backswing,23,0.061744965612888336,0.018315577879548073,0.07966470718383789,0.9999455213546753
1216,iron,1,2,Mid-backswing,24,-0.057479117065668106,-0.020781803876161575,-0.0768357515335083,0.999963641166687
1216,iron,1,2,Mid-backswing,25,0.14039425551891327,0.37383294105529785,-0.012180566787719727,0.17860808968544006
1216,iron,1,2,Mid-backswing,26,0.08890125900506973,0.3367668688297272,-0.14752018451690674,0.7119787931442261
1216,iron,1,2,Mid-backswing,27,0.07552510499954224,0.7230211496353149,0.03731440007686615,0.0673961415886879
1216,iron,1,2,Mid-backswing,28,0.03592267632484436,0.7394125461578369,-0.10717582702636719,0.535570502281189
1216,iron,1,2,Mid-backswing,29,0.0554271936416626,0.7521339654922485,0.04705643653869629,0.11837206780910492
1216,iron,1,2,Mid-backswing,30,0.04197382926940918,0.7760646343231201,-0.14620399475097656,0.4727908968925476
1216,iron,1,2,Mid-backswing,31,0.17456281185150146,0.7647677063941956,0.01858997344970703,0.10684967041015625
1216,iron,1,2,Mid-backswing,32,0.14892926812171936,0.7640544772148132,-0.2157174050807953,0.4131143093109131
1216,iron,1,3,Top,0,0.40004950761795044,-0.4012987017631531,-0.09096843004226685,0.9976256489753723
1216,iron,1,3,Top,1,0.416073739528656,-0.4167283773422241,-0.08447754383087158,0.9947876930236816
1216,iron,1,3,Top,2,0.4190439283847809,-0.4172104001045227,-0.07520997524261475,0.994168758392334
1216,iron,1,3,Top,3,0.41698145866394043,-0.4172701835632324,-0.07560265064239502,0.9957829713821411
1216,iron,1,3,Top,4,0.4139408469200134,-0.4281453490257263,-0.11235618591308594,0.9969664216041565
1216,iron,1,3,Top,5,0.41476717591285706,-0.4264865219593048,-0.12576833367347717,0.9974798560142517
1216,iron,1,3,Top,6,0.4140971004962921,-0.4158901870250702,-0.10481125116348267,0.9983634352684021
1216,iron,1,3,Top,7,0.40944474935531616,-0.4315347671508789,-0.005320310592651367,0.9971557855606079
1216,iron,1,3,Top,8,0.326473206281662,-0.4419521391391754,-0.06197618693113327,0.9940045475959778
1216,iron,1,3,Top,9,0.40205782651901245,-0.3973221778869629,-0.050930384546518326,0.9940933585166931
1216,iron,1,3,Top,10,0.3705802857875824,-0.37749993801116943,-0.09635895490646362,0.9963943362236023
1216,iron,1,3,Top,11,0.3632737100124359,-0.3454386293888092,0.061966121196746826,0.9996008276939392
1216,iron,1,3,Top,12,0.19808053970336914,-0.49004557728767395,0.06024610996246338,0.9996784925460815
1216,iron,1,3,Top,13,0.26540616154670715,-0.4042673408985138,-0.02256624773144722,0.6609646081924438
1216,iron,1,3,Top,14,-0.004859462380409241,-0.42900627851486206,-0.09149599075317383,0.7935321927070618
1216,iron,1,3,Top,15,0.09922567009925842,-0.5713823437690735,-0.011224567890167236,0.4516659677028656
1216,iron,1,3,Top,16,-0.006387591361999512,-0.5812559127807617,-0.23446059226989746,0.8074880838394165
1216,iron,1,3,Top,17,0.04808992147445679,-0.6182528734207153,-0.009965777397155762,0.35648876428604126
1216,iron,1,3,Top,18,0.03670087456703186,-0.6202976107597351,-0.30064335465431213,0.793049156665802
1216,iron,1,3,Top,19,0.047839924693107605,-0.6523497700691223,-0.0013011693954467773,0.3351910412311554
1216,iron,1,3,Top,20,0.08942830562591553,-0.6658973097801208,-0.296871542930603,0.7994678020477295
1216,iron,1,3,Top,21,0.08546948432922363,-0.5724037289619446,-0.0069693922996521,0.25439751148223877
1216,iron,1,3,Top,22,0.01039034128189087,-0.6055826544761658,-0.24387884140014648,0.6943223476409912
1216,iron,1,3,Top,23,0.07028365135192871,0.015828460454940796,0.06925992667675018,0.9999008178710938
1216,iron,1,3,Top,24,-0.0665188804268837,-0.01853872835636139,-0.06771385669708252,0.9998981952667236
1216,iron,1,3,Top,25,0.20912323892116547,0.33031150698661804,-0.07508385181427002,0.35264578461647034
1216,iron,1,3,Top,26,0.08227125555276871,0.30557069182395935,-0.1644883155822754,0.7320223450660706
1216,iron,1,3,Top,27,0.10092979669570923,0.6649010181427002,0.006066352128982544,0.07807274162769318
1216,iron,1,3,Top,28,0.036780744791030884,0.6898372173309326,-0.09626579284667969,0.41134774684906006
1216,iron,1,3,Top,29,0.0760992169380188,0.6870467066764832,0.02051520347595215,0.1275615394115448
1216,iron,1,3,Top,30,0.04072391986846924,0.7234504222869873,-0.1292649507522583,0.2837863266468048
1216,iron,1,3,Top,31,0.18579190969467163,0.7048729658126831,0.004956364631652832,0.10860399156808853
1216,iron,1,3,Top,32,0.1346910297870636,0.7153160572052002,-0.18478924036026,0.31652140617370605
1216,iron,1,4,Mid-downswing,0,0.4176713526248932,-0.3110671639442444,-0.09679067134857178,0.9952391386032104
1216,iron,1,4,Mid-downswing,1,0.4330137372016907,-0.33521318435668945,-0.08580219745635986,0.9923670887947083
1216,iron,1,4,Mid-downswing,2,0.4380686283111572,-0.33238914608955383,-0.07826101779937744,0.9936984777450562
1216,iron,1,4,Mid-downswing,3,0.43677398562431335,-0.33289197087287903,-0.07988333702087402,0.9958789348602295
1216,iron,1,4,Mid-downswing,4,0.4361706078052521,-0.3374338150024414,-0.12712514400482178,0.9938826560974121
1216,iron,1,4,Mid-downswing,5,0.4370671808719635,-0.3340882360935211,-0.14072149991989136,0.994657576084137
1216,iron,1,4,Mid-downswing,6,0.43417611718177795,-0.3235974609851837,-0.11849641799926758,0.9957835674285889
1216,iron,1,4,Mid-downswing,7,0.3959910273551941,-0.3706011176109314,-0.013404130935668945,0.9958375692367554
1216,iron,1,4,Mid-downswing,8,0.3274937868118286,-0.366580992937088,-0.1179627776145935,0.9870555400848389
1216,iron,1,4,Mid-downswing,9,0.4069903492927551,-0.3138388991355896,-0.06036221235990524,0.9898734092712402
1216,iron,1,4,Mid-downswing,10,0.37542325258255005,-0.2923734784126282,-0.11804801225662231,0.9897643327713013
1216,iron,1,4,Mid-downswing,11,0.322334885597229,-0.2584598958492279,0.10949653387069702,0.9998956918716431
1216,iron,1,4,Mid-downswing,12,0.23353064060211182,-0.36959055066108704,-0.04896080493927002,0.9996028542518616
1216,iron,1,4,Mid-downswing,13,0.26649922132492065,-0.08144178241491318,0.009741224348545074,0.056505970656871796
1216,iron,1,4,Mid-downswing,14,0.15487828850746155,-0.12455817312002182,-0.03783845901489258,0.41236814856529236
1216,iron,1,4,Mid-downswing,15,0.1979990005493164,-0.08240453898906708,-0.1361573338508606,0.04725857824087143
1216,iron,1,4,Mid-downswing,16,0.2316293716430664,-0.140705406665802,0.08179032802581787,0.07429475337266922
1216,iron,1,4,Mid-downswing,17,0.18082323670387268,-0.09400130063295364,-0.15583693981170654,0.06701157987117767
1216,iron,1,4,Mid-downswing,18,0.2870705723762512,-0.13089221715927124,0.05717703700065613,0.0673021674156189
1216,iron,1,4,Mid-downswing,19,0.18776682019233704,-0.14367365837097168,-0.15184801816940308,0.06693226844072342
1216,iron,1,4,Mid-downswing,20,0.33084937930107117,-0.18968543410301208,0.050812482833862305,0.06551041454076767
1216,iron,1,4,Mid-downswing,21,0.19037429988384247,-0.08845950663089752,-0.14340656995773315,0.05409057065844536
1216,iron,1,4,Mid-downswing,22,0.24997349083423615,-0.16671480238437653,0.07492494583129883,0.04922185838222504
1216,iron,1,4,Mid-downswing,23,0.04753376543521881,0.021415553987026215,0.09455928206443787,0.9999568462371826
1216,iron,1,4,Mid-downswing,24,-0.04161970317363739,-0.022903647273778915,-0.09507691860198975,0.9999294281005859
1216,iron,1,4,Mid-downswing,25,0.14324574172496796,0.378849059343338,0.006325364112854004,0.017152030020952225
1216,iron,1,4,Mid-downswing,26,0.1264607310295105,0.3029313087463379,-0.17358803749084473,0.4186077415943146
1216,iron,1,4,Mid-downswing,27,0.0937395691871643,0.7309787273406982,0.03388629108667374,0.01468478050082922
1216,iron,1,4,Mid-downswing,28,0.014484554529190063,0.6878817081451416,-0.1786799430847168,0.26418647170066833
1216,iron,1,4,Mid-downswing,29,0.07787847518920898,0.7568973302841187,0.04068100452423096,0.041071947664022446
1216,iron,1,4,Mid-downswing,30,0.010319918394088745,0.7240416407585144,-0.21305859088897705,0.23965506255626678
1216,iron,1,4,Mid-downswing,31,0.1878061592578888,0.7832974195480347,0.03812217712402344,0.029499633237719536
1216,iron,1,4,Mid-downswing,32,0.11272525787353516,0.7389785051345825,-0.2458939254283905,0.20660077035427094
1216,iron,1,5,Impact,0,0.39831313490867615,-0.23220175504684448,-0.18796676397323608,0.9995874762535095
1216,iron,1,5,Impact,1,0.4196992516517639,-0.2574763894081116,-0.1902174949645996,0.999560534954071
1216,iron,1,5,Impact,2,0.42212069034576416,-0.25570642948150635,-0.17919278144836426,0.9995567202568054
1216,iron,1,5,Impact,3,0.4211186170578003,-0.256339430809021,-0.18251514434814453,0.9997480511665344
1216,iron,1,5,Impact,4,0.42757368087768555,-0.2585190534591675,-0.23279094696044922,0.9996848106384277
1216,iron,1,5,Impact,5,0.42761242389678955,-0.2549467086791992,-0.24686351418495178,0.9997106194496155
1216,iron,1,5,Impact,6,0.423961877822876,-0.24558225274085999,-0.22424519062042236,0.9997822642326355
1216,iron,1,5,Impact,7,0.3766874074935913,-0.338625967502594,-0.12376117706298828,0.999788224697113
1216,iron,1,5,Impact,8,0.3296637535095215,-0.30693086981773376,-0.26537951827049255,0.9994198083877563
1216,iron,1,5,Impact,9,0.3865971565246582,-0.25505563616752625,-0.1545766294002533,0.9994675517082214
1216,iron,1,5,Impact,10,0.3581923544406891,-0.22824627161026,-0.2197743058204651,0.9995787739753723
1216,iron,1,5,Impact,11,0.2949711084365845,-0.2598985731601715,0.0389828085899353,0.9999756813049316
1216,iron,1,5,Impact,12,0.2613748013973236,-0.3365532457828522,-0.20772647857666016,0.9999468326568604
1216,iron,1,5,Impact,13,0.2884595990180969,-0.05591004341840744,0.0873907059431076,0.32177940011024475
1216,iron,1,5,Impact,14,0.2013530433177948,-0.04743415117263794,-0.2925436496734619,0.9238871335983276
1216,iron,1,5,Impact,15,0.34413036704063416,0.1495887041091919,0.10951882600784302,0.34405118227005005
1216,iron,1,5,Impact,16,0.255149781703949,0.09610660374164581,-0.2829397916793823,0.575239896774292
1216,iron,1,5,Impact,17,0.3575599491596222,0.18031275272369385,0.12585079669952393,0.3123723566532135
1216,iron,1,5,Impact,18,0.2877498269081116,0.13874080777168274,-0.33353346586227417,0.4471951425075531
1216,iron,1,5,Impact,19,0.3720892071723938,0.17469921708106995,0.1022520661354065,0.3370472192764282
1216,iron,1,5,Impact,20,0.3530980944633484,0.12611603736877441,-0.3239985704421997,0.44251248240470886
1216,iron,1,5,Impact,21,0.34488677978515625,0.17678338289260864,0.09791829437017441,0.31961703300476074
1216,iron,1,5,Impact,22,0.2800908088684082,0.09988250583410263,-0.2865259647369385,0.3153931796550751
1216,iron,1,5,Impact,23,0.03281589224934578,0.010555068962275982,0.11245614290237427,0.9999780654907227
1216,iron,1,5,Impact,24,-0.027342112734913826,-0.011643679812550545,-0.11163079738616943,0.999972939491272
1216,iron,1,5,Impact,25,0.10269823670387268,0.39968615770339966,0.12929224967956543,0.1484127640724182
1216,iron,1,5,Impact,26,0.09117113053798676,0.36136093735694885,-0.1335923671722412,0.9382493495941162
1216,iron,1,5,Impact,27,0.11567437648773193,0.737820029258728,0.23943057656288147,0.29768604040145874
1216,iron,1,5,Impact,28,0.03755110502243042,0.7306303977966309,-0.08965134620666504,0.9636475443840027
1216,iron,1,5,Impact,29,0.1059134304523468,0.7607030868530273,0.25445473194122314,0.36976346373558044
1216,iron,1,5,Impact,30,0.04264238476753235,0.7660340666770935,-0.11985284090042114,0.8996457457542419
1216,iron,1,5,Impact,31,0.2353101670742035,0.7698862552642822,0.2359689474105835,0.44349613785743713
1216,iron,1,5,Impact,32,0.1508835256099701,0.7712448835372925,-0.18102213740348816,0.9345903396606445
1216,iron,1,6,Mid-follow-through,0,0.3293440043926239,-0.32594484090805054,-0.0004848092794418335,0.9990887641906738
1216,iron,1,6,Mid-follow-through,1,0.3469012975692749,-0.3438834846019745,-0.005057573318481445,0.9989602565765381
1216,iron,1,6,Mid-follow-through,2,0.3503262996673584,-0.34442412853240967,0.0052231550216674805,0.998678982257843
1216,iron,1,6,Mid-follow-through,3,0.3502950966358185,-0.34453457593917847,0.0027674436569213867,0.9990589022636414
1216,iron,1,6,Mid-follow-through,4,0.35751354694366455,-0.3480023145675659,-0.047570109367370605,0.9994853734970093
1216,iron,1,6,Mid-follow-through,5,0.35877108573913574,-0.3445110321044922,-0.06072423607110977,0.9995717406272888
1216,iron,1,6,Mid-follow-through,6,0.3581618070602417,-0.3336793780326843,-0.04032456874847412,0.9997307658195496
1216,iron,1,6,Mid-follow-through,7,0.3147871494293213,-0.43615198135375977,0.040158987045288086,0.9990205764770508
1216,iron,1,6,Mid-follow-through,8,0.2878698706626892,-0.3864758014678955,-0.09196612983942032,0.9992489218711853
1216,iron,1,6,Mid-follow-through,9,0.31798282265663147,-0.36230790615081787,0.02905420958995819,0.99729984998703
1216,iron,1,6,Mid-follow-through,10,0.3009294271469116,-0.326002299785614,-0.034941017627716064,0.998190701007843
1216,iron,1,6,Mid-follow-through,11,0.1876712441444397,-0.4269254803657532,0.14825141429901123,0.9998155236244202
1216,iron,1,6,Mid-follow-through,12,0.24924525618553162,-0.4406993091106415,-0.03152811527252197,0.9999440908432007
1216,iron,1,6,Mid-follow-through,13,0.17794685065746307,-0.3316658139228821,0.16376565396785736,0.004914479795843363
1216,iron,1,6,Mid-follow-through,14,0.22139352560043335,-0.1954789012670517,-0.10120260715484619,0.7671879529953003
1216,iron,1,6,Mid-follow-through,15,0.2450452446937561,-0.28248655796051025,0.18831807374954224,0.0022945820819586515
1216,iron,1,6,Mid-follow-through,16,0.22157630324363708,-0.23702850937843323,-0.0691603422164917,0.43661803007125854
1216,iron,1,6,Mid-follow-through,17,0.258029580116272,-0.29314854741096497,0.19693350791931152,0.004789590835571289
1216,iron,1,6,Mid-follow-through,18,0.2567383646965027,-0.2567923069000244,-0.1063738465309143,0.4307747781276703
1216,iron,1,6,Mid-follow-through,19,0.2604658007621765,-0.296901136636734,0.1881018877029419,0.005029594991356134
1216,iron,1,6,Mid-follow-through,20,0.2713996171951294,-0.29868578910827637,-0.10043609142303467,0.4240776002407074
1216,iron,1,6,Mid-follow-through,21,0.2512320876121521,-0.26346078515052795,0.18193940818309784,0.004797172266989946
1216,iron,1,6,Mid-follow-through,22,0.22568930685520172,-0.2605581283569336,-0.07194209098815918,0.2811102569103241
1216,iron,1,6,Mid-follow-through,23,0.0016442941268905997,0.00035820913035422564,0.09925657510757446,0.9999747276306152
1216,iron,1,6,Mid-follow-through,24,0.003962310031056404,-0.003428233787417412,-0.0978010892868042,0.9999855756759644
1216,iron,1,6,Mid-follow-through,25,0.06800130009651184,0.38098737597465515,0.051238179206848145,0.1414766013622284
1216,iron,1,6,Mid-follow-through,26,0.050734758377075195,0.33059054613113403,-0.10702770948410034,0.9572010040283203
1216,iron,1,6,Mid-follow-through,27,0.0793546736240387,0.7473734021186829,0.08094950020313263,0.27290454506874084
1216,iron,1,6,Mid-follow-through,28,0.005455821752548218,0.7041546702384949,-0.07517170906066895,0.9508669376373291
1216,iron,1,6,Mid-follow-through,29,0.06048727035522461,0.7741403579711914,0.0883944034576416,0.33625081181526184
1216,iron,1,6,Mid-follow-through,30,0.007468432188034058,0.7353297472000122,-0.10867351293563843,0.8983531594276428
1216,iron,1,6,Mid-follow-through,31,0.15543022751808167,0.7638981342315674,0.07651293277740479,0.44341424107551575
1216,iron,1,6,Mid-follow-through,32,0.12337273359298706,0.7431591749191284,-0.13477110862731934,0.9181174635887146
1216,iron,1,7,Finish,0,0.1695479154586792,-0.6332981586456299,0.028386741876602173,0.9999545812606812
1216,iron,1,7,Finish,1,0.18003739416599274,-0.6417422294616699,-0.007615208625793457,0.9999148845672607
1216,iron,1,7,Finish,2,0.1806497573852539,-0.643938422203064,0.0031698942184448242,0.9999234676361084
1216,iron,1,7,Finish,3,0.1817910373210907,-0.6440901756286621,0.0015292167663574219,0.9999287128448486
1216,iron,1,7,Finish,4,0.20680488646030426,-0.6514216661453247,-0.016795754432678223,0.9999395608901978
1216,iron,1,7,Finish,5,0.21133355796337128,-0.6496976017951965,-0.03210078179836273,0.999958872795105
1216,iron,1,7,Finish,6,0.21288150548934937,-0.6398787498474121,-0.010019898414611816,0.9999641180038452
1216,iron,1,7,Finish,7,0.15730060636997223,-0.5928678512573242,-0.09402847290039062,0.9999603033065796
1216,iron,1,7,Finish,8,0.23700523376464844,-0.5494951009750366,-0.0530681386590004,0.9999353885650635
1216,iron,1,7,Finish,9,0.16715915501117706,-0.6044577956199646,0.017305821180343628,0.9998668432235718
1216,iron,1,7,Finish,10,0.1862102448940277,-0.5692855715751648,-0.0029912590980529785,0.9998935461044312
1216,iron,1,7,Finish,11,0.0402313768863678,-0.45776134729385376,-0.09110724925994873,0.9999849796295166
1216,iron,1,7,Finish,12,0.24749749898910522,-0.5180820822715759,0.10880088806152344,0.9999681711196899
1216,iron,1,7,Finish,13,-0.16065950691699982,-0.4359518885612488,-0.1654919683933258,0.9715378880500793
1216,iron,1,7,Finish,14,-0.005318135023117065,-0.47443538904190063,0.07628744840621948,0.07641437649726868
1216,iron,1,7,Finish,15,-0.246679425239563,-0.5738592743873596,-0.10664361715316772,0.9478029012680054
1216,iron,1,7,Finish,16,-0.22257354855537415,-0.615198016166687,0.005323171615600586,0.662188708782196
1216,iron,1,7,Finish,17,-0.274844229221344,-0.6253969669342041,-0.09457290172576904,0.9586282968521118
1216,iron,1,7,Finish,18,-0.22458361089229584,-0.6606336832046509,-0.02345678210258484,0.8168996572494507
1216,iron,1,7,Finish,19,-0.25309520959854126,-0.6586040258407593,-0.08271574974060059,0.9597670435905457
1216,iron,1,7,Finish,20,-0.21542572975158691,-0.6924893856048584,-0.03614908456802368,0.8189085125923157
1216,iron,1,7,Finish,21,-0.23540973663330078,-0.5793189406394958,-0.09989354014396667,0.9272831082344055
1216,iron,1,7,Finish,22,-0.2337949275970459,-0.6394284963607788,-0.008291006088256836,0.8112793564796448
1216,iron,1,7,Finish,23,-0.05206333100795746,-0.001183394342660904,-0.005069911479949951,0.9999854564666748
1216,iron,1,7,Finish,24,0.055384259670972824,-0.004673168994486332,0.0048296451568603516,0.9999866485595703
1216,iron,1,7,Finish,25,-0.026422061026096344,0.40918847918510437,-0.022293925285339355,0.7105330228805542
1216,iron,1,7,Finish,26,0.10426375269889832,0.28725188970565796,-0.023099422454833984,0.7520321607589722
1216,iron,1,7,Finish,27,0.00107555091381073,0.7571882605552673,-0.01866239309310913,0.8844571113586426
1216,iron,1,7,Finish,28,0.09708434343338013,0.6799755096435547,-0.003771185874938965,0.8401569128036499
1216,iron,1,7,Finish,29,-0.015140533447265625,0.7876152396202087,-0.006542801856994629,0.927666425704956
1216,iron,1,7,Finish,30,0.09814058244228363,0.7094156742095947,-0.038909912109375,0.8815596699714661
1216,iron,1,7,Finish,31,0.020339205861091614,0.8267357349395752,0.010594367980957031,0.8241779804229736
1216,iron,1,7,Finish,32,0.12959326803684235,0.7484571933746338,-0.04975693300366402,0.7209892868995667
