frame,kp_idx,kp_name,x,y,conf
0,0,nose,94.3899154663086,55.44685363769531,0.9993425011634827
0,1,left_eye,94.9039077758789,52.70479202270508,0.9988879561424255
0,2,right_eye,94.5541763305664,52.55178451538086,0.9985886216163635
0,3,left_ear,91.96771621704102,50.64427375793457,0.9978283047676086
0,4,right_ear,91.53875350952148,50.64499378204346,0.9981277585029602
0,5,left_shoulder,80.69514274597168,58.376922607421875,0.9995055198669434
0,6,right_shoulder,83.81281852722168,59.11992073059082,0.9998482465744019
0,7,left_elbow,79.70070838928223,76.32182121276855,0.1065012738108635
0,8,right_elbow,83.3402156829834,78.06305885314941,0.966038167476654
0,9,left_wrist,86.34875297546387,92.34192848205566,0.12700365483760834
0,10,right_wrist,89.01620864868164,93.51461410522461,0.8926787972450256
0,11,left_hip,69.84164237976074,90.22446632385254,0.9992306232452393
0,12,right_hip,69.5797872543335,91.48322105407715,0.9997263550758362
0,13,left_knee,74.14803504943848,113.0404281616211,0.45550769567489624
0,14,right_knee,72.99079895019531,120.23722648620605,0.958325982093811
0,15,left_ankle,72.5550365447998,139.31921005249023,0.6368460059165955
0,16,right_ankle,69.82760429382324,148.03237915039062,0.9710357785224915
1,0,nose,94.08801078796387,55.175371170043945,0.9992242455482483
1,1,left_eye,94.70357894897461,52.6704740524292,0.9986975193023682
1,2,right_eye,94.04712677001953,52.273545265197754,0.9983952641487122
1,3,left_ear,91.86989784240723,50.770368576049805,0.9974517822265625
1,4,right_ear,91.06075286865234,50.58644771575928,0.9978489279747009
1,5,left_shoulder,82.23140716552734,59.666128158569336,0.9994197487831116
1,6,right_shoulder,82.23257064819336,58.851633071899414,0.9998233318328857
1,7,left_elbow,81.05268478393555,77.17506408691406,0.10538548231124878
1,8,right_elbow,82.53789901733398,77.25542545318604,0.9630481004714966
1,9,left_wrist,88.10174942016602,92.55085945129395,0.12677894532680511
1,10,right_wrist,89.01352882385254,92.90757179260254,0.886722981929779
1,11,left_hip,70.87148189544678,90.28396606445312,0.9991268515586853
1,12,right_hip,68.54500770568848,91.17263793945312,0.9996683597564697
1,13,left_knee,73.7225866317749,114.40610885620117,0.4583655297756195
1,14,right_knee,72.86961555480957,119.67617988586426,0.9572572708129883
1,15,left_ankle,71.79795265197754,142.73859024047852,0.6411224603652954
1,16,right_ankle,69.79625701904297,148.0566120147705,0.9703952670097351
2,0,nose,94.07705307006836,55.08525848388672,0.9992128014564514
2,1,left_eye,94.70985412597656,52.65851974487305,0.998681366443634
2,2,right_eye,94.03761863708496,52.17803955078125,0.9983986020088196
2,3,left_ear,91.88702583312988,50.76972007751465,0.9974269866943359
2,4,right_ear,91.05515480041504,50.38630962371826,0.9978702664375305
2,5,left_shoulder,82.30788230895996,59.774956703186035,0.9993772506713867
2,6,right_shoulder,82.00984001159668,57.80673027038574,0.9998170733451843
2,7,left_elbow,80.95536231994629,76.46047115325928,0.1020691767334938
2,8,right_elbow,82.62269973754883,76.09082221984863,0.9620885848999023
2,9,left_wrist,88.45396041870117,92.59410858154297,0.12345504760742188
2,10,right_wrist,89.43933486938477,92.56258964538574,0.8836644291877747
2,11,left_hip,70.84673881530762,90.71629524230957,0.9990951418876648
2,12,right_hip,68.24423313140869,91.2214469909668,0.999649703502655
2,13,left_knee,72.9908275604248,115.28502464294434,0.46124598383903503
2,14,right_knee,72.78527736663818,119.6800708770752,0.9573075175285339
2,15,left_ankle,71.54500007629395,142.91882514953613,0.6471725106239319
2,16,right_ankle,69.63642120361328,148.12189102172852,0.9704275727272034
3,0,nose,94.08426284790039,54.71235752105713,0.9990425705909729
3,1,left_eye,94.83957290649414,52.62688636779785,0.9983916878700256
3,2,right_eye,94.0449333190918,51.91667079925537,0.9981099367141724
3,3,left_ear,92.17009544372559,50.776357650756836,0.9967861771583557
3,4,right_ear,91.06833457946777,50.10180950164795,0.9974782466888428
3,5,left_shoulder,83.8469123840332,60.088515281677246,0.9993042349815369
3,6,right_shoulder,81.35427474975586,57.05370903015137,0.9997901320457458
3,7,left_elbow,82.82099723815918,77.37431526184082,0.10361374169588089
3,8,right_elbow,82.45821952819824,75.67124843597412,0.9586623311042786
3,9,left_wrist,89.7154426574707,93.0933666229248,0.12953488528728485
3,10,right_wrist,89.13652420043945,91.9524097442627,0.8795769214630127
3,11,left_hip,71.24284267425537,90.66911697387695,0.9990311861038208
3,12,right_hip,67.8029727935791,90.47752380371094,0.9995890855789185
3,13,left_knee,72.99147129058838,116.13215446472168,0.46676772832870483
3,14,right_knee,72.66647338867188,119.10346984863281,0.954713761806488
3,15,left_ankle,71.22505187988281,143.39929580688477,0.655003547668457
3,16,right_ankle,69.62630271911621,148.07775497436523,0.9689779877662659
4,0,nose,94.38825607299805,54.69535827636719,0.9990142583847046
4,1,left_eye,94.93388175964355,52.55565643310547,0.9983585476875305
4,2,right_eye,94.26610946655273,51.90812110900879,0.9980659484863281
4,3,left_ear,92.17626571655273,50.76944828033447,0.9967571496963501
4,4,right_ear,91.10660552978516,50.09377479553223,0.9974458813667297
4,5,left_shoulder,83.64492416381836,60.00147819519043,0.9993000030517578
4,6,right_shoulder,81.53044700622559,57.210679054260254,0.9997929334640503
4,7,left_elbow,82.46598243713379,77.37532615661621,0.10171541571617126
4,8,right_elbow,82.1613883972168,75.74074745178223,0.9582194089889526
4,9,left_wrist,90.05433082580566,93.31613540649414,0.1279733031988144
4,10,right_wrist,89.14297103881836,92.03095436096191,0.8785837292671204
4,11,left_hip,71.25415802001953,90.65999984741211,0.9989943504333496
4,12,right_hip,67.83029079437256,90.52084922790527,0.9995807409286499
4,13,left_knee,73.61245632171631,115.3242301940918,0.4617680609226227
4,14,right_knee,72.66726016998291,119.1246223449707,0.9544526934623718
4,15,left_ankle,71.24739170074463,140.731782913208,0.6485708355903625
4,16,right_ankle,69.54890251159668,147.97625541687012,0.9686242341995239
5,0,nose,93.83644104003906,54.583096504211426,0.998615562915802
5,1,left_eye,94.67151641845703,52.51472473144531,0.9977492690086365
5,2,right_eye,93.52338790893555,51.62175178527832,0.9973819851875305
5,3,left_ear,92.12372779846191,50.80660820007324,0.9954661726951599
5,4,right_ear,90.58941841125488,49.92342948913574,0.9964137077331543
5,5,left_shoulder,84.3074893951416,60.07690906524658,0.9991267919540405
5,6,right_shoulder,80.4755973815918,57.29368209838867,0.9996605515480042
5,7,left_elbow,83.2374382019043,77.59171962738037,0.1044185534119606
5,8,right_elbow,80.76273918151855,75.58607578277588,0.9518617391586304
5,9,left_wrist,90.29360771179199,93.3132266998291,0.13331279158592224
5,10,right_wrist,88.26830863952637,90.78742980957031,0.8691357970237732
5,11,left_hip,72.51202583312988,90.6544303894043,0.9988604187965393
5,12,right_hip,67.74044036865234,90.55180549621582,0.9994444251060486
5,13,left_knee,73.61412048339844,116.46574020385742,0.4792070686817169
5,14,right_knee,72.51983642578125,118.76245498657227,0.9522696733474731
5,15,left_ankle,71.04943752288818,143.02446365356445,0.6626565456390381
5,16,right_ankle,69.5492935180664,147.87286758422852,0.9670520424842834
6,0,nose,93.84881019592285,54.57896709442139,0.9985951781272888
6,1,left_eye,94.68740463256836,52.4967622756958,0.9977263808250427
6,2,right_eye,93.54124069213867,51.631879806518555,0.9973657131195068
6,3,left_ear,92.1286678314209,50.80392360687256,0.9954497814178467
6,4,right_ear,90.62746047973633,49.918556213378906,0.9964248538017273
6,5,left_shoulder,84.07390594482422,59.87328052520752,0.9990943074226379
6,6,right_shoulder,80.72702407836914,57.087154388427734,0.9996633529663086
6,7,left_elbow,82.91762351989746,77.32069492340088,0.10091765224933624
6,8,right_elbow,80.70428848266602,73.90518188476562,0.9508692622184753
6,9,left_wrist,89.99279975891113,93.12956809997559,0.12926426529884338
6,10,right_wrist,87.97784805297852,89.72386360168457,0.8647594451904297
6,11,left_hip,72.29081630706787,90.64556121826172,0.9988019466400146
6,12,right_hip,67.78855800628662,90.57527542114258,0.9994238018989563
6,13,left_knee,73.57738494873047,116.1628246307373,0.47304484248161316
6,14,right_knee,72.5206470489502,118.97237777709961,0.9518129825592041
6,15,left_ankle,71.29063606262207,142.75299072265625,0.6593360900878906
6,16,right_ankle,69.55931186676025,148.03129196166992,0.966454029083252
7,0,nose,93.85693550109863,54.582834243774414,0.9985967874526978
7,1,left_eye,94.68679428100586,52.45673179626465,0.9977318048477173
7,2,right_eye,93.5765266418457,51.62363529205322,0.9973744750022888
7,3,left_ear,92.12038040161133,50.806331634521484,0.9954689741134644
7,4,right_ear,90.65744400024414,49.92359638214111,0.9964470863342285
7,5,left_shoulder,84.01058197021484,59.840898513793945,0.9990702867507935
7,6,right_shoulder,80.9202766418457,57.18754768371582,0.9996630549430847
7,7,left_elbow,81.94097518920898,76.34938716888428,0.09853889793157578
7,8,right_elbow,80.83292007446289,74.15215492248535,0.9499858617782593
7,9,left_wrist,89.88273620605469,93.08680534362793,0.12600143253803253
7,10,right_wrist,88.15427780151367,90.0248908996582,0.8610044717788696
7,11,left_hip,72.18231201171875,90.73302268981934,0.9987620711326599
7,12,right_hip,67.8073263168335,90.7275390625,0.9994074106216431
7,13,left_knee,73.19413661956787,116.44146919250488,0.4715649485588074
7,14,right_knee,72.5219202041626,119.01714324951172,0.951236367225647
7,15,left_ankle,71.2664270401001,143.6558723449707,0.6600295305252075
7,16,right_ankle,69.56273078918457,148.03590774536133,0.9659730792045593
8,0,nose,93.63283157348633,54.573259353637695,0.9983717203140259
8,1,left_eye,94.47525978088379,52.439751625061035,0.9974103569984436
8,2,right_eye,93.41270446777344,51.60660743713379,0.9970151782035828
8,3,left_ear,92.01446533203125,50.82172393798828,0.9948099851608276
8,4,right_ear,90.4969596862793,49.906015396118164,0.9958732724189758
8,5,left_shoulder,83.82840156555176,59.83170986175537,0.9989348649978638
8,6,right_shoulder,80.93088150024414,57.11356163024902,0.9996098875999451
8,7,left_elbow,81.99239730834961,76.8858814239502,0.09598614275455475
8,8,right_elbow,80.96100807189941,74.25233364105225,0.9457030892372131
8,9,left_wrist,89.72347259521484,93.00458908081055,0.12430280447006226
8,10,right_wrist,87.78390884399414,88.88236999511719,0.8536219596862793
8,11,left_hip,72.08209037780762,90.72164535522461,0.9987190961837769
8,12,right_hip,67.81619071960449,90.57287216186523,0.9993699789047241
8,13,left_knee,73.19352626800537,116.30566596984863,0.47772693634033203
8,14,right_knee,72.52035617828369,119.01751518249512,0.9498052000999451
8,15,left_ankle,71.25311374664307,144.0251922607422,0.6671788096427917
8,16,right_ankle,69.59415435791016,148.0164337158203,0.9651467204093933
9,0,nose,93.64370346069336,54.54936981201172,0.9981898665428162
9,1,left_eye,94.50597763061523,52.380638122558594,0.9971696138381958
9,2,right_eye,93.43610763549805,51.523685455322266,0.996711790561676
9,3,left_ear,92.0353889465332,50.821123123168945,0.9943927526473999
9,4,right_ear,90.5202579498291,49.84268665313721,0.9954493045806885
9,5,left_shoulder,83.66324424743652,59.907822608947754,0.9987795948982239
9,6,right_shoulder,81.01987838745117,56.72511100769043,0.9995631575584412
9,7,left_elbow,81.97351455688477,76.85361385345459,0.09237910062074661
9,8,right_elbow,80.7577896118164,70.84539890289307,0.943237841129303
9,9,left_wrist,88.6732006072998,91.4578628540039,0.12078437209129333
9,10,right_wrist,88.66323471069336,79.94988918304443,0.8476602435112
9,11,left_hip,72.01854705810547,90.78862190246582,0.9986411333084106
9,12,right_hip,67.7938985824585,90.64462661743164,0.9993262887001038
9,13,left_knee,73.21290016174316,116.52663230895996,0.4726567268371582
9,14,right_knee,72.51448154449463,119.27114486694336,0.9483123421669006
9,15,left_ankle,71.34081840515137,143.80656242370605,0.666189432144165
9,16,right_ankle,69.59565162658691,148.10495376586914,0.9638184905052185
10,0,nose,93.62594604492188,54.472341537475586,0.9981451630592346
10,1,left_eye,94.49483871459961,52.374281883239746,0.9970930814743042
10,2,right_eye,93.33856582641602,51.45148277282715,0.9966464638710022
10,3,left_ear,92.0169734954834,50.826730728149414,0.9941913485527039
10,4,right_ear,90.43233871459961,49.77850914001465,0.9953747391700745
10,5,left_shoulder,83.95883560180664,59.907355308532715,0.9987454414367676
10,6,right_shoulder,80.84413528442383,56.683807373046875,0.9995519518852234
10,7,left_elbow,82.02459335327148,76.97949886322021,0.09234515577554703
10,8,right_elbow,80.54153442382812,71.64446353912354,0.9411977529525757
10,9,left_wrist,89.5103645324707,92.08014488220215,0.12254953384399414
10,10,right_wrist,88.07826042175293,83.65260124206543,0.8444286584854126
10,11,left_hip,72.01305389404297,90.77595710754395,0.998600959777832
10,12,right_hip,67.80844211578369,90.5618667602539,0.9992913603782654
10,13,left_knee,73.33316802978516,116.7800521850586,0.4746972918510437
10,14,right_knee,72.50391960144043,119.27355766296387,0.9462007284164429
10,15,left_ankle,71.19925498962402,144.30109024047852,0.6699618697166443
10,16,right_ankle,69.60358619689941,148.06800842285156,0.9625637531280518
11,0,nose,93.66647720336914,54.448556900024414,0.9981894493103027
11,1,left_eye,94.57585334777832,52.361836433410645,0.9971321225166321
11,2,right_eye,93.37185859680176,51.438589096069336,0.9967332482337952
11,3,left_ear,92.16189384460449,50.82882881164551,0.9943917393684387
11,4,right_ear,90.4404067993164,49.73959445953369,0.9954826235771179
11,5,left_shoulder,84.22525405883789,60.01986503601074,0.9987505078315735
11,6,right_shoulder,80.61173439025879,56.481313705444336,0.999559760093689
11,7,left_elbow,82.38913536071777,77.30794429779053,0.09865938872098923
11,8,right_elbow,77.08020210266113,64.69010353088379,0.9455664157867432
11,9,left_wrist,89.44828033447266,92.19686508178711,0.13931530714035034
11,10,right_wrist,84.43023681640625,59.39952850341797,0.8572830557823181
11,11,left_hip,72.05935001373291,90.96900939941406,0.9986736178398132
11,12,right_hip,67.58080959320068,90.56673049926758,0.9993193745613098
11,13,left_knee,73.95468235015869,116.79765701293945,0.48999226093292236
11,14,right_knee,72.50370025634766,119.34774398803711,0.9458837509155273
11,15,left_ankle,71.27307891845703,144.1076946258545,0.6811399459838867
11,16,right_ankle,69.59921360015869,148.11823844909668,0.9627789258956909
12,0,nose,93.70025634765625,54.42334175109863,0.9981467127799988
12,1,left_eye,94.57857131958008,52.303619384765625,0.9970837235450745
12,2,right_eye,93.38435173034668,51.39815330505371,0.9966773390769958
12,3,left_ear,92.16100692749023,50.823373794555664,0.9942957758903503
12,4,right_ear,90.44951438903809,49.72928524017334,0.9953993558883667
12,5,left_shoulder,84.11232948303223,59.76015090942383,0.9986705183982849
12,6,right_shoulder,80.7083797454834,56.532530784606934,0.9995400905609131
12,7,left_elbow,82.38099098205566,77.21892356872559,0.09607008844614029
12,8,right_elbow,77.44458675384521,67.36646175384521,0.9412358403205872
12,9,left_wrist,89.4207763671875,92.2158145904541,0.13515447080135345
12,10,right_wrist,84.80423927307129,83.48165512084961,0.8473907709121704
12,11,left_hip,72.14862823486328,90.81435203552246,0.9985870122909546
12,12,right_hip,67.6068639755249,90.48685073852539,0.9992918372154236
12,13,left_knee,73.99953365325928,116.71700477600098,0.4873315691947937
12,14,right_knee,72.48884677886963,119.07123565673828,0.9454927444458008
12,15,left_ankle,71.28042697906494,142.1087646484375,0.675066351890564
12,16,right_ankle,69.59681510925293,147.7485179901123,0.9623708128929138
13,0,nose,93.61101150512695,54.304823875427246,0.9978106021881104
13,1,left_eye,94.45770263671875,52.11669445037842,0.9965549111366272
13,2,right_eye,93.3344841003418,51.197571754455566,0.9960229992866516
13,3,left_ear,92.11974143981934,50.80990791320801,0.9933865666389465
13,4,right_ear,90.38004875183105,49.64041233062744,0.9942651391029358
13,5,left_shoulder,84.1312313079834,59.80830192565918,0.9983615875244141
13,6,right_shoulder,80.59462547302246,56.39910697937012,0.9993650913238525
13,7,left_elbow,82.67931938171387,77.37079620361328,0.09598127752542496
13,8,right_elbow,78.19202423095703,64.96780395507812,0.9400377869606018
13,9,left_wrist,89.43212509155273,92.10860252380371,0.13696467876434326
13,10,right_wrist,85.40102005004883,66.42072200775146,0.8481044769287109
13,11,left_hip,72.2287654876709,90.86071014404297,0.998528778553009
13,12,right_hip,67.45598793029785,90.51939964294434,0.9992361664772034
13,13,left_knee,74.21617031097412,116.67484283447266,0.5000670552253723
13,14,right_knee,72.48715400695801,119.12193298339844,0.945391058921814
13,15,left_ankle,71.28884792327881,141.78616523742676,0.6856145858764648
13,16,right_ankle,69.60211277008057,147.72789001464844,0.9625274538993835
14,0,nose,93.63438606262207,54.306650161743164,0.997675895690918
14,1,left_eye,94.48165893554688,52.12001323699951,0.996330738067627
14,2,right_eye,93.45423698425293,51.21774196624756,0.9957610964775085
14,3,left_ear,92.15269088745117,50.803842544555664,0.9930891990661621
14,4,right_ear,90.59005737304688,49.64154243469238,0.9938231110572815
14,5,left_shoulder,84.07533645629883,59.807138442993164,0.9982510805130005
14,6,right_shoulder,80.61553955078125,56.16495609283447,0.999302089214325
14,7,left_elbow,83.0567455291748,77.36778259277344,0.09625818580389023
14,8,right_elbow,78.59544277191162,63.07999610900879,0.9415271878242493
14,9,left_wrist,89.40977096557617,92.12274551391602,0.13958944380283356
14,10,right_wrist,85.1081657409668,61.9437313079834,0.8534815311431885
14,11,left_hip,72.20613956451416,90.81524848937988,0.9985395073890686
14,12,right_hip,67.48148441314697,90.43485641479492,0.9992232918739319
14,13,left_knee,74.08816337585449,116.71938896179199,0.506256103515625
14,14,right_knee,72.48699188232422,119.14356231689453,0.9452611207962036
14,15,left_ankle,71.18389129638672,142.15593338012695,0.6920692324638367
14,16,right_ankle,69.59543704986572,147.72939682006836,0.9625459909439087
15,0,nose,93.63885879516602,54.304070472717285,0.9975007772445679
15,1,left_eye,94.47507858276367,52.090959548950195,0.9960798025131226
15,2,right_eye,93.4648323059082,51.21670722961426,0.9954348802566528
15,3,left_ear,92.14349746704102,50.80025672912598,0.9925649762153625
15,4,right_ear,90.59412956237793,49.64329242706299,0.9932882785797119
15,5,left_shoulder,84.105224609375,59.91824150085449,0.9981561899185181
15,6,right_shoulder,80.54826736450195,56.4406681060791,0.9992532730102539
15,7,left_elbow,82.92885780334473,77.43258476257324,0.09427960216999054
15,8,right_elbow,79.25882816314697,65.20815372467041,0.9383533596992493
15,9,left_wrist,89.39473152160645,92.39594459533691,0.1376480907201767
15,10,right_wrist,87.37786293029785,67.48680114746094,0.8481037616729736
15,11,left_hip,72.19470977783203,90.89132308959961,0.9985030293464661
15,12,right_hip,67.49102592468262,90.50543785095215,0.9991965293884277
15,13,left_knee,74.09257411956787,116.68484687805176,0.5138295292854309
15,14,right_knee,72.48380184173584,119.17818069458008,0.9458019137382507
15,15,left_ankle,71.185302734375,142.00706481933594,0.6992044448852539
15,16,right_ankle,69.59333896636963,147.73130416870117,0.9629761576652527
16,0,nose,93.39672088623047,54.24683094024658,0.9974523186683655
16,1,left_eye,94.3155574798584,52.07996368408203,0.9960046410560608
16,2,right_eye,93.25891494750977,51.17328643798828,0.995427668094635
16,3,left_ear,92.05004692077637,50.8298921585083,0.9926566481590271
16,4,right_ear,90.40218353271484,49.629483222961426,0.9933935403823853
16,5,left_shoulder,84.13571357727051,59.95907783508301,0.9982171654701233
16,6,right_shoulder,79.96896266937256,56.17154121398926,0.9992753863334656
16,7,left_elbow,83.34742546081543,77.42939949035645,0.10215507447719574
16,8,right_elbow,79.37136650085449,59.75078582763672,0.9423707723617554
16,9,left_wrist,89.40391540527344,91.96415901184082,0.1488119214773178
16,10,right_wrist,86.30696296691895,53.25495719909668,0.8585697412490845
16,11,left_hip,72.54921913146973,90.66943168640137,0.9985954761505127
16,12,right_hip,67.50255584716797,90.20163536071777,0.999234139919281
16,13,left_knee,73.87591361999512,116.71060562133789,0.5413849353790283
16,14,right_knee,72.4746036529541,118.807373046875,0.9464676976203918
16,15,left_ankle,70.92264652252197,142.33596801757812,0.7155206203460693
16,16,right_ankle,69.70523834228516,147.1789836883545,0.9635744690895081
17,0,nose,93.40572357177734,54.244985580444336,0.9974600076675415
17,1,left_eye,94.31517601013184,52.07444190979004,0.9960170388221741
17,2,right_eye,93.27089309692383,51.16360664367676,0.9954161643981934
17,3,left_ear,92.04434394836426,50.82840919494629,0.9925695657730103
17,4,right_ear,90.40884017944336,49.620933532714844,0.9934071898460388
17,5,left_shoulder,83.79083633422852,59.95702266693115,0.9982473850250244
17,6,right_shoulder,80.15259742736816,56.679725646972656,0.9992968440055847
17,7,left_elbow,82.98565864562988,77.42205619812012,0.09970705211162567
17,8,right_elbow,79.85846519470215,69.00881767272949,0.9403727650642395
17,9,left_wrist,89.38624382019043,91.99885368347168,0.14551500976085663
17,10,right_wrist,86.91248893737793,85.4057788848877,0.8535653352737427
17,11,left_hip,72.26206302642822,90.76351165771484,0.9985681772232056
17,12,right_hip,67.56885528564453,90.32859802246094,0.999226450920105
17,13,left_knee,73.74001979827881,116.69410705566406,0.5373730063438416
17,14,right_knee,72.50546932220459,118.98318290710449,0.9461084604263306
17,15,left_ankle,70.93181610107422,142.2499656677246,0.7161341905593872
17,16,right_ankle,69.6629810333252,147.37104415893555,0.9633184671401978
18,0,nose,93.22919845581055,54.345808029174805,0.9973023533821106
18,1,left_eye,94.26286697387695,52.349653244018555,0.9957789778709412
18,2,right_eye,93.11817169189453,51.2408971786499,0.9950900673866272
18,3,left_ear,92.00563430786133,51.10355854034424,0.9920465350151062
18,4,right_ear,90.34852981567383,49.63296413421631,0.9929412603378296
18,5,left_shoulder,83.79426956176758,59.97692584991455,0.9981569051742554
18,6,right_shoulder,80.18191337585449,56.68075084686279,0.9992196559906006
18,7,left_elbow,83.01373481750488,77.65387058258057,0.10060565918684006
18,8,right_elbow,79.88297939300537,68.87032985687256,0.9380041360855103
18,9,left_wrist,89.74408149719238,92.42116928100586,0.14716513454914093
18,10,right_wrist,85.96614837646484,81.1823558807373,0.8492177724838257
18,11,left_hip,72.00182437896729,90.7596206665039,0.998505711555481
18,12,right_hip,67.58008480072021,90.33587455749512,0.9991607666015625
18,13,left_knee,73.81277561187744,117.58320808410645,0.5353426337242126
18,14,right_knee,72.50347137451172,119.04236793518066,0.9450753331184387
18,15,left_ankle,70.93466281890869,142.2467041015625,0.7176055312156677
18,16,right_ankle,69.66170310974121,147.29402542114258,0.962312638759613
19,0,nose,93.05501937866211,54.56326484680176,0.9973544478416443
19,1,left_eye,94.13993835449219,52.48898983001709,0.9958462715148926
19,2,right_eye,92.98954010009766,51.3494873046875,0.9951891899108887
19,3,left_ear,91.88997268676758,51.22149467468262,0.9922798275947571
19,4,right_ear,90.26817321777344,49.70986366271973,0.993137538433075
19,5,left_shoulder,83.75795364379883,60.0723934173584,0.9982045292854309
19,6,right_shoulder,80.1622200012207,56.62617206573486,0.9992184638977051
19,7,left_elbow,83.58936309814453,77.69756317138672,0.10763674974441528
19,8,right_elbow,79.46224212646484,61.582112312316895,0.9420512318611145
19,9,left_wrist,89.75380897521973,92.48661041259766,0.1568812131881714
19,10,right_wrist,84.83003616333008,55.92041015625,0.8594831824302673
19,11,left_hip,71.99963569641113,90.89021682739258,0.998577356338501
19,12,right_hip,67.55949974060059,90.46480178833008,0.9991822838783264
19,13,left_knee,73.94823551177979,117.5416374206543,0.5523933172225952
19,14,right_knee,72.49564170837402,119.04565811157227,0.9448046684265137
19,15,left_ankle,70.94215393066406,142.2490692138672,0.7283231019973755
19,16,right_ankle,69.6551513671875,147.16267585754395,0.9619625806808472
20,0,nose,93.15021514892578,54.57021236419678,0.99730384349823
20,1,left_eye,94.19477462768555,52.48397350311279,0.9957908391952515
20,2,right_eye,93.11369895935059,51.37819290161133,0.995116114616394
20,3,left_ear,91.9310188293457,51.21786117553711,0.9922835230827332
20,4,right_ear,90.37238121032715,49.72238540649414,0.9931164383888245
20,5,left_shoulder,83.77640724182129,60.07293224334717,0.9982019662857056
20,6,right_shoulder,80.17953872680664,56.46111488342285,0.9992318153381348
20,7,left_elbow,83.55910301208496,77.70207405090332,0.10776437073945999
20,8,right_elbow,79.47710990905762,59.211883544921875,0.9445333480834961
20,9,left_wrist,89.67575073242188,92.41829872131348,0.1578904092311859
20,10,right_wrist,84.59049224853516,55.28420448303223,0.8661783337593079
20,11,left_hip,72.01793670654297,90.63203811645508,0.9986304640769958
20,12,right_hip,67.63703346252441,90.2545166015625,0.999208927154541
20,13,left_knee,73.82250308990479,117.18067169189453,0.5604578256607056
20,14,right_knee,72.4978256225586,119.01296615600586,0.9446738958358765
20,15,left_ankle,70.94534873962402,142.46519088745117,0.7345130443572998
20,16,right_ankle,69.89215850830078,146.78932189941406,0.9620358347892761
21,0,nose,93.15881729125977,54.57589149475098,0.997318685054779
21,1,left_eye,94.20369148254395,52.49298572540283,0.9958067536354065
21,2,right_eye,93.11994552612305,51.374006271362305,0.9951379299163818
21,3,left_ear,91.95905685424805,51.27816200256348,0.9923575520515442
21,4,right_ear,90.33136367797852,49.721670150756836,0.9930850267410278
21,5,left_shoulder,83.89432907104492,60.281362533569336,0.9981096982955933
21,6,right_shoulder,80.19609451293945,56.4567232131958,0.9991929531097412
21,7,left_elbow,83.53605270385742,77.88853645324707,0.11099471151828766
21,8,right_elbow,78.57446193695068,61.461005210876465,0.9461365938186646
21,9,left_wrist,90.00100135803223,92.92783737182617,0.16541115939617157
21,10,right_wrist,84.01320457458496,60.52847862243652,0.8719934225082397
21,11,left_hip,72.04792976379395,90.77775001525879,0.9986571073532104
21,12,right_hip,67.54434108734131,90.30132293701172,0.9992174506187439
21,13,left_knee,73.85915279388428,117.1529769897461,0.5678327083587646
21,14,right_knee,72.52210140228271,119.0378475189209,0.9439953565597534
21,15,left_ankle,70.94147682189941,142.38430976867676,0.7398290634155273
21,16,right_ankle,69.89049434661865,146.92166328430176,0.962064802646637
22,0,nose,93.1733512878418,54.537553787231445,0.9973976016044617
22,1,left_eye,94.25064086914062,52.49140739440918,0.9958984851837158
22,2,right_eye,93.11727523803711,51.36034965515137,0.9952926635742188
22,3,left_ear,91.99160575866699,51.29859447479248,0.9925984740257263
22,4,right_ear,90.3268814086914,49.71219539642334,0.9933735132217407
22,5,left_shoulder,84.00973320007324,60.46604633331299,0.9981586337089539
22,6,right_shoulder,80.20936012268066,56.499080657958984,0.9992209076881409
22,7,left_elbow,83.78549575805664,78.16679954528809,0.11767616122961044
22,8,right_elbow,77.95472621917725,61.3963508605957,0.9494904279708862
22,9,left_wrist,90.26191711425781,93.20610046386719,0.17810960114002228
22,10,right_wrist,82.97334671020508,59.16626453399658,0.880732536315918
22,11,left_hip,71.84950351715088,90.77800750732422,0.9987077713012695
22,12,right_hip,67.51760959625244,90.33878326416016,0.9992364645004272
22,13,left_knee,73.85954856872559,117.1284294128418,0.5776041150093079
22,14,right_knee,72.52169132232666,119.09342765808105,0.9435588121414185
22,15,left_ankle,70.94595432281494,142.3402976989746,0.746185839176178
22,16,right_ankle,69.85642433166504,146.93275451660156,0.9623498320579529
23,0,nose,92.8976058959961,54.561052322387695,0.9974381923675537
23,1,left_eye,94.11629676818848,52.54770278930664,0.9959524273872375
23,2,right_eye,92.70810127258301,51.3602352142334,0.995374321937561
23,3,left_ear,91.88820838928223,51.411123275756836,0.9927668571472168
23,4,right_ear,89.96408462524414,49.72098350524902,0.9934415817260742
23,5,left_shoulder,84.17228698730469,60.60198783874512,0.9981575608253479
23,6,right_shoulder,79.7972583770752,56.50448799133301,0.9991840720176697
23,7,left_elbow,84.00415420532227,78.9061975479126,0.12485449016094208
23,8,right_elbow,77.17201232910156,63.951053619384766,0.949591875076294
23,9,left_wrist,90.3974437713623,93.73339653015137,0.18888676166534424
23,10,right_wrist,81.29651069641113,60.16892910003662,0.8839099407196045
23,11,left_hip,72.19807624816895,90.79842567443848,0.9987497925758362
23,12,right_hip,67.3702335357666,90.44692993164062,0.9992443323135376
23,13,left_knee,73.89884948730469,117.13205337524414,0.5886616706848145
23,14,right_knee,72.47327327728271,118.7750244140625,0.9424672722816467
23,15,left_ankle,70.89724063873291,142.4144744873047,0.7542487978935242
23,16,right_ankle,69.84835147857666,146.44686698913574,0.9624100923538208
24,0,nose,92.90300369262695,54.56336498260498,0.9976260662078857
24,1,left_eye,94.12044525146484,52.58831977844238,0.9962523579597473
24,2,right_eye,92.68893241882324,51.37057304382324,0.9957180619239807
24,3,left_ear,91.88876152038574,51.443376541137695,0.9932811856269836
24,4,right_ear,89.96321678161621,49.73761558532715,0.9939563274383545
24,5,left_shoulder,83.77963066101074,60.087265968322754,0.9982472658157349
24,6,right_shoulder,80.93062400817871,57.24121570587158,0.9992360472679138
24,7,left_elbow,82.8620433807373,78.28628540039062,0.12379812449216843
24,8,right_elbow,81.29473686218262,76.31882667541504,0.9500745534896851
24,9,left_wrist,88.10238838195801,92.03344345092773,0.18361206352710724
24,10,right_wrist,88.24052810668945,92.71997451782227,0.8808797001838684
24,11,left_hip,71.22967720031738,90.78316688537598,0.9987207055091858
24,12,right_hip,67.68123626708984,90.53457260131836,0.999234139919281
24,13,left_knee,72.91407108306885,116.99646949768066,0.5771081447601318
24,14,right_knee,72.4722671508789,118.92244338989258,0.9425778985023499
24,15,left_ankle,70.8621883392334,143.2177734375,0.7487749457359314
24,16,right_ankle,69.76303100585938,147.0769214630127,0.9620846509933472
25,0,nose,92.98835754394531,54.6550989151001,0.9976730942726135
25,1,left_eye,94.14948463439941,52.62515068054199,0.9963276982307434
25,2,right_eye,92.75976181030273,51.46843910217285,0.9957905411720276
25,3,left_ear,91.88321113586426,51.437063217163086,0.9932771325111389
25,4,right_ear,89.96637344360352,49.78157997131348,0.9941156506538391
25,5,left_shoulder,83.7901496887207,59.928598403930664,0.9983073472976685
25,6,right_shoulder,81.18094444274902,57.7376651763916,0.9992613792419434
25,7,left_elbow,82.65170097351074,78.02200317382812,0.12163127213716507
25,8,right_elbow,81.60456657409668,77.2196102142334,0.9488054513931274
25,9,left_wrist,88.27317237854004,92.04843521118164,0.1776890903711319
25,10,right_wrist,88.71347427368164,93.35103034973145,0.8742648363113403
25,11,left_hip,71.2451696395874,90.77601432800293,0.9986231923103333
25,12,right_hip,67.7178430557251,90.55570602416992,0.9991756081581116
25,13,left_knee,72.962646484375,117.09651947021484,0.5675765872001648
25,14,right_knee,72.4703311920166,118.95557403564453,0.9416049718856812
25,15,left_ankle,70.64512729644775,143.2367992401123,0.7453835606575012
25,16,right_ankle,69.5685338973999,147.0655345916748,0.9611085653305054
26,0,nose,92.99428939819336,54.783387184143066,0.9977744817733765
26,1,left_eye,94.1520881652832,52.708868980407715,0.9965035915374756
26,2,right_eye,92.75128364562988,51.52174949645996,0.9959720373153687
26,3,left_ear,91.86593055725098,51.5179443359375,0.9935445785522461
26,4,right_ear,89.89419937133789,49.8546838760376,0.9943905472755432
26,5,left_shoulder,83.71382713317871,59.88295555114746,0.9983153343200684
26,6,right_shoulder,81.27265930175781,58.543944358825684,0.9992559552192688
26,7,left_elbow,82.39713668823242,77.63612270355225,0.118902288377285
26,8,right_elbow,81.74090385437012,77.21604824066162,0.9450317025184631
26,9,left_wrist,88.3858871459961,92.07198143005371,0.17058640718460083
26,10,right_wrist,89.92183685302734,93.88894081115723,0.8622615933418274
26,11,left_hip,71.13725185394287,90.7711410522461,0.9985312819480896
26,12,right_hip,67.72519111633301,90.65028190612793,0.999113917350769
26,13,left_knee,72.95762538909912,117.44302749633789,0.5591227412223816
26,14,right_knee,72.45841979980469,118.96140098571777,0.9401440024375916
26,15,left_ankle,70.6206226348877,143.73741149902344,0.741307258605957
26,16,right_ankle,69.51850891113281,147.31074333190918,0.9597077965736389
27,0,nose,92.89745330810547,54.96762275695801,0.9978951215744019
27,1,left_eye,94.09650802612305,52.87581443786621,0.9966936707496643
27,2,right_eye,92.7222728729248,51.66366100311279,0.9961890578269958
27,3,left_ear,91.77404403686523,51.58978462219238,0.9938668012619019
27,4,right_ear,89.85036849975586,49.92716312408447,0.9947221279144287
27,5,left_shoulder,83.5655403137207,59.68008995056152,0.998360276222229
27,6,right_shoulder,81.34759902954102,58.71203899383545,0.9992768168449402
27,7,left_elbow,82.29382514953613,77.52486228942871,0.11786660552024841
27,8,right_elbow,81.7734146118164,77.31000423431396,0.9445194602012634
27,9,left_wrist,88.46613883972168,92.10420608520508,0.16615362465381622
27,10,right_wrist,89.45779800415039,94.5053482055664,0.8578287363052368
27,11,left_hip,71.10128879547119,90.77067375183105,0.9984294772148132
27,12,right_hip,67.80753135681152,90.88913917541504,0.999050498008728
27,13,left_knee,72.26121425628662,117.43772506713867,0.5510950088500977
27,14,right_knee,72.33726501464844,118.96702766418457,0.9394770264625549
27,15,left_ankle,70.35706520080566,144.46782112121582,0.7370715737342834
27,16,right_ankle,69.31233882904053,147.40031242370605,0.9587273001670837
28,0,nose,92.92654037475586,54.96415138244629,0.997897207736969
28,1,left_eye,94.15443420410156,52.87642478942871,0.9966878294944763
28,2,right_eye,92.73343086242676,51.66458606719971,0.9962052702903748
28,3,left_ear,91.85124397277832,51.590280532836914,0.9937906861305237
28,4,right_ear,89.8768138885498,49.92147922515869,0.9947571754455566
28,5,left_shoulder,83.78664016723633,59.67297554016113,0.9983516335487366
28,6,right_shoulder,81.16578102111816,57.57739067077637,0.9992839097976685
28,7,left_elbow,82.62284278869629,77.54677772521973,0.11662470549345016
28,8,right_elbow,81.53260231018066,75.20291805267334,0.9418953061103821
28,9,left_wrist,89.32161331176758,93.14599990844727,0.16339102387428284
28,10,right_wrist,89.14717674255371,91.95107460021973,0.8515681028366089
28,11,left_hip,71.11376285552979,90.76704025268555,0.9983789324760437
28,12,right_hip,67.7774715423584,90.82263946533203,0.9990196824073792
28,13,left_knee,72.34649658203125,117.41205215454102,0.5478211641311646
28,14,right_knee,72.33523368835449,118.98636817932129,0.9391123056411743
28,15,left_ankle,70.4465389251709,144.34163093566895,0.7357544302940369
28,16,right_ankle,69.31323051452637,147.4400806427002,0.958486795425415
29,0,nose,92.99200057983398,55.018343925476074,0.99766606092453
29,1,left_eye,94.26365852355957,52.93289661407471,0.9963197112083435
29,2,right_eye,92.92695999145508,51.715335845947266,0.9957872629165649
29,3,left_ear,91.93536758422852,51.61752700805664,0.9930341839790344
29,4,right_ear,89.97682571411133,49.93091583251953,0.9940679669380188
29,5,left_shoulder,84.06184196472168,60.05972862243652,0.998238742351532
29,6,right_shoulder,81.00316047668457,57.059760093688965,0.9991902112960815
29,7,left_elbow,82.95629501342773,77.64925479888916,0.11589043587446213
29,8,right_elbow,81.44639015197754,74.30339813232422,0.9357143044471741
29,9,left_wrist,89.9774169921875,93.72355461120605,0.1619606465101242
29,10,right_wrist,87.84607887268066,87.8861141204834,0.841069221496582
29,11,left_hip,71.82837009429932,90.76657295227051,0.998292863368988
29,12,right_hip,67.68573760986328,90.81277847290039,0.9989314079284668
29,13,left_knee,72.55367279052734,117.4824333190918,0.5506265163421631
29,14,right_knee,72.30767250061035,118.93307685852051,0.9384865760803223
29,15,left_ankle,70.39258003234863,144.82057571411133,0.7386804223060608
29,16,right_ankle,69.40503120422363,147.22475051879883,0.958146333694458
30,0,nose,93.07869911193848,55.060181617736816,0.9977582097053528
30,1,left_eye,94.32378768920898,52.94578552246094,0.9964593052864075
30,2,right_eye,93.06615829467773,51.7645263671875,0.9959487318992615
30,3,left_ear,91.94367408752441,51.61773204803467,0.9932541251182556
30,4,right_ear,90.08731842041016,49.99289035797119,0.9943156838417053
30,5,left_shoulder,83.79528999328613,59.65083599090576,0.9983122944831848
30,6,right_shoulder,81.10330581665039,57.25386619567871,0.9992361664772034
30,7,left_elbow,82.64328002929688,77.43786811828613,0.11390744894742966
30,8,right_elbow,81.5103530883789,75.79246520996094,0.9362407326698303
30,9,left_wrist,89.84704971313477,93.70479583740234,0.15697212517261505
30,10,right_wrist,87.81686782836914,91.48987770080566,0.8385531306266785
30,11,left_hip,71.82604789733887,90.71877479553223,0.9982764720916748
30,12,right_hip,67.94249534606934,90.77564239501953,0.9989415407180786
30,13,left_knee,72.64060974121094,116.7192554473877,0.5426124334335327
30,14,right_knee,72.31679439544678,119.08638954162598,0.9390150904655457
30,15,left_ankle,70.53850650787354,144.7246551513672,0.7349823713302612
30,16,right_ankle,69.4226598739624,147.40148544311523,0.9583486914634705
31,0,nose,93.45293998718262,55.111188888549805,0.9976995587348938
31,1,left_eye,94.59415435791016,52.988128662109375,0.9963598847389221
31,2,right_eye,93.52343559265137,51.95155620574951,0.9958146810531616
31,3,left_ear,92.17211723327637,51.61766529083252,0.9931190609931946
31,4,right_ear,90.41085243225098,50.02957344055176,0.9941248297691345
31,5,left_shoulder,83.80960464477539,59.945693016052246,0.9982913732528687
31,6,right_shoulder,80.9514331817627,56.66695594787598,0.9992362856864929
31,7,left_elbow,82.7903938293457,77.95531272888184,0.1131436824798584
31,8,right_elbow,79.79862213134766,66.02004051208496,0.9383034110069275
31,9,left_wrist,90.64353942871094,94.0886116027832,0.15858712792396545
31,10,right_wrist,86.2566089630127,66.75328731536865,0.8450716137886047
31,11,left_hip,71.80232048034668,90.71499824523926,0.9983131885528564
31,12,right_hip,67.89718627929688,90.62723159790039,0.9989645481109619
31,13,left_knee,72.65500068664551,117.25181579589844,0.5399971604347229
31,14,right_knee,72.31788635253906,119.287109375,0.9394342303276062
31,15,left_ankle,70.63249111175537,143.99401664733887,0.733293354511261
31,16,right_ankle,69.43585872650146,147.4165916442871,0.9586101770401001
32,0,nose,93.45353126525879,55.12032508850098,0.997797966003418
32,1,left_eye,94.61078643798828,53.01368236541748,0.996495246887207
32,2,right_eye,93.52554321289062,51.98516368865967,0.9959850311279297
32,3,left_ear,92.20703125,51.616244316101074,0.9933561086654663
32,4,right_ear,90.50414085388184,50.03620147705078,0.9944267868995667
32,5,left_shoulder,83.7627124786377,59.722352027893066,0.9983794093132019
32,6,right_shoulder,81.28313064575195,56.67233943939209,0.9992861151695251
32,7,left_elbow,82.60290145874023,77.65496730804443,0.11309156566858292
32,8,right_elbow,80.89966773986816,72.21145629882812,0.9403791427612305
32,9,left_wrist,89.75607872009277,93.09723854064941,0.15715791285037994
32,10,right_wrist,87.73043632507324,89.16116714477539,0.8481646180152893
32,11,left_hip,71.58511161804199,90.78343391418457,0.9983075261116028
32,12,right_hip,67.94911861419678,90.84596633911133,0.9989774823188782
32,13,left_knee,72.67030239105225,117.09383964538574,0.5335326194763184
32,14,right_knee,72.29586601257324,119.56391334533691,0.940366268157959
32,15,left_ankle,70.69847106933594,143.0693244934082,0.7283977270126343
32,16,right_ankle,69.19720649719238,147.6051139831543,0.9588325023651123
33,0,nose,93.75080108642578,55.16584396362305,0.9977880716323853
33,1,left_eye,94.8952865600586,53.05877208709717,0.9964632391929626
33,2,right_eye,93.8494873046875,52.08757400512695,0.9959749579429626
33,3,left_ear,92.4750804901123,51.61008834838867,0.993227481842041
33,4,right_ear,90.81147193908691,50.04955291748047,0.994433581829071
33,5,left_shoulder,84.10421371459961,59.688825607299805,0.9983775019645691
33,6,right_shoulder,81.27254486083984,56.362833976745605,0.999293863773346
33,7,left_elbow,82.82599449157715,77.68346309661865,0.11262548714876175
33,8,right_elbow,80.80354690551758,72.80272006988525,0.9388440847396851
33,9,left_wrist,90.11368751525879,93.15374374389648,0.15621237456798553
33,10,right_wrist,86.78472518920898,89.29040908813477,0.8452785015106201
33,11,left_hip,71.62816047668457,90.70032119750977,0.9982811808586121
33,12,right_hip,67.88841247558594,90.5305004119873,0.9989513754844666
33,13,left_knee,72.68574714660645,117.16402053833008,0.5347124934196472
33,14,right_knee,72.29513645172119,119.36760902404785,0.9402702450752258
33,15,left_ankle,70.69082736968994,144.03892517089844,0.7289168834686279
33,16,right_ankle,69.20145988464355,147.59979248046875,0.9585587382316589
34,0,nose,93.66859436035156,55.2794075012207,0.9975287318229675
34,1,left_eye,94.85772132873535,53.162031173706055,0.996091902256012
34,2,right_eye,93.84159088134766,52.12238311767578,0.9955521821975708
34,3,left_ear,92.42178916931152,51.651010513305664,0.9924815893173218
34,4,right_ear,90.7603931427002,50.05691051483154,0.9937925934791565
34,5,left_shoulder,84.20469284057617,60.11683464050293,0.9983144998550415
34,6,right_shoulder,80.41593551635742,56.36908531188965,0.9992150664329529
34,7,left_elbow,83.10766220092773,77.73366451263428,0.11323339492082596
34,8,right_elbow,80.68342208862305,73.0179214477539,0.9331634640693665
34,9,left_wrist,90.28473854064941,93.54532241821289,0.15503448247909546
34,10,right_wrist,85.75818061828613,88.25096130371094,0.8337528705596924
34,11,left_hip,71.8159008026123,90.73967933654785,0.9982074499130249
34,12,right_hip,67.57864475250244,90.53736686706543,0.9988724589347839
34,13,left_knee,72.95741081237793,117.19964027404785,0.5366441011428833
34,14,right_knee,72.28900909423828,119.35075759887695,0.9395714998245239
34,15,left_ankle,70.60633659362793,144.29670333862305,0.7307165861129761
34,16,right_ankle,69.20490264892578,147.6012134552002,0.9578357934951782
35,0,nose,93.6732292175293,55.28196334838867,0.9974036812782288
35,1,left_eye,94.89744186401367,53.21452617645264,0.9958621263504028
35,2,right_eye,93.8548755645752,52.19810485839844,0.9953693151473999
35,3,left_ear,92.64132499694824,51.7513370513916,0.9921744465827942
35,4,right_ear,90.86221694946289,50.1215934753418,0.9934990406036377
35,5,left_shoulder,84.59684371948242,60.67523002624512,0.9982172846794128
35,6,right_shoulder,80.42614936828613,56.27695083618164,0.9991828799247742
35,7,left_elbow,83.85122299194336,78.16014289855957,0.11292340606451035
35,8,right_elbow,80.41247367858887,67.87595272064209,0.9327197074890137
35,9,left_wrist,90.57703971862793,93.72981071472168,0.15811461210250854
35,10,right_wrist,84.11001205444336,75.46088218688965,0.8357550501823425
35,11,left_hip,71.77115440368652,90.81541061401367,0.9982612133026123
35,12,right_hip,67.43611812591553,90.53838729858398,0.9988935589790344
35,13,left_knee,73.22848320007324,117.20930099487305,0.5384360551834106
35,14,right_knee,72.30897426605225,119.21822547912598,0.939713180065155
35,15,left_ankle,70.7168197631836,143.74998092651367,0.7317314147949219
35,16,right_ankle,69.20735359191895,147.61408805847168,0.9584487676620483
36,0,nose,93.67728233337402,55.326995849609375,0.9974169135093689
36,1,left_eye,94.87190246582031,53.21362495422363,0.995840311050415
36,2,right_eye,93.84675025939941,52.243051528930664,0.9953674674034119
36,3,left_ear,92.5547981262207,51.75118446350098,0.991995096206665
36,4,right_ear,90.81865310668945,50.26337146759033,0.9935519099235535
36,5,left_shoulder,84.8213005065918,60.645456314086914,0.9982651472091675
36,6,right_shoulder,80.47715187072754,57.089033126831055,0.9992184638977051
36,7,left_elbow,83.93301963806152,78.35520267486572,0.1156284436583519
36,8,right_elbow,80.26637077331543,73.9584732055664,0.9326918721199036
36,9,left_wrist,91.03657722473145,94.01993751525879,0.16152352094650269
36,10,right_wrist,85.53085327148438,90.57526588439941,0.8364274501800537
36,11,left_hip,71.80029392242432,90.82473754882812,0.998228132724762
36,12,right_hip,67.37564086914062,90.61630249023438,0.9988885521888733
36,13,left_knee,73.43255519866943,117.32114791870117,0.5372897386550903
36,14,right_knee,72.25663185119629,119.13932800292969,0.9394840002059937
36,15,left_ankle,70.71753025054932,143.17158699035645,0.7313115000724792
36,16,right_ankle,69.13812160491943,147.59289741516113,0.9585033655166626
37,0,nose,93.64128112792969,55.447726249694824,0.9975506663322449
37,1,left_eye,94.85389709472656,53.349342346191406,0.9960514307022095
37,2,right_eye,93.80762100219727,52.33386516571045,0.9956105351448059
37,3,left_ear,92.43186950683594,51.78275108337402,0.9923546314239502
37,4,right_ear,90.75216293334961,50.31147480010986,0.9939320683479309
37,5,left_shoulder,84.75918769836426,60.50654888153076,0.9983406662940979
37,6,right_shoulder,80.48837661743164,57.88883686065674,0.999261200428009
37,7,left_elbow,83.92573356628418,78.37158203125,0.11650174111127853
37,8,right_elbow,80.14791488647461,75.9039831161499,0.9340916872024536
37,9,left_wrist,91.02367401123047,94.01098251342773,0.16034217178821564
37,10,right_wrist,86.20957374572754,92.73585319519043,0.8367286920547485
37,11,left_hip,71.64693355560303,90.82633972167969,0.9982072114944458
37,12,right_hip,67.24233150482178,90.64334869384766,0.998885989189148
37,13,left_knee,73.47714424133301,117.3154354095459,0.5327073931694031
37,14,right_knee,72.35010623931885,118.96868705749512,0.9399091005325317
37,15,left_ankle,70.70740699768066,143.04449081420898,0.7293983697891235
37,16,right_ankle,69.13992404937744,147.3982810974121,0.9586693048477173
38,0,nose,93.64455223083496,55.45046806335449,0.9975138902664185
38,1,left_eye,94.8563289642334,53.40137481689453,0.9959744811058044
38,2,right_eye,93.80544662475586,52.42392063140869,0.9955371022224426
38,3,left_ear,92.431640625,51.79152965545654,0.9922011494636536
38,4,right_ear,90.74786186218262,50.32855033874512,0.9938855767250061
38,5,left_shoulder,84.9636173248291,60.713396072387695,0.9983847141265869
38,6,right_shoulder,79.98156070709229,57.84046649932861,0.9992682933807373
38,7,left_elbow,84.91332054138184,78.47902774810791,0.12345795333385468
38,8,right_elbow,79.91172790527344,76.0411548614502,0.9332250952720642
38,9,left_wrist,91.37358665466309,94.43601608276367,0.16767095029354095
38,10,right_wrist,85.42678833007812,90.5078125,0.8361389636993408
38,11,left_hip,72.1352481842041,90.81183433532715,0.9981949925422668
38,12,right_hip,67.078857421875,90.56123733520508,0.9988632202148438
38,13,left_knee,74.03667449951172,117.42982864379883,0.5383539199829102
38,14,right_knee,72.34894752502441,118.81868362426758,0.9403238892555237
38,15,left_ankle,70.6995153427124,142.8379249572754,0.7339726090431213
38,16,right_ankle,69.14165496826172,146.90622329711914,0.9591580033302307
39,0,nose,93.63862991333008,55.44434070587158,0.9976456761360168
39,1,left_eye,94.85342979431152,53.400607109069824,0.9961873888969421
39,2,right_eye,93.75713348388672,52.41869926452637,0.9957743287086487
39,3,left_ear,92.41716384887695,51.79069995880127,0.9925728440284729
39,4,right_ear,90.69719314575195,50.32811641693115,0.9942453503608704
39,5,left_shoulder,84.77537155151367,60.53947448730469,0.9984586834907532
39,6,right_shoulder,80.09450912475586,58.215036392211914,0.9993048906326294
39,7,left_elbow,84.89578247070312,78.45643520355225,0.1253678947687149
39,8,right_elbow,79.92175102233887,76.29952907562256,0.9346320033073425
39,9,left_wrist,91.31879806518555,94.40382957458496,0.16815125942230225
39,10,right_wrist,86.12295150756836,91.00430488586426,0.8368287086486816
39,11,left_hip,71.78244590759277,90.83391189575195,0.9981829524040222
39,12,right_hip,67.08096504211426,90.72074890136719,0.9988657832145691
39,13,left_knee,74.03302192687988,117.42793083190918,0.5345051884651184
39,14,right_knee,72.34616279602051,118.88857841491699,0.9410281181335449
39,15,left_ankle,70.69960117340088,142.6286792755127,0.731650173664093
39,16,right_ankle,69.03260707855225,146.94470405578613,0.95948725938797
40,0,nose,93.85960578918457,55.4435920715332,0.9975758194923401
40,1,left_eye,94.97880935668945,53.39975833892822,0.9960623979568481
40,2,right_eye,93.95439147949219,52.48976707458496,0.9956486821174622
40,3,left_ear,92.44182586669922,51.740427017211914,0.9923050999641418
40,4,right_ear,90.79084396362305,50.36147117614746,0.9941285848617554
40,5,left_shoulder,84.7986888885498,60.623769760131836,0.9984610676765442
40,6,right_shoulder,80.10431289672852,58.16445350646973,0.999295711517334
40,7,left_elbow,84.9091911315918,78.88228416442871,0.1268230527639389
40,8,right_elbow,79.91337776184082,75.8765697479248,0.9334827661514282
40,9,left_wrist,91.61310195922852,94.37037467956543,0.16968049108982086
40,10,right_wrist,85.67557334899902,90.9306812286377,0.8345773220062256
40,11,left_hip,71.7624044418335,90.80824851989746,0.9981348514556885
40,12,right_hip,67.04920291900635,90.66755294799805,0.9988208413124084
40,13,left_knee,74.02183532714844,117.42467880249023,0.5323353409767151
40,14,right_knee,72.3758602142334,118.83485794067383,0.9406405687332153
40,15,left_ankle,70.55609703063965,142.58520126342773,0.7302078008651733
40,16,right_ankle,68.99345397949219,146.88444137573242,0.9591976404190063
41,0,nose,93.78122329711914,55.463290214538574,0.9977245330810547
41,1,left_eye,94.97614860534668,53.445496559143066,0.9962968826293945
41,2,right_eye,93.87182235717773,52.50416278839111,0.9959077835083008
41,3,left_ear,92.4575424194336,51.80453300476074,0.9927474856376648
41,4,right_ear,90.77559471130371,50.36910533905029,0.9945075511932373
41,5,left_shoulder,84.79047775268555,60.556087493896484,0.9985560774803162
41,6,right_shoulder,80.13050079345703,58.35160732269287,0.9993384480476379
41,7,left_elbow,84.86985206604004,78.85640144348145,0.13406787812709808
41,8,right_elbow,79.83046531677246,76.84292793273926,0.9357477426528931
41,9,left_wrist,91.57130241394043,94.35688972473145,0.17579567432403564
41,10,right_wrist,85.96684455871582,91.92499160766602,0.8384271860122681
41,11,left_hip,71.73726558685303,90.7430362701416,0.9981710910797119
41,12,right_hip,66.97709560394287,90.67917823791504,0.9988477826118469
41,13,left_knee,74.14451599121094,117.41567611694336,0.5313231348991394
41,14,right_knee,72.40673065185547,118.87479782104492,0.9420043230056763
41,15,left_ankle,70.55716514587402,142.36651420593262,0.7297466993331909
41,16,right_ankle,68.99466037750244,146.80557250976562,0.9599778652191162
42,0,nose,93.73950004577637,55.46206474304199,0.9978559613227844
42,1,left_eye,94.97285842895508,53.447232246398926,0.9965065121650696
42,2,right_eye,93.81039619445801,52.49387741088867,0.9961357712745667
42,3,left_ear,92.47495651245117,51.81352615356445,0.9931301474571228
42,4,right_ear,90.76189041137695,50.358991622924805,0.9948466420173645
42,5,left_shoulder,84.68304634094238,60.36149024963379,0.9986323118209839
42,6,right_shoulder,80.15130996704102,58.397836685180664,0.9993751049041748
42,7,left_elbow,84.72367286682129,78.64651679992676,0.13791368901729584
42,8,right_elbow,79.81319427490234,77.21550941467285,0.9379991888999939
42,9,left_wrist,91.55801773071289,94.27315711975098,0.17871040105819702
42,10,right_wrist,87.48349189758301,93.35281372070312,0.8420860767364502
42,11,left_hip,71.69569492340088,90.73803901672363,0.9981643557548523
42,12,right_hip,66.97966575622559,90.73012351989746,0.9988450407981873
42,13,left_knee,74.2827320098877,117.42475509643555,0.5287702083587646
42,14,right_knee,72.50350952148438,118.87207984924316,0.9426369667053223
42,15,left_ankle,70.51867008209229,142.36332893371582,0.7289915084838867
42,16,right_ankle,68.99703025817871,146.78802490234375,0.9600212574005127
43,0,nose,93.72247695922852,55.44846057891846,0.9979982376098633
43,1,left_eye,94.96732711791992,53.44016075134277,0.9967352747917175
43,2,right_eye,93.76944541931152,52.46745586395264,0.9963815212249756
43,3,left_ear,92.47438430786133,51.81408405303955,0.9935430884361267
43,4,right_ear,90.74662208557129,50.35037040710449,0.9951879382133484
43,5,left_shoulder,84.50559616088867,60.227742195129395,0.9986907243728638
43,6,right_shoulder,80.25158882141113,58.389320373535156,0.9994059205055237
43,7,left_elbow,84.45961952209473,78.58110904693604,0.1387043595314026
43,8,right_elbow,79.85552310943604,76.91500186920166,0.9396398663520813
43,9,left_wrist,91.53703689575195,94.25176620483398,0.1795034408569336
43,10,right_wrist,88.15176010131836,93.67846488952637,0.8443117141723633
43,11,left_hip,71.59491062164307,90.74986457824707,0.9981622695922852
43,12,right_hip,67.01315879821777,90.76632499694824,0.998849093914032
43,13,left_knee,74.27920341491699,117.4268913269043,0.5255748629570007
43,14,right_knee,72.62989044189453,118.87560844421387,0.9431843161582947
43,15,left_ankle,70.4695987701416,142.48982429504395,0.7287276387214661
43,16,right_ankle,68.99355888366699,146.79125785827637,0.9602736830711365
44,0,nose,93.69539260864258,55.42897701263428,0.9981134533882141
44,1,left_eye,94.96007919311523,53.43958854675293,0.9969198703765869
44,2,right_eye,93.72396469116211,52.4283504486084,0.9965789318084717
44,3,left_ear,92.48437881469727,51.84887886047363,0.9938658475875854
44,4,right_ear,90.74216842651367,50.32809257507324,0.995451033115387
44,5,left_shoulder,84.43770408630371,60.20703315734863,0.9987087249755859
44,6,right_shoulder,80.31085014343262,58.37705135345459,0.9994215369224548
44,7,left_elbow,84.2347526550293,78.54377746582031,0.1385081559419632
44,8,right_elbow,79.87782955169678,76.69020652770996,0.9400949478149414
44,9,left_wrist,91.3512134552002,94.21574592590332,0.18010520935058594
44,10,right_wrist,88.55123519897461,93.90582084655762,0.8446983098983765
44,11,left_hip,71.59053802490234,90.81075668334961,0.9981473684310913
44,12,right_hip,67.04301357269287,90.81124305725098,0.9988458752632141
44,13,left_knee,74.27152156829834,117.42743492126465,0.5251539349555969
44,14,right_knee,72.68479347229004,118.84991645812988,0.9433385133743286
44,15,left_ankle,70.46600341796875,142.69140243530273,0.7298418879508972
44,16,right_ankle,68.99327278137207,146.81963920593262,0.9604293704032898
45,0,nose,93.64202499389648,55.42050361633301,0.9981817603111267
45,1,left_eye,94.9323844909668,53.43903064727783,0.9970335960388184
45,2,right_eye,93.67670059204102,52.410855293273926,0.996691882610321
45,3,left_ear,92.4878978729248,51.87588691711426,0.9940369725227356
45,4,right_ear,90.73915481567383,50.322275161743164,0.9955936670303345
45,5,left_shoulder,84.25436973571777,60.20688533782959,0.9987075924873352
45,6,right_shoulder,80.3769302368164,58.353281021118164,0.9994217157363892
45,7,left_elbow,83.17034721374512,78.3358097076416,0.1363726556301117
45,8,right_elbow,80.80297470092773,77.09630489349365,0.9389417767524719
45,9,left_wrist,91.00028038024902,94.20225143432617,0.17730547487735748
45,10,right_wrist,88.5651683807373,94.07013893127441,0.8408298492431641
45,11,left_hip,71.57414436340332,90.88951110839844,0.9981011748313904
45,12,right_hip,67.11658477783203,90.90612411499023,0.9988182783126831
45,13,left_knee,74.26866054534912,117.44020462036133,0.5241472125053406
45,14,right_knee,72.73983955383301,118.82892608642578,0.9431127905845642
45,15,left_ankle,70.46339511871338,142.70448684692383,0.7301845550537109
45,16,right_ankle,68.99145603179932,146.93735122680664,0.9601128101348877
46,0,nose,93.66556167602539,55.39616584777832,0.998255729675293
46,1,left_eye,94.9324893951416,53.4019660949707,0.9971441626548767
46,2,right_eye,93.71907234191895,52.39671230316162,0.9968090057373047
46,3,left_ear,92.49212265014648,51.835012435913086,0.9942382574081421
46,4,right_ear,90.89797019958496,50.32068729400635,0.995778501033783
46,5,left_shoulder,83.75563621520996,60.1527214050293,0.9987658262252808
46,6,right_shoulder,81.18292808532715,58.1392765045166,0.9994573593139648
46,7,left_elbow,82.72871017456055,78.18968296051025,0.13419684767723083
46,8,right_elbow,81.5894889831543,77.14886665344238,0.9408903121948242
46,9,left_wrist,90.09391784667969,94.16749954223633,0.174453005194664
46,10,right_wrist,88.7598991394043,94.16435241699219,0.8442262411117554
46,11,left_hip,71.39306545257568,90.88615417480469,0.998137354850769
46,12,right_hip,67.33914852142334,90.81161499023438,0.9988526105880737
46,13,left_knee,74.26644325256348,117.43710517883301,0.5203364491462708
46,14,right_knee,72.80767917633057,118.7972354888916,0.9436332583427429
46,15,left_ankle,70.48967838287354,142.81451225280762,0.7293631434440613
46,16,right_ankle,69.00866031646729,147.11016654968262,0.9603385925292969
47,0,nose,93.72591972351074,55.4209566116333,0.9982407689094543
47,1,left_eye,94.93513107299805,53.37903022766113,0.9971063733100891
47,2,right_eye,93.79818916320801,52.39642143249512,0.9967697858810425
47,3,left_ear,92.47797966003418,51.81464195251465,0.994107186794281
47,4,right_ear,90.90478897094727,50.341949462890625,0.9957476854324341
47,5,left_shoulder,83.78201484680176,60.167226791381836,0.9987776279449463
47,6,right_shoulder,81.13584518432617,58.13894271850586,0.9994621276855469
47,7,left_elbow,83.12992095947266,78.61525058746338,0.1327829360961914
47,8,right_elbow,81.64027214050293,77.02860832214355,0.9397679567337036
47,9,left_wrist,90.63473701477051,94.75424766540527,0.17285554111003876
47,10,right_wrist,88.31883430480957,93.71200561523438,0.8414505124092102
47,11,left_hip,71.29948616027832,91.03921890258789,0.9981206059455872
47,12,right_hip,67.33682155609131,90.86518287658691,0.9988319873809814
47,13,left_knee,74.24504280090332,117.4970531463623,0.5200400352478027
47,14,right_knee,72.84216403961182,118.90389442443848,0.9428786039352417
47,15,left_ankle,70.48058986663818,142.87249565124512,0.7301389575004578
47,16,right_ankle,68.99791717529297,147.15563774108887,0.9599474668502808
48,0,nose,93.67535591125488,55.42281150817871,0.9983649849891663
48,1,left_eye,94.9320125579834,53.39639186859131,0.9973136782646179
48,2,right_eye,93.67413520812988,52.39499092102051,0.9969902038574219
48,3,left_ear,92.49275207519531,51.896586418151855,0.9945039749145508
48,4,right_ear,90.83478927612305,50.34518241882324,0.9960355162620544
48,5,left_shoulder,83.6494255065918,60.16378879547119,0.9988095760345459
48,6,right_shoulder,81.40646934509277,58.74804496765137,0.9994838833808899
48,7,left_elbow,82.78135299682617,78.4463357925415,0.13319046795368195
48,8,right_elbow,82.85604476928711,78.27340126037598,0.940773606300354
48,9,left_wrist,90.5983829498291,93.68682861328125,0.1744290590286255
48,10,right_wrist,89.70190048217773,94.25887107849121,0.8438755869865417
48,11,left_hip,70.90120792388916,91.17398262023926,0.9981420040130615
48,12,right_hip,67.3975658416748,91.4076042175293,0.9988638758659363
48,13,left_knee,74.24004554748535,117.52010345458984,0.50812166929245
48,14,right_knee,72.85542488098145,119.67031478881836,0.9417566657066345
48,15,left_ankle,70.39278984069824,142.95120239257812,0.7209659218788147
48,16,right_ankle,68.88795375823975,147.3124885559082,0.9593064188957214
49,0,nose,94.3815803527832,55.41501045227051,0.9984229803085327
49,1,left_eye,95.30010223388672,53.358778953552246,0.9974045157432556
49,2,right_eye,94.30898666381836,52.42652893066406,0.9970910549163818
49,3,left_ear,92.55867958068848,51.762685775756836,0.9946873784065247
49,4,right_ear,91.15999221801758,50.41372299194336,0.9962103962898254
49,5,left_shoulder,83.70332717895508,60.16305923461914,0.9988704323768616
49,6,right_shoulder,81.78537368774414,59.10138130187988,0.9995171427726746
49,7,left_elbow,83.06918144226074,78.61916542053223,0.13347746431827545
49,8,right_elbow,82.61724472045898,78.38133335113525,0.9432255625724792
49,9,left_wrist,90.80336570739746,93.68001937866211,0.17446932196617126
49,10,right_wrist,90.01510620117188,94.50922012329102,0.8492052555084229
49,11,left_hip,70.87708950042725,91.0758113861084,0.9981564283370972
49,12,right_hip,67.46617794036865,91.40104293823242,0.9988870024681091
49,13,left_knee,74.23468589782715,117.69269943237305,0.4989206790924072
49,14,right_knee,72.92288303375244,119.83078002929688,0.9415837526321411
49,15,left_ankle,70.18625736236572,143.22773933410645,0.7143987417221069
49,16,right_ankle,68.80908966064453,147.40571975708008,0.9589442610740662
50,0,nose,94.3531608581543,55.41450023651123,0.9984861016273499
50,1,left_eye,95.24914741516113,53.36038112640381,0.997508704662323
50,2,right_eye,94.28019523620605,52.451958656311035,0.9972127079963684
50,3,left_ear,92.43465423583984,51.760854721069336,0.9949204921722412
50,4,right_ear,91.15180969238281,50.45277118682861,0.9964025616645813
50,5,left_shoulder,83.45401763916016,59.905829429626465,0.9989124536514282
50,6,right_shoulder,82.3830509185791,59.03920650482178,0.9995467066764832
50,7,left_elbow,83.36221694946289,78.49878787994385,0.13185955584049225
50,8,right_elbow,83.43000411987305,78.33567142486572,0.9456469416618347
50,9,left_wrist,90.78901290893555,93.3316707611084,0.17205387353897095
50,10,right_wrist,90.5803394317627,94.76211547851562,0.8542954921722412
50,11,left_hip,70.55495262145996,90.98785400390625,0.9981787204742432
50,12,right_hip,67.46857643127441,91.38874053955078,0.9989226460456848
50,13,left_knee,74.23142433166504,117.6652717590332,0.4905715882778168
50,14,right_knee,72.92274475097656,119.79825019836426,0.9415932893753052
50,15,left_ankle,70.12843132019043,143.2226848602295,0.7079064249992371
50,16,right_ankle,68.8119125366211,147.3937225341797,0.9589846134185791
51,0,nose,94.28997993469238,55.41430950164795,0.9985747933387756
51,1,left_eye,95.22736549377441,53.38435173034668,0.997655987739563
51,2,right_eye,94.16446685791016,52.45199203491211,0.9973693490028381
51,3,left_ear,92.44338035583496,51.88620090484619,0.9951989054679871
51,4,right_ear,91.0667610168457,50.46315670013428,0.9966050386428833
51,5,left_shoulder,83.46359252929688,60.01307487487793,0.9989191293716431
51,6,right_shoulder,82.30070114135742,58.993592262268066,0.9995580911636353
51,7,left_elbow,83.46169471740723,78.62488746643066,0.12955938279628754
51,8,right_elbow,83.27877044677734,78.20902824401855,0.9456285834312439
51,9,left_wrist,90.7880973815918,93.82509231567383,0.17094849050045013
51,10,right_wrist,90.36151885986328,94.76400375366211,0.8543206453323364
51,11,left_hip,70.48360347747803,91.37407302856445,0.9981703758239746
51,12,right_hip,67.46471405029297,91.55606269836426,0.9989284873008728
51,13,left_knee,74.5200252532959,117.84723281860352,0.48858991265296936
51,14,right_knee,72.930588722229,119.90045547485352,0.941528856754303
51,15,left_ankle,70.02386569976807,143.22202682495117,0.7078393697738647
51,16,right_ankle,68.8089370727539,147.39492416381836,0.959075927734375
52,0,nose,94.66458320617676,55.45093059539795,0.9986465573310852
52,1,left_eye,95.59609413146973,53.41193199157715,0.9977659583091736
52,2,right_eye,94.64415550231934,52.580909729003906,0.9974924921989441
52,3,left_ear,92.70442962646484,51.87546253204346,0.9954351782798767
52,4,right_ear,91.42023086547852,50.524911880493164,0.9967982769012451
52,5,left_shoulder,83.57034683227539,59.94035243988037,0.9989827275276184
52,6,right_shoulder,82.29758262634277,59.03703689575195,0.9995877146720886
52,7,left_elbow,83.79880905151367,78.32533836364746,0.13095982372760773
52,8,right_elbow,83.09367179870605,78.14143180847168,0.9481685757637024
52,9,left_wrist,90.83837509155273,93.81505966186523,0.17175441980361938
52,10,right_wrist,90.21249771118164,95.08524894714355,0.8602603673934937
52,11,left_hip,70.38718223571777,91.11141204833984,0.9982271194458008
52,12,right_hip,67.38749027252197,91.41740798950195,0.9989675879478455
52,13,left_knee,74.58599090576172,117.41220474243164,0.4834134876728058
52,14,right_knee,72.94989109039307,119.89052772521973,0.9429082870483398
52,15,left_ankle,70.02381801605225,142.41270065307617,0.7043147683143616
52,16,right_ankle,68.77535820007324,147.39990234375,0.959563136100769
53,0,nose,94.62662696838379,55.58464527130127,0.9987108111381531
53,1,left_eye,95.57696342468262,53.4910774230957,0.9978750348091125
53,2,right_eye,94.6000862121582,52.70669937133789,0.9976255297660828
53,3,left_ear,92.70246505737305,51.93123817443848,0.9956766963005066
53,4,right_ear,91.39986038208008,50.729498863220215,0.9969944953918457
53,5,left_shoulder,83.14985275268555,59.887123107910156,0.9990254044532776
53,6,right_shoulder,82.67674446105957,59.60309028625488,0.9996145367622375
53,7,left_elbow,83.97077560424805,77.97426700592041,0.12992942333221436
53,8,right_elbow,83.78959655761719,78.76713752746582,0.9505595564842224
53,9,left_wrist,90.82996368408203,93.78026008605957,0.16898345947265625
53,10,right_wrist,90.78393936157227,96.42049789428711,0.8655386567115784
53,11,left_hip,70.06913185119629,90.90232849121094,0.9982686042785645
53,12,right_hip,67.39054679870605,91.49646759033203,0.999015212059021
53,13,left_knee,74.51661586761475,117.4095344543457,0.47100669145584106
53,14,right_knee,72.93051242828369,119.87138748168945,0.9435432553291321
53,15,left_ankle,70.02275943756104,142.16711044311523,0.6937052607536316
53,16,right_ankle,68.78945350646973,147.4704933166504,0.9599382877349854
54,0,nose,94.49301719665527,55.61173915863037,0.9988142848014832
54,1,left_eye,95.50922393798828,53.54926109313965,0.9980464577674866
54,2,right_eye,94.40188407897949,52.70656108856201,0.9978172183036804
54,3,left_ear,92.70303726196289,52.01457977294922,0.9960312843322754
54,4,right_ear,91.32545471191406,50.75117111206055,0.9972395300865173
54,5,left_shoulder,83.02684783935547,59.72169876098633,0.9990653395652771
54,6,right_shoulder,82.78497695922852,59.74970817565918,0.9996356964111328
54,7,left_elbow,83.68179321289062,76.89427852630615,0.13081340491771698
54,8,right_elbow,84.29421424865723,78.97819519042969,0.9517940878868103
54,9,left_wrist,90.3675651550293,92.51564025878906,0.17008277773857117
54,10,right_wrist,91.08890533447266,97.14674949645996,0.8699399828910828
54,11,left_hip,70.25067806243896,90.80073356628418,0.9983410835266113
54,12,right_hip,67.44955539703369,91.55647277832031,0.9990662932395935
54,13,left_knee,74.52455997467041,117.28588104248047,0.46503251791000366
54,14,right_knee,72.93038845062256,119.90533828735352,0.9442316889762878
54,15,left_ankle,70.04467964172363,141.88639640808105,0.6891146898269653
54,16,right_ankle,68.90864372253418,147.3084259033203,0.9601684808731079
55,0,nose,94.06001091003418,55.55473327636719,0.9989094138145447
55,1,left_eye,95.24128913879395,53.54069709777832,0.9982061386108398
55,2,right_eye,93.82596969604492,52.59819984436035,0.9979932904243469
55,3,left_ear,92.69208908081055,52.1129035949707,0.9963609576225281
55,4,right_ear,91.06496810913086,50.77145576477051,0.9974645972251892
55,5,left_shoulder,82.63402938842773,59.66028690338135,0.9990841746330261
55,6,right_shoulder,82.85889625549316,60.021467208862305,0.999650239944458
55,7,left_elbow,83.43629837036133,76.97685241699219,0.1308342069387436
55,8,right_elbow,85.3732967376709,79.54445838928223,0.9515470862388611
55,9,left_wrist,89.36886787414551,92.37752914428711,0.17067214846611023
55,10,right_wrist,91.27331733703613,97.52097129821777,0.8706881403923035
55,11,left_hip,69.80913639068604,90.83699226379395,0.9983919858932495
55,12,right_hip,67.45597839355469,91.7583179473877,0.9990994930267334
55,13,left_knee,74.57705497741699,117.52036094665527,0.4603647291660309
55,14,right_knee,73.12640190124512,120.09993553161621,0.9433303475379944
55,15,left_ankle,69.958176612854,142.44059562683105,0.6858490705490112
55,16,right_ankle,68.8543176651001,147.457914352417,0.95986008644104
56,0,nose,94.8044204711914,55.56017875671387,0.9989879131317139
56,1,left_eye,95.53726196289062,53.539700508117676,0.9983293414115906
56,2,right_eye,94.67153549194336,52.701263427734375,0.9981418251991272
56,3,left_ear,92.81434059143066,52.017760276794434,0.9966281056404114
56,4,right_ear,91.69620513916016,50.9417724609375,0.9976690411567688
56,5,left_shoulder,83.01163673400879,59.61159706115723,0.9991458058357239
56,6,right_shoulder,83.7950611114502,60.308380126953125,0.9996786713600159
56,7,left_elbow,84.04539108276367,77.15654850006104,0.13197806477546692
56,8,right_elbow,85.68002700805664,79.99604225158691,0.9540969133377075
56,9,left_wrist,89.68512535095215,93.81876945495605,0.17091481387615204
56,10,right_wrist,91.11306190490723,98.04950714111328,0.8776075839996338
56,11,left_hip,69.70442295074463,90.81865310668945,0.9984812140464783
56,12,right_hip,67.45619297027588,91.74933433532715,0.9991551637649536
56,13,left_knee,74.56062316894531,117.61713981628418,0.45544663071632385
56,14,right_knee,73.12039375305176,120.09565353393555,0.9443999528884888
56,15,left_ankle,69.95973110198975,142.40997314453125,0.6827023029327393
56,16,right_ankle,68.90580654144287,147.5592041015625,0.9604638814926147
57,0,nose,94.96016502380371,56.01178169250488,0.999047577381134
57,1,left_eye,95.65829277038574,53.8360595703125,0.9984303712844849
57,2,right_eye,94.95246887207031,53.26242446899414,0.9982662200927734
57,3,left_ear,92.85665512084961,52.064781188964844,0.996852695941925
57,4,right_ear,91.85944557189941,51.35993957519531,0.9978430867195129
57,5,left_shoulder,83.0247688293457,59.469499588012695,0.999196469783783
57,6,right_shoulder,83.91434669494629,61.183552742004395,0.9996991157531738
57,7,left_elbow,84.55988883972168,77.31988430023193,0.12901365756988525
57,8,right_elbow,85.91813087463379,80.66865921020508,0.9551085233688354
57,9,left_wrist,89.67915534973145,93.2993221282959,0.16514797508716583
57,10,right_wrist,91.02717399597168,98.15629005432129,0.8789555430412292
57,11,left_hip,69.6704626083374,90.77445983886719,0.9985690712928772
57,12,right_hip,67.32472896575928,91.80137634277344,0.9992052316665649
57,13,left_knee,74.43967342376709,117.52471923828125,0.4477243423461914
57,14,right_knee,73.11419486999512,120.10671615600586,0.9436672925949097
57,15,left_ankle,70.06546974182129,142.79948234558105,0.6749894022941589
57,16,right_ankle,68.883957862854,147.67313957214355,0.9596906900405884
58,0,nose,95.20090103149414,56.317176818847656,0.9991106390953064
58,1,left_eye,95.8197021484375,53.958706855773926,0.9985423684120178
58,2,right_eye,95.33971786499023,53.70340824127197,0.9984037280082703
58,3,left_ear,92.85905838012695,52.06467628479004,0.9970999360084534
58,4,right_ear,92.40517616271973,51.97770118713379,0.9980274438858032
58,5,left_shoulder,81.69937133789062,58.66896629333496,0.9992386698722839
58,6,right_shoulder,85.16300201416016,62.114596366882324,0.9997230768203735
58,7,left_elbow,82.67106056213379,74.70715999603271,0.12819312512874603
58,8,right_elbow,86.33500099182129,82.04099655151367,0.9570094347000122
58,9,left_wrist,89.68576431274414,86.37693405151367,0.1561654955148697
58,10,right_wrist,90.96078872680664,98.15176010131836,0.8740360140800476
58,11,left_hip,69.30867195129395,90.78397750854492,0.9986562728881836
58,12,right_hip,67.73691654205322,92.23100662231445,0.9992668628692627
58,13,left_knee,74.07700538635254,117.26648330688477,0.4579735994338989
58,14,right_knee,73.12255859375,120.27897834777832,0.9465652108192444
58,15,left_ankle,70.03770351409912,142.9789924621582,0.6789959669113159
58,16,right_ankle,68.80815982818604,148.26472282409668,0.9613666534423828
59,0,nose,95.16298294067383,56.29580497741699,0.9991594552993774
59,1,left_eye,95.8027458190918,53.98633003234863,0.9986243844032288
59,2,right_eye,95.32812118530273,53.65682601928711,0.9985028505325317
59,3,left_ear,92.8643798828125,52.27910041809082,0.997266948223114
59,4,right_ear,92.3624038696289,52.02754497528076,0.9981535077095032
59,5,left_shoulder,81.78418159484863,59.69706058502197,0.9992271661758423
59,6,right_shoulder,84.89423751831055,62.02018737792969,0.9997292160987854
59,7,left_elbow,82.74904251098633,75.17237663269043,0.12464410811662674
59,8,right_elbow,86.03921890258789,82.20272064208984,0.9552757740020752
59,9,left_wrist,89.89057540893555,87.96097755432129,0.1534307450056076
59,10,right_wrist,90.9426498413086,98.24304580688477,0.8727424144744873
59,11,left_hip,69.54325675964355,91.3969898223877,0.9986959099769592
59,12,right_hip,67.56604671478271,93.00058364868164,0.9992974996566772
59,13,left_knee,74.12065982818604,117.18632698059082,0.45071330666542053
59,14,right_knee,73.03430080413818,120.29489517211914,0.9452170729637146
59,15,left_ankle,70.29431819915771,141.384916305542,0.6699743270874023
59,16,right_ankle,68.8381814956665,148.24475288391113,0.9606468081474304
60,0,nose,95.65640449523926,56.34634017944336,0.9991454482078552
60,1,left_eye,96.1275577545166,54.036593437194824,0.9986183047294617
60,2,right_eye,95.66951751708984,53.71142387390137,0.998502254486084
60,3,left_ear,93.16105842590332,52.412071228027344,0.9972689747810364
60,4,right_ear,92.64639854431152,52.14487552642822,0.9981866478919983
60,5,left_shoulder,81.90607070922852,59.71529006958008,0.9992477297782898
60,6,right_shoulder,85.5923080444336,62.62810707092285,0.9997377395629883
60,7,left_elbow,82.85457611083984,76.33759498596191,0.12026635557413101
60,8,right_elbow,85.95149040222168,81.83720588684082,0.9531232118606567
60,9,left_wrist,89.07905578613281,88.23734283447266,0.14815495908260345
60,10,right_wrist,89.68188285827637,98.10043334960938,0.8671006560325623
60,11,left_hip,69.56501007080078,91.6805362701416,0.9987627863883972
60,12,right_hip,67.7822208404541,93.31117630004883,0.9993351101875305
60,13,left_knee,74.24603462219238,117.81702995300293,0.44612428545951843
60,14,right_knee,73.01229000091553,120.40703773498535,0.9414403438568115
60,15,left_ankle,70.78526496887207,141.73742294311523,0.664467990398407
60,16,right_ankle,69.04679775238037,148.2218360900879,0.9584357142448425
61,0,nose,95.63146591186523,56.89069747924805,0.9990205764770508
61,1,left_eye,96.2685775756836,54.73461151123047,0.9984510540962219
61,2,right_eye,95.58786392211914,54.01331424713135,0.9982806444168091
61,3,left_ear,93.68776321411133,53.39548587799072,0.9968345761299133
61,4,right_ear,92.61469841003418,52.25856304168701,0.9978729486465454
61,5,left_shoulder,87.32534408569336,63.16005229949951,0.9992246031761169
61,6,right_shoulder,80.78123092651367,62.3427677154541,0.999674916267395
61,7,left_elbow,86.01252555847168,80.4233169555664,0.12855875492095947
61,8,right_elbow,83.98460388183594,81.79519653320312,0.9497824907302856
61,9,left_wrist,88.82604598999023,92.83693313598633,0.1562213897705078
61,10,right_wrist,87.99914360046387,95.82460403442383,0.8609501719474792
61,11,left_hip,72.14853763580322,92.89461135864258,0.9987995028495789
61,12,right_hip,66.7165470123291,93.37947845458984,0.9993293285369873
61,13,left_knee,75.84431648254395,118.31293106079102,0.4668651223182678
61,14,right_knee,72.68366813659668,120.40067672729492,0.9426335096359253
61,15,left_ankle,71.00447177886963,141.76467895507812,0.6782181262969971
61,16,right_ankle,69.17750358581543,148.19355964660645,0.9591765999794006
62,0,nose,95.60707092285156,56.97695732116699,0.9987277388572693
62,1,left_eye,96.40085220336914,54.797563552856445,0.9979806542396545
62,2,right_eye,95.52774429321289,54.01398181915283,0.9977161884307861
62,3,left_ear,94.03700828552246,53.54846000671387,0.9956820011138916
62,4,right_ear,92.54231452941895,52.27076530456543,0.9970715045928955
62,5,left_shoulder,90.07993698120117,65.47781467437744,0.9991488456726074
62,6,right_shoulder,79.42615509033203,61.076040267944336,0.9995717406272888
62,7,left_elbow,87.95950889587402,81.15093231201172,0.15037855505943298
62,8,right_elbow,80.86589813232422,79.7281265258789,0.9483643174171448
62,9,left_wrist,88.73689651489258,93.61039161682129,0.17866438627243042
62,10,right_wrist,86.39744758605957,93.46040725708008,0.8601832389831543
62,11,left_hip,73.57712745666504,93.44913482666016,0.9987931251525879
62,12,right_hip,66.36804103851318,93.32991600036621,0.999273955821991
62,13,left_knee,77.64566898345947,118.30066680908203,0.491645872592926
62,14,right_knee,72.20667839050293,120.3322696685791,0.9437150955200195
62,15,left_ankle,71.36425971984863,141.8598747253418,0.6930615901947021
62,16,right_ankle,69.26112174987793,147.85433769226074,0.9590707421302795
63,0,nose,95.45233726501465,57.4717903137207,0.9984498620033264
63,1,left_eye,96.47536277770996,55.606956481933594,0.9976444244384766
63,2,right_eye,95.3681468963623,54.18302059173584,0.9971463680267334
63,3,left_ear,94.61421966552734,54.817256927490234,0.9948346614837646
63,4,right_ear,92.27700233459473,52.28614330291748,0.9962624907493591
63,5,left_shoulder,91.67052268981934,66.26497745513916,0.9991535544395447
63,6,right_shoulder,78.08352470397949,60.47249794006348,0.9994840025901794
63,7,left_elbow,89.26079750061035,82.80036926269531,0.1895717829465866
63,8,right_elbow,77.67208099365234,77.63800144195557,0.9484021067619324
63,9,left_wrist,86.72296524047852,93.43120574951172,0.2131175398826599
63,10,right_wrist,84.63117599487305,91.03276252746582,0.861047089099884
63,11,left_hip,74.61691379547119,94.08676147460938,0.998825192451477
63,12,right_hip,65.94795227050781,93.31194877624512,0.9992188811302185
63,13,left_knee,79.51220035552979,118.48400115966797,0.5267888307571411
63,14,right_knee,72.10859775543213,120.28520584106445,0.9456667304039001
63,15,left_ankle,71.38815879821777,143.39996337890625,0.7132662534713745
63,16,right_ankle,69.30854797363281,147.80903816223145,0.958526074886322
64,0,nose,95.6507682800293,57.85092830657959,0.9974979758262634
64,1,left_eye,96.99126243591309,56.10191345214844,0.9963396191596985
64,2,right_eye,95.64167022705078,54.35616493225098,0.9950302243232727
64,3,left_ear,95.27109146118164,55.33169746398926,0.9918191432952881
64,4,right_ear,92.48040199279785,52.30610370635986,0.9933739304542542
64,5,left_shoulder,91.88693046569824,66.64458274841309,0.9990963339805603
64,6,right_shoulder,78.16262722015381,59.56777572631836,0.9993648529052734
64,7,left_elbow,88.95024299621582,83.21548461914062,0.20906277000904083
64,8,right_elbow,77.34349250793457,75.89590549468994,0.9429786205291748
64,9,left_wrist,86.13327980041504,93.36352348327637,0.2386476993560791
64,10,right_wrist,81.77491188049316,88.21785926818848,0.855009913444519
64,11,left_hip,75.11003971099854,94.33027267456055,0.9987955689430237
64,12,right_hip,65.9471607208252,93.20463180541992,0.999111533164978
64,13,left_knee,80.10396957397461,118.49164009094238,0.5553990006446838
64,14,right_knee,72.20038414001465,120.96864700317383,0.9464253783226013
64,15,left_ankle,71.34827613830566,143.35134506225586,0.7296643257141113
64,16,right_ankle,69.34229850769043,147.85542488098145,0.9578657746315002
65,0,nose,96.33303642272949,57.86055564880371,0.9974625706672668
65,1,left_eye,97.49086380004883,56.01387023925781,0.9963387846946716
65,2,right_eye,96.64291381835938,54.60741996765137,0.9952468872070312
65,3,left_ear,95.2388858795166,55.0421142578125,0.9921106100082397
65,4,right_ear,93.35843086242676,52.613654136657715,0.993733286857605
65,5,left_shoulder,90.33407211303711,65.65604209899902,0.9986334443092346
65,6,right_shoulder,78.88318538665771,59.19964790344238,0.9991227984428406
65,7,left_elbow,88.2002067565918,77.69280433654785,0.20024706423282623
65,8,right_elbow,78.45663547515869,69.55199241638184,0.9428996443748474
65,9,left_wrist,88.7938117980957,68.75158786773682,0.2341042011976242
65,10,right_wrist,83.36310386657715,59.689812660217285,0.8573566675186157
65,11,left_hip,74.59223747253418,94.4366455078125,0.9988111853599548
65,12,right_hip,65.9837818145752,93.21944236755371,0.9990736842155457
65,13,left_knee,79.6777868270874,118.8449478149414,0.5733627676963806
65,14,right_knee,72.20836639404297,120.9450626373291,0.9448404312133789
65,15,left_ankle,71.34207248687744,143.35771560668945,0.7381657361984253
65,16,right_ankle,69.35564517974854,147.77563095092773,0.9555477499961853
66,0,nose,96.31119728088379,58.75716686248779,0.9973002672195435
66,1,left_eye,97.57177352905273,57.080392837524414,0.9962870478630066
66,2,right_eye,96.61785125732422,55.36149501800537,0.9951967000961304
66,3,left_ear,95.4682731628418,55.66880226135254,0.9923055171966553
66,4,right_ear,93.60971450805664,52.83555030822754,0.9940415024757385
66,5,left_shoulder,90.5316162109375,65.20788669586182,0.9984791874885559
66,6,right_shoulder,79.26718711853027,58.04060935974121,0.9990032911300659
66,7,left_elbow,91.22908592224121,74.80395317077637,0.21933990716934204
66,8,right_elbow,78.33626747131348,67.70365715026855,0.9408536553382874
66,9,left_wrist,90.43567657470703,64.5833683013916,0.254240483045578
66,10,right_wrist,85.2357292175293,63.77584934234619,0.8562437891960144
66,11,left_hip,74.1909408569336,94.48902130126953,0.9988412261009216
66,12,right_hip,65.76888084411621,93.19186210632324,0.9990147948265076
66,13,left_knee,80.38196563720703,118.80219459533691,0.5897142887115479
66,14,right_knee,72.24569797515869,120.96746444702148,0.9441731572151184
66,15,left_ankle,71.50824069976807,143.34431648254395,0.7442284226417542
66,16,right_ankle,69.45171356201172,147.44728088378906,0.9521942734718323
67,0,nose,96.29414558410645,58.81087779998779,0.9969882965087891
67,1,left_eye,97.63737678527832,57.33821392059326,0.9960544109344482
67,2,right_eye,96.51483535766602,55.30595779418945,0.9950457811355591
67,3,left_ear,96.11817359924316,56.40533447265625,0.9922755360603333
67,4,right_ear,93.69585037231445,52.85914897918701,0.9940176010131836
67,5,left_shoulder,91.03239059448242,64.99008178710938,0.9981855154037476
67,6,right_shoulder,79.44071769714355,57.53262996673584,0.9988394379615784
67,7,left_elbow,90.06655693054199,74.62616920471191,0.2132912427186966
67,8,right_elbow,78.61731052398682,67.88204193115234,0.9393699169158936
67,9,left_wrist,87.05754280090332,69.94932651519775,0.248509481549263
67,10,right_wrist,86.57716751098633,62.79980659484863,0.854801595211029
67,11,left_hip,74.10822868347168,94.35059547424316,0.9988495707511902
67,12,right_hip,65.53483009338379,92.70803451538086,0.9989752769470215
67,13,left_knee,80.88615417480469,118.7781810760498,0.6051763296127319
67,14,right_knee,71.75949096679688,120.95549583435059,0.9410463571548462
67,15,left_ankle,71.65708065032959,143.57864379882812,0.7524200677871704
67,16,right_ankle,69.46435451507568,147.34173774719238,0.9481948614120483
68,0,nose,96.23761177062988,58.70112419128418,0.9964320063591003
68,1,left_eye,97.80268669128418,57.12075233459473,0.9953345060348511
68,2,right_eye,96.45146369934082,55.242934226989746,0.9945053458213806
68,3,left_ear,96.40372276306152,56.48341178894043,0.9913907647132874
68,4,right_ear,93.60452651977539,52.91395664215088,0.9936402440071106
68,5,left_shoulder,91.99174880981445,64.81661319732666,0.9977874159812927
68,6,right_shoulder,79.60283756256104,57.62032508850098,0.998744785785675
68,7,left_elbow,87.97700881958008,72.57002353668213,0.2195720672607422
68,8,right_elbow,77.20700740814209,67.53715515136719,0.9394461512565613
68,9,left_wrist,79.66588497161865,63.934664726257324,0.2522462010383606
68,10,right_wrist,84.56510543823242,64.68783378601074,0.8557645082473755
68,11,left_hip,73.91629219055176,94.26600456237793,0.9987983703613281
68,12,right_hip,65.326828956604,92.51641273498535,0.998897910118103
68,13,left_knee,80.76577186584473,118.75799179077148,0.6193471550941467
68,14,right_knee,71.38028621673584,120.88058471679688,0.9380682706832886
68,15,left_ankle,71.7023754119873,143.59663009643555,0.7571703791618347
68,16,right_ankle,69.46093559265137,146.94308280944824,0.9432463645935059
69,0,nose,95.2127456665039,58.683366775512695,0.9965735673904419
69,1,left_eye,97.67915725708008,57.31009006500244,0.9955405592918396
69,2,right_eye,95.51990509033203,55.19456386566162,0.9947829842567444
69,3,left_ear,96.72815322875977,57.15357780456543,0.9918122291564941
69,4,right_ear,93.34783554077148,53.19377422332764,0.9939807653427124
69,5,left_shoulder,92.05816268920898,65.22409915924072,0.997471034526825
69,6,right_shoulder,79.88668918609619,57.76853561401367,0.9986847043037415
69,7,left_elbow,85.2961254119873,69.61473941802979,0.2329815775156021
69,8,right_elbow,75.69143772125244,65.65010070800781,0.9402398467063904
69,9,left_wrist,73.53631496429443,61.578636169433594,0.2592232823371887
69,10,right_wrist,81.15815162658691,61.467766761779785,0.8574377298355103
69,11,left_hip,73.92959594726562,94.4383716583252,0.9987927079200745
69,12,right_hip,65.33493995666504,92.60952949523926,0.9988856911659241
69,13,left_knee,80.72870254516602,118.79887580871582,0.6339092254638672
69,14,right_knee,71.06194496154785,120.86736679077148,0.9376183152198792
69,15,left_ankle,71.70414924621582,143.78503799438477,0.7654733061790466
69,16,right_ankle,69.48675632476807,146.9395637512207,0.9414066076278687
70,0,nose,93.51531982421875,57.56058216094971,0.9964809417724609
70,1,left_eye,96.95032119750977,56.962690353393555,0.9952578544616699
70,2,right_eye,94.74854469299316,54.16787147521973,0.9945228099822998
70,3,left_ear,96.73593521118164,57.08876132965088,0.9912213087081909
70,4,right_ear,93.3165168762207,53.17776679992676,0.9934027791023254
70,5,left_shoulder,92.34134674072266,65.74156284332275,0.996298611164093
70,6,right_shoulder,79.95821475982666,57.79834270477295,0.9984164834022522
70,7,left_elbow,82.63479232788086,67.99207210540771,0.2820880115032196
70,8,right_elbow,70.91779232025146,59.986371994018555,0.9341887831687927
70,9,left_wrist,71.8874979019165,59.317564964294434,0.2976357340812683
70,10,right_wrist,73.67119789123535,60.08800029754639,0.8483201861381531
70,11,left_hip,74.3854808807373,94.82809066772461,0.9987616539001465
70,12,right_hip,65.36141395568848,92.5057315826416,0.998833954334259
70,13,left_knee,80.86576461791992,119.1543197631836,0.6545423269271851
70,14,right_knee,71.01644039154053,120.77972412109375,0.9339827299118042
70,15,left_ankle,71.74744606018066,144.26828384399414,0.7776592373847961
70,16,right_ankle,69.62475776672363,145.06062507629395,0.9344555139541626
71,0,nose,93.08375358581543,56.33598804473877,0.9966018795967102
71,1,left_eye,96.71480178833008,56.32199287414551,0.9953632950782776
71,2,right_eye,94.52798843383789,53.55069160461426,0.9945386648178101
71,3,left_ear,96.76379203796387,56.92270755767822,0.9912142753601074
71,4,right_ear,93.28426361083984,53.15908432006836,0.9930515289306641
71,5,left_shoulder,92.83119201660156,66.42626285552979,0.9946704506874084
71,6,right_shoulder,79.80419158935547,57.83149242401123,0.9977200031280518
71,7,left_elbow,81.55011177062988,65.67395687103271,0.3441576659679413
71,8,right_elbow,68.05452823638916,57.660932540893555,0.9253542423248291
71,9,left_wrist,70.11288642883301,52.05771446228027,0.3544735908508301
71,10,right_wrist,68.94368648529053,52.75775909423828,0.8414866924285889
71,11,left_hip,74.79325771331787,95.74346542358398,0.9985768795013428
71,12,right_hip,65.37125587463379,92.8050422668457,0.9986586570739746
71,13,left_knee,81.10052108764648,119.5412540435791,0.6719732880592346
71,14,right_knee,71.06570243835449,121.19814872741699,0.9340322017669678
71,15,left_ankle,71.74888610839844,144.3537139892578,0.7887230515480042
71,16,right_ankle,69.77019309997559,145.210542678833,0.9329694509506226
72,0,nose,94.1209602355957,55.64760684967041,0.9966155290603638
72,1,left_eye,97.0179271697998,55.490217208862305,0.9953019022941589
72,2,right_eye,94.93230819702148,53.16403388977051,0.9943716526031494
72,3,left_ear,97.07924842834473,56.631293296813965,0.9908559322357178
72,4,right_ear,93.6451530456543,53.0611515045166,0.9924958348274231
72,5,left_shoulder,92.7937126159668,66.25534057617188,0.9920293092727661
72,6,right_shoulder,79.83151435852051,57.90570259094238,0.9964415431022644
72,7,left_elbow,82.11306571960449,64.2996883392334,0.40050509572029114
72,8,right_elbow,68.74464511871338,55.98446846008301,0.9209353923797607
72,9,left_wrist,70.96397399902344,51.0288667678833,0.40633389353752136
72,10,right_wrist,67.38787174224854,47.593584060668945,0.8422958850860596
72,11,left_hip,75.3338623046875,95.6376838684082,0.9985216856002808
72,12,right_hip,65.41251182556152,92.47369766235352,0.9985973238945007
72,13,left_knee,81.1504077911377,119.36729431152344,0.6927663683891296
72,14,right_knee,71.48699283599854,120.7413101196289,0.9363720417022705
72,15,left_ankle,72.38043308258057,144.39947128295898,0.8005936741828918
72,16,right_ankle,69.76943016052246,145.41193962097168,0.9338008761405945
73,0,nose,94.13378715515137,55.73904037475586,0.9967420697212219
73,1,left_eye,97.16585159301758,55.462398529052734,0.9954466819763184
73,2,right_eye,94.94260787963867,53.07828903198242,0.9944291114807129
73,3,left_ear,97.30009078979492,56.5565824508667,0.9910717606544495
73,4,right_ear,93.77898216247559,53.0188512802124,0.9924197793006897
73,5,left_shoulder,93.25393676757812,66.08165740966797,0.9909554719924927
73,6,right_shoulder,79.38752174377441,57.89329528808594,0.995551586151123
73,7,left_elbow,81.95518493652344,60.7717227935791,0.4550284743309021
73,8,right_elbow,68.07149410247803,54.744224548339844,0.9192586541175842
73,9,left_wrist,71.23959541320801,48.1881046295166,0.4572557806968689
73,10,right_wrist,66.91339015960693,44.95707988739014,0.845902144908905
73,11,left_hip,75.44722557067871,95.65108299255371,0.9983903169631958
73,12,right_hip,65.43601989746094,92.50304222106934,0.9983813166618347
73,13,left_knee,81.2653923034668,119.4349479675293,0.7127435207366943
73,14,right_knee,71.4919376373291,120.71052551269531,0.937125563621521
73,15,left_ankle,72.22589015960693,144.7429656982422,0.8128873109817505
73,16,right_ankle,69.92713928222656,145.26689529418945,0.9316788911819458
74,0,nose,95.03691673278809,55.89615821838379,0.997001051902771
74,1,left_eye,97.48991012573242,55.4680061340332,0.9957965612411499
74,2,right_eye,95.36519050598145,53.092803955078125,0.9948558807373047
74,3,left_ear,97.40115165710449,56.497297286987305,0.9917414784431458
74,4,right_ear,93.80622863769531,53.004775047302246,0.9929952621459961
74,5,left_shoulder,93.01595687866211,66.02114200592041,0.9910888075828552
74,6,right_shoulder,79.18005466461182,57.78994560241699,0.995755672454834
74,7,left_elbow,82.0584774017334,59.02428150177002,0.50218266248703
74,8,right_elbow,66.87963008880615,54.04651641845703,0.9246499538421631
74,9,left_wrist,69.75572109222412,43.97149085998535,0.5032442212104797
74,10,right_wrist,65.56784629821777,41.21285438537598,0.8569342494010925
74,11,left_hip,75.5408239364624,95.63132286071777,0.998430073261261
74,12,right_hip,65.62760353088379,92.51741409301758,0.9984501004219055
74,13,left_knee,81.48501396179199,119.44246292114258,0.725919783115387
74,14,right_knee,71.85601234436035,120.55092811584473,0.9403262138366699
74,15,left_ankle,72.23647117614746,144.4866943359375,0.8206298351287842
74,16,right_ankle,69.95131492614746,145.9624195098877,0.9342460036277771
75,0,nose,94.87011909484863,55.896239280700684,0.9971998929977417
75,1,left_eye,97.30314254760742,55.38347244262695,0.9960595965385437
75,2,right_eye,95.26222229003906,53.11795234680176,0.9951465129852295
75,3,left_ear,97.32985496520996,56.4571475982666,0.992225170135498
75,4,right_ear,93.76928329467773,52.9927921295166,0.993337869644165
75,5,left_shoulder,93.05166244506836,65.96697807312012,0.9910417199134827
75,6,right_shoulder,78.80995273590088,57.78670787811279,0.9957572221755981
75,7,left_elbow,82.1324348449707,57.28901386260986,0.5487798452377319
75,8,right_elbow,65.79959869384766,54.28351879119873,0.9283418655395508
75,9,left_wrist,69.66626167297363,42.80258655548096,0.548376739025116
75,10,right_wrist,65.68212032318115,40.77030658721924,0.8660585284233093
75,11,left_hip,75.67883968353271,95.80719947814941,0.9983969330787659
75,12,right_hip,65.6340503692627,92.5594425201416,0.9984063506126404
75,13,left_knee,81.50056838989258,119.71579551696777,0.7376977205276489
75,14,right_knee,72.35474586486816,120.37179946899414,0.9403598308563232
75,15,left_ankle,71.99474334716797,144.73817825317383,0.8286355137825012
75,16,right_ankle,69.9310827255249,145.9880828857422,0.9326939582824707
76,0,nose,95.34533500671387,54.75457191467285,0.9973169565200806
76,1,left_eye,97.82980918884277,54.290122985839844,0.9962040781974792
76,2,right_eye,95.69876670837402,52.65885353088379,0.995266854763031
76,3,left_ear,97.29823112487793,55.4245662689209,0.9924116134643555
76,4,right_ear,93.8676643371582,52.78356075286865,0.9933847188949585
76,5,left_shoulder,92.94238090515137,65.44129848480225,0.9902436137199402
76,6,right_shoulder,78.88485908508301,57.81064033508301,0.9952468276023865
76,7,left_elbow,81.5480899810791,55.294785499572754,0.59056556224823
76,8,right_elbow,65.79342842102051,53.66614818572998,0.9298105835914612
76,9,left_wrist,69.17348384857178,41.03100776672363,0.5886827111244202
76,10,right_wrist,65.62631130218506,39.063148498535156,0.8721079230308533
76,11,left_hip,75.74106693267822,95.79659461975098,0.9983130097389221
76,12,right_hip,65.73381900787354,92.45450019836426,0.998323380947113
76,13,left_knee,81.48582458496094,119.68870162963867,0.7492544054985046
76,14,right_knee,72.89742946624756,120.35642623901367,0.9418848156929016
76,15,left_ankle,72.02316284179688,144.56685066223145,0.835610568523407
76,16,right_ankle,69.94284152984619,146.3030242919922,0.9327245950698853
77,0,nose,96.91105842590332,57.07079887390137,0.997291624546051
77,1,left_eye,97.89962768554688,55.02082824707031,0.9961560964584351
77,2,right_eye,96.32359504699707,54.089789390563965,0.9952120780944824
77,3,left_ear,97.17134475708008,55.43149948120117,0.9923126101493835
77,4,right_ear,94.2398452758789,53.502817153930664,0.9935319423675537
77,5,left_shoulder,92.31008529663086,64.88765716552734,0.9904813170433044
77,6,right_shoulder,80.77840805053711,57.82334804534912,0.995364785194397
77,7,left_elbow,81.36198043823242,53.60407829284668,0.6156756281852722
77,8,right_elbow,68.52058410644531,49.17071342468262,0.9344185590744019
77,9,left_wrist,69.03638362884521,39.12095308303833,0.6136946678161621
77,10,right_wrist,66.294264793396,35.16459941864014,0.8801453113555908
77,11,left_hip,75.33602714538574,95.72163581848145,0.9983119368553162
77,12,right_hip,66.13401889801025,92.52093315124512,0.9983221292495728
77,13,left_knee,81.46096229553223,119.64963912963867,0.753420889377594
77,14,right_knee,73.27334403991699,120.46368598937988,0.9450145363807678
77,15,left_ankle,72.04415321350098,144.49603080749512,0.8387629389762878
77,16,right_ankle,69.94458675384521,146.74985885620117,0.9353973269462585
78,0,nose,96.76549911499023,57.46366500854492,0.9973423480987549
78,1,left_eye,97.87617683410645,54.52742099761963,0.996187686920166
78,2,right_eye,96.30419731140137,54.19119834899902,0.9953016638755798
78,3,left_ear,96.90068244934082,55.42094707489014,0.9922811985015869
78,4,right_ear,94.24368858337402,53.63553524017334,0.9936882853507996
78,5,left_shoulder,92.06802368164062,64.23662662506104,0.9901430606842041
78,6,right_shoulder,81.62686347961426,57.83907890319824,0.9953135251998901
78,7,left_elbow,81.01848602294922,51.997618675231934,0.6428276300430298
78,8,right_elbow,69.978928565979,51.269869804382324,0.9376091361045837
78,9,left_wrist,69.08863067626953,38.48738193511963,0.6417710781097412
78,10,right_wrist,67.18016624450684,38.205909729003906,0.887286901473999
78,11,left_hip,75.18419742584229,95.46242713928223,0.9983577132225037
78,12,right_hip,66.56486511230469,92.43844985961914,0.9983600974082947
78,13,left_knee,81.66239738464355,119.6356201171875,0.7618885040283203
78,14,right_knee,73.28343868255615,120.3691291809082,0.9477509260177612
78,15,left_ankle,72.56251335144043,143.8642692565918,0.8443639874458313
78,16,right_ankle,69.94370937347412,146.73688888549805,0.937713086605072
79,0,nose,98.3446216583252,57.994585037231445,0.9973927736282349
79,1,left_eye,98.37172508239746,54.9025821685791,0.996208131313324
79,2,right_eye,97.37436294555664,54.55195426940918,0.9954431056976318
79,3,left_ear,96.8885612487793,55.32754898071289,0.9922356605529785
79,4,right_ear,94.53861236572266,53.65640163421631,0.9939855337142944
79,5,left_shoulder,91.27659797668457,63.39193820953369,0.9901134967803955
79,6,right_shoulder,81.89031600952148,57.85133361816406,0.9954773783683777
79,7,left_elbow,80.76663017272949,52.122602462768555,0.6590487957000732
79,8,right_elbow,70.19902229309082,52.825660705566406,0.9417070150375366
79,9,left_wrist,69.0304183959961,39.265830516815186,0.6621577739715576
79,10,right_wrist,67.91465759277344,38.76698017120361,0.8947382569313049
79,11,left_hip,74.743332862854,95.36742210388184,0.9984243512153625
79,12,right_hip,66.73145294189453,92.5191593170166,0.9984270930290222
79,13,left_knee,81.6319465637207,119.11333084106445,0.7686167359352112
79,14,right_knee,73.68192195892334,120.42460441589355,0.9509376883506775
79,15,left_ankle,72.67076015472412,142.93574333190918,0.849079430103302
79,16,right_ankle,69.87944602966309,147.1015453338623,0.940830409526825
80,0,nose,99.24910545349121,57.580294609069824,0.9975083470344543
80,1,left_eye,98.75368118286133,54.77980613708496,0.9963303208351135
80,2,right_eye,98.08198928833008,54.48376178741455,0.9956921935081482
80,3,left_ear,96.92201614379883,54.97128486633301,0.992388904094696
80,4,right_ear,95.11178970336914,53.62980842590332,0.9943758249282837
80,5,left_shoulder,91.14290237426758,63.19348335266113,0.9900491833686829
80,6,right_shoulder,82.25504875183105,57.46589183807373,0.9957438111305237
80,7,left_elbow,80.08916854858398,52.164082527160645,0.6643804907798767
80,8,right_elbow,70.87445735931396,51.76854610443115,0.9459123015403748
80,9,left_wrist,69.36685085296631,40.10725975036621,0.6768690347671509
80,10,right_wrist,68.21704864501953,39.055302143096924,0.9026933312416077
80,11,left_hip,74.58050727844238,95.045166015625,0.9985027313232422
80,12,right_hip,67.01427459716797,92.51275062561035,0.9985139966011047
80,13,left_knee,81.66009902954102,119.04983520507812,0.7763609290122986
80,14,right_knee,73.901047706604,120.41322708129883,0.9538813829421997
80,15,left_ankle,72.80497550964355,142.98253059387207,0.8552218079566956
80,16,right_ankle,69.921875,147.09312438964844,0.9443319439888
81,0,nose,99.47639465332031,57.08134651184082,0.9976129531860352
81,1,left_eye,98.91371726989746,54.478421211242676,0.9964370131492615
81,2,right_eye,98.38293075561523,54.20289993286133,0.9959513545036316
81,3,left_ear,96.91539764404297,54.50150489807129,0.9926313757896423
81,4,right_ear,95.38103103637695,53.594698905944824,0.9947524666786194
81,5,left_shoulder,90.39289474487305,62.997374534606934,0.9894821643829346
81,6,right_shoulder,82.99997329711914,57.3063850402832,0.9959321022033691
81,7,left_elbow,77.40704536437988,53.1154203414917,0.6491268277168274
81,8,right_elbow,71.6171646118164,50.70742607116699,0.9490663409233093
81,9,left_wrist,69.0587854385376,39.60817337036133,0.6764329671859741
81,10,right_wrist,68.44483852386475,38.47013473510742,0.9083669185638428
81,11,left_hip,74.44415092468262,94.94065284729004,0.9985455274581909
81,12,right_hip,67.62287139892578,92.54257202148438,0.99857497215271
81,13,left_knee,81.8008804321289,118.9464282989502,0.7770816087722778
81,14,right_knee,74.90849494934082,120.42840003967285,0.9563452005386353
81,15,left_ankle,72.92210578918457,142.8607940673828,0.859508752822876
81,16,right_ankle,69.92443084716797,146.97265625,0.9477871060371399
82,0,nose,99.35205459594727,57.06164836883545,0.9976498484611511
82,1,left_eye,98.93852233886719,54.41241264343262,0.9964543581008911
82,2,right_eye,98.4286880493164,54.18792247772217,0.9961146116256714
82,3,left_ear,96.91255569458008,54.252328872680664,0.9926833510398865
82,4,right_ear,95.44503211975098,53.51317882537842,0.994995653629303
82,5,left_shoulder,89.75483894348145,63.035712242126465,0.988998293876648
82,6,right_shoulder,83.33349227905273,57.33341693878174,0.9960273504257202
82,7,left_elbow,75.73473453521729,52.66425609588623,0.6360748410224915
82,8,right_elbow,72.84162044525146,50.30642509460449,0.9507092237472534
82,9,left_wrist,68.51504325866699,39.84548568725586,0.6777625679969788
82,10,right_wrist,68.5175609588623,38.74333620071411,0.9115643501281738
82,11,left_hip,73.86848449707031,94.85437393188477,0.9985989928245544
82,12,right_hip,68.0764102935791,92.73868560791016,0.9986474514007568
82,13,left_knee,81.94952964782715,118.7442398071289,0.7763849496841431
82,14,right_knee,75.2733325958252,120.60652732849121,0.9591938257217407
82,15,left_ankle,73.16614627838135,141.97712898254395,0.8636399507522583
82,16,right_ankle,69.90720272064209,147.14227676391602,0.9516239762306213
83,0,nose,100.17641067504883,57.467617988586426,0.997786819934845
83,1,left_eye,99.63784217834473,54.64657783508301,0.9966533184051514
83,2,right_eye,99.65666770935059,54.63524341583252,0.9964335560798645
83,3,left_ear,96.90893173217773,54.292359352111816,0.9932191967964172
83,4,right_ear,96.29098892211914,53.8734769821167,0.9954169392585754
83,5,left_shoulder,88.15327644348145,63.06556701660156,0.9885261654853821
83,6,right_shoulder,86.18919372558594,58.32657814025879,0.9963313937187195
83,7,left_elbow,70.70379734039307,53.562936782836914,0.583784818649292
83,8,right_elbow,75.19261837005615,49.380173683166504,0.9539238810539246
83,9,left_wrist,68.5436487197876,40.7618522644043,0.6420867443084717
83,10,right_wrist,69.43695068359375,38.963096141815186,0.917462170124054
83,11,left_hip,73.00723075866699,94.82645034790039,0.9986693263053894
83,12,right_hip,69.09236907958984,93.3995246887207,0.9987487196922302
83,13,left_knee,82.22424507141113,118.14925193786621,0.7654821276664734
83,14,right_knee,76.48148536682129,120.70520401000977,0.9622014164924622
83,15,left_ankle,73.29424381256104,140.05006790161133,0.8651441335678101
83,16,right_ankle,69.86902713775635,147.2062110900879,0.955889880657196
84,0,nose,99.83526229858398,59.276413917541504,0.9979035258293152
84,1,left_eye,99.5833683013916,56.2038516998291,0.9968067407608032
84,2,right_eye,99.3656063079834,56.28286361694336,0.9967045187950134
84,3,left_ear,96.75265312194824,55.332274436950684,0.9936798810958862
84,4,right_ear,96.23516082763672,55.22721290588379,0.9957683682441711
84,5,left_shoulder,87.22245216369629,63.941588401794434,0.9882389903068542
84,6,right_shoulder,86.89572334289551,60.891432762145996,0.9965934157371521
84,7,left_elbow,71.89048767089844,54.451093673706055,0.5421237349510193
84,8,right_elbow,74.82241153717041,49.944376945495605,0.9571448564529419
84,9,left_wrist,68.12641143798828,43.79551410675049,0.6209312081336975
84,10,right_wrist,69.50753211975098,39.274585247039795,0.9232142567634583
84,11,left_hip,72.62339115142822,94.89757537841797,0.9987018704414368
84,12,right_hip,69.85288143157959,94.92798805236816,0.9988170862197876
84,13,left_knee,82.1851921081543,118.01922798156738,0.7471184134483337
84,14,right_knee,78.7207555770874,120.69673538208008,0.9644128084182739
84,15,left_ankle,73.27033996582031,140.18145561218262,0.8643843531608582
84,16,right_ankle,70.15655517578125,146.996488571167,0.9594602584838867
85,0,nose,99.53106880187988,60.02302646636963,0.997991144657135
85,1,left_eye,99.11288261413574,57.294602394104004,0.9968829154968262
85,2,right_eye,98.66942405700684,56.73135757446289,0.9969370365142822
85,3,left_ear,96.5666389465332,56.54783248901367,0.9940072298049927
85,4,right_ear,95.85350036621094,55.690016746520996,0.9960856437683105
85,5,left_shoulder,87.29806900024414,65.4684829711914,0.9876531958580017
85,6,right_shoulder,86.68916702270508,61.58052921295166,0.9968433380126953
85,7,left_elbow,73.28298091888428,59.70501899719238,0.5011966824531555
85,8,right_elbow,75.42747497558594,52.29952812194824,0.9603115320205688
85,9,left_wrist,68.431077003479,48.135128021240234,0.5958392024040222
85,10,right_wrist,70.20932197570801,46.069321632385254,0.9290450811386108
85,11,left_hip,71.99292182922363,95.09511947631836,0.9987437725067139
85,12,right_hip,69.73698616027832,95.5644416809082,0.9988798499107361
85,13,left_knee,82.17135429382324,118.0377197265625,0.726443350315094
85,14,right_knee,80.24263381958008,120.7840347290039,0.9642539620399475
85,15,left_ankle,72.99483299255371,141.51829719543457,0.8609904646873474
85,16,right_ankle,70.23424625396729,146.99468612670898,0.9618527889251709
86,0,nose,98.16627502441406,60.89496612548828,0.9981465935707092
86,1,left_eye,97.83093452453613,58.659725189208984,0.9971291422843933
86,2,right_eye,96.91097259521484,57.77662754058838,0.9972198009490967
86,3,left_ear,95.71045875549316,57.75171756744385,0.994554877281189
86,4,right_ear,94.09065246582031,56.3450288772583,0.996456503868103
86,5,left_shoulder,86.35342597961426,66.05938911437988,0.9880712628364563
86,6,right_shoulder,85.40328025817871,62.14445114135742,0.9971106648445129
86,7,left_elbow,77.48182773590088,63.43602180480957,0.4548231065273285
86,8,right_elbow,75.11110782623291,60.82193851470947,0.962677001953125
86,9,left_wrist,76.97962284088135,54.97485160827637,0.5430871248245239
86,10,right_wrist,72.20377445220947,56.262617111206055,0.931684136390686
86,11,left_hip,72.07891941070557,95.26557922363281,0.9987836480140686
86,12,right_hip,69.91715431213379,96.09983444213867,0.9989559054374695
86,13,left_knee,82.22838401794434,118.04716110229492,0.7061639428138733
86,14,right_knee,81.80577278137207,120.85588455200195,0.9617553949356079
86,15,left_ankle,72.98600196838379,141.51960372924805,0.8533058762550354
86,16,right_ankle,70.4839563369751,146.91787719726562,0.9635209441184998
87,0,nose,95.10932922363281,60.9283971786499,0.9982002377510071
87,1,left_eye,96.66195869445801,59.19708251953125,0.9972452521324158
87,2,right_eye,95.61563491821289,57.72591590881348,0.9973483085632324
87,3,left_ear,94.76005554199219,58.03248405456543,0.994912326335907
87,4,right_ear,92.95762062072754,56.07857704162598,0.9967138767242432
87,5,left_shoulder,86.24209403991699,64.81873512268066,0.9887285828590393
87,6,right_shoulder,82.99304008483887,60.44472694396973,0.9972230195999146
87,7,left_elbow,85.19598007202148,72.07338809967041,0.4240487217903137
87,8,right_elbow,80.0514030456543,64.28387641906738,0.9577077627182007
87,9,left_wrist,86.27305030822754,66.07844352722168,0.5080447793006897
87,10,right_wrist,85.26900291442871,63.603477478027344,0.914116621017456
87,11,left_hip,72.64962673187256,94.98252868652344,0.9987274408340454
87,12,right_hip,70.21286964416504,96.07282638549805,0.9988960027694702
87,13,left_knee,82.57589340209961,118.08618545532227,0.6941112279891968
87,14,right_knee,82.98099517822266,120.84935188293457,0.9617669582366943
87,15,left_ankle,72.88032531738281,141.7368507385254,0.839486300945282
87,16,right_ankle,70.87969779968262,146.82504653930664,0.9638115763664246
88,0,nose,95.57485580444336,60.87104797363281,0.9983216524124146
88,1,left_eye,96.82250022888184,58.92526626586914,0.9974356293678284
88,2,right_eye,95.78671455383301,57.452898025512695,0.9975338578224182
88,3,left_ear,94.8820972442627,57.42739677429199,0.9953199028968811
88,4,right_ear,93.0257511138916,56.0222053527832,0.9969582557678223
88,5,left_shoulder,85.08591651916504,64.05310153961182,0.989790678024292
88,6,right_shoulder,84.23983573913574,60.38299560546875,0.9974880218505859
88,7,left_elbow,84.97453689575195,78.96126747131348,0.39336732029914856
88,8,right_elbow,88.2950210571289,74.3908166885376,0.9580763578414917
88,9,left_wrist,90.36074638366699,87.75960922241211,0.47138553857803345
88,10,right_wrist,93.92178535461426,85.54574012756348,0.9105818867683411
88,11,left_hip,72.67343044281006,94.48561668395996,0.9987183213233948
88,12,right_hip,71.5203332901001,95.72423934936523,0.9989553093910217
88,13,left_knee,80.91799736022949,116.58239364624023,0.6692255139350891
88,14,right_knee,81.96745872497559,120.58291435241699,0.9634671807289124
88,15,left_ankle,72.68543243408203,140.2789306640625,0.8167126774787903
88,16,right_ankle,71.56854152679443,146.57678604125977,0.9658600091934204
89,0,nose,95.84634780883789,60.61318874359131,0.9984346628189087
89,1,left_eye,96.91611289978027,58.648014068603516,0.9975788593292236
89,2,right_eye,95.88957786560059,57.27587699890137,0.9976742267608643
89,3,left_ear,94.95180130004883,56.85040473937988,0.9955793619155884
89,4,right_ear,93.51511001586914,55.962724685668945,0.9971344470977783
89,5,left_shoulder,84.62100028991699,63.023762702941895,0.9907695651054382
89,6,right_shoulder,85.05416870117188,60.347657203674316,0.9977326393127441
89,7,left_elbow,84.41421508789062,78.19684505462646,0.370756596326828
89,8,right_elbow,83.91389846801758,76.80407524108887,0.9600470662117004
89,9,left_wrist,92.52241134643555,89.9537467956543,0.4481256902217865
89,10,right_wrist,91.0261058807373,90.03807067871094,0.9136461615562439
89,11,left_hip,72.65820980072021,93.51566314697266,0.9987522959709167
89,12,right_hip,71.78772926330566,94.42304611206055,0.9990255832672119
89,13,left_knee,77.8192138671875,116.65209770202637,0.6451136469841003
89,14,right_knee,81.53200149536133,120.34646987915039,0.9638839960098267
89,15,left_ankle,72.21473693847656,140.36839485168457,0.7948044538497925
89,16,right_ankle,71.92587852478027,146.00387573242188,0.9666851162910461
90,0,nose,95.72967529296875,60.01511096954346,0.9985653162002563
90,1,left_eye,96.81845664978027,57.95361042022705,0.9977807402610779
90,2,right_eye,95.90516090393066,57.167840003967285,0.9978686571121216
90,3,left_ear,94.77937698364258,55.89114189147949,0.995958149433136
90,4,right_ear,94.5271110534668,55.82458019256592,0.9973837733268738
90,5,left_shoulder,79.23193454742432,59.29951190948486,0.9916747212409973
90,6,right_shoulder,88.1503677368164,61.72163009643555,0.9979578256607056
90,7,left_elbow,73.22606563568115,74.75343227386475,0.35590481758117676
90,8,right_elbow,85.79923629760742,80.22703170776367,0.9628778100013733
90,9,left_wrist,81.81607246398926,91.02479934692383,0.42173025012016296
90,10,right_wrist,92.90380477905273,95.96611022949219,0.9160408973693848
90,11,left_hip,69.49137687683105,91.26497268676758,0.9988325834274292
90,12,right_hip,73.6966323852539,93.37382316589355,0.9991125464439392
90,13,left_knee,72.62234687805176,115.14100074768066,0.6370013952255249
90,14,right_knee,80.23276329040527,119.13628578186035,0.9655550718307495
90,15,left_ankle,71.29791259765625,139.833984375,0.7890133261680603
90,16,right_ankle,72.42967128753662,144.45274353027344,0.9681551456451416
91,0,nose,95.59682846069336,59.912614822387695,0.9986916780471802
91,1,left_eye,96.82365417480469,57.86170482635498,0.9979780316352844
91,2,right_eye,96.02391242980957,57.16435432434082,0.9980567097663879
91,3,left_ear,94.75004196166992,55.88662147521973,0.9963287115097046
91,4,right_ear,94.52982902526855,55.77453136444092,0.997622013092041
91,5,left_shoulder,79.54648017883301,55.85020065307617,0.9924916625022888
91,6,right_shoulder,88.51568222045898,61.913814544677734,0.9981571435928345
91,7,left_elbow,74.20529365539551,72.45376586914062,0.3374611437320709
91,8,right_elbow,87.64623641967773,80.17547607421875,0.9610448479652405
91,9,left_wrist,86.77865982055664,85.06834030151367,0.3905611038208008
91,10,right_wrist,92.05339431762695,94.35482025146484,0.8985990285873413
91,11,left_hip,69.66025352478027,90.06957054138184,0.9989129900932312
91,12,right_hip,73.10460090637207,92.18829154968262,0.9991837739944458
91,13,left_knee,73.592848777771,115.3998851776123,0.6330599784851074
91,14,right_knee,77.94668674468994,118.04078102111816,0.9665886759757996
91,15,left_ankle,71.35836124420166,140.026273727417,0.7877086997032166
91,16,right_ankle,72.64508724212646,143.83163452148438,0.9689892530441284
92,0,nose,95.6934928894043,60.148000717163086,0.9988182187080383
92,1,left_eye,96.86885833740234,58.03143501281738,0.9981762170791626
92,2,right_eye,96.22329711914062,57.821879386901855,0.9982482194900513
92,3,left_ear,94.78470802307129,55.92146396636963,0.9966921806335449
92,4,right_ear,95.29044151306152,56.628713607788086,0.9978576898574829
92,5,left_shoulder,78.77671718597412,53.86855602264404,0.9932284951210022
92,6,right_shoulder,90.60346603393555,64.97246742248535,0.9983393549919128
92,7,left_elbow,74.29218292236328,57.38234996795654,0.3903874158859253
92,8,right_elbow,92.25231170654297,84.39946174621582,0.9603318572044373
92,9,left_wrist,85.20795822143555,57.926974296569824,0.378269225358963
92,10,right_wrist,92.1641731262207,91.81809425354004,0.8402901887893677
92,11,left_hip,67.98150539398193,88.54039192199707,0.9990038275718689
92,12,right_hip,73.94984245300293,91.3007640838623,0.9992613792419434
92,13,left_knee,71.56278133392334,114.2465877532959,0.6607514023780823
92,14,right_knee,77.21964359283447,117.33254432678223,0.9696950912475586
92,15,left_ankle,71.21886253356934,138.93495559692383,0.8031198382377625
92,16,right_ankle,72.93110847473145,143.34535598754883,0.971623420715332
93,0,nose,95.81392288208008,60.83111763000488,0.9989331960678101
93,1,left_eye,96.89458847045898,58.308186531066895,0.9983561038970947
93,2,right_eye,97.20643997192383,58.98000240325928,0.9984211921691895
93,3,left_ear,94.81555938720703,56.26300811767578,0.9970207810401917
93,4,right_ear,96.21703147888184,58.14784526824951,0.998070240020752
93,5,left_shoulder,78.58309745788574,55.047383308410645,0.9938924908638
93,6,right_shoulder,91.08542442321777,67.0285177230835,0.9985024333000183
93,7,left_elbow,69.65898990631104,57.73622989654541,0.39577850699424744
93,8,right_elbow,90.77165603637695,80.07559776306152,0.9275755286216736
93,9,left_wrist,84.62893486022949,56.38392448425293,0.35133060812950134
93,10,right_wrist,90.78899383544922,89.70502853393555,0.7646352648735046
93,11,left_hip,67.22212314605713,89.43750381469727,0.9990807771682739
93,12,right_hip,74.13216590881348,91.50270462036133,0.9993293285369873
93,13,left_knee,70.84519386291504,114.3669319152832,0.6675298810005188
93,14,right_knee,77.29730129241943,117.61367797851562,0.9719868898391724
93,15,left_ankle,70.62681674957275,138.81321907043457,0.8098098635673523
93,16,right_ankle,72.96855926513672,143.31171035766602,0.9733380675315857
94,0,nose,95.87285041809082,62.15113639831543,0.9990365505218506
94,1,left_eye,96.90471649169922,59.90076541900635,0.9985176920890808
94,2,right_eye,97.56349563598633,60.9539270401001,0.9985760450363159
94,3,left_ear,95.05697250366211,57.818307876586914,0.9973163604736328
94,4,right_ear,96.77370071411133,59.93213653564453,0.9982602000236511
94,5,left_shoulder,79.60240364074707,54.9642276763916,0.9944723844528198
94,6,right_shoulder,90.83003997802734,66.7374038696289,0.9986393451690674
94,7,left_elbow,71.8961238861084,50.59624195098877,0.3856053054332733
94,8,right_elbow,90.58783531188965,78.05804252624512,0.8947660326957703
94,9,left_wrist,85.09668350219727,53.523902893066406,0.3268336355686188
94,10,right_wrist,91.83440208435059,68.70550632476807,0.6999468803405762
94,11,left_hip,66.92643165588379,89.53039169311523,0.9991478323936462
94,12,right_hip,73.687744140625,91.55814170837402,0.9993889927864075
94,13,left_knee,70.21794319152832,114.25891876220703,0.6601307392120361
94,14,right_knee,76.38545989990234,117.77841567993164,0.9738696217536926
94,15,left_ankle,70.23760318756104,137.00787544250488,0.8074345588684082
94,16,right_ankle,72.87584781646729,143.303861618042,0.9747180342674255
95,0,nose,96.11255645751953,63.68233680725098,0.9990562200546265
95,1,left_eye,97.32515335083008,61.59762382507324,0.9985735416412354
95,2,right_eye,98.33967208862305,62.42513656616211,0.9986248016357422
95,3,left_ear,96.04723930358887,59.89607810974121,0.9974749684333801
95,4,right_ear,97.86588668823242,61.351823806762695,0.998347818851471
95,5,left_shoulder,79.8450756072998,55.9360408782959,0.9948690533638
95,6,right_shoulder,91.17311477661133,66.60537719726562,0.99875807762146
95,7,left_elbow,74.62632179260254,51.460137367248535,0.36386340856552124
95,8,right_elbow,88.56893539428711,69.15579319000244,0.8727617859840393
95,9,left_wrist,87.55361557006836,56.87016487121582,0.3044510781764984
95,10,right_wrist,90.40865898132324,64.42906379699707,0.6590629816055298
95,11,left_hip,66.82038307189941,88.9419937133789,0.9991233348846436
95,12,right_hip,72.79921531677246,91.57546997070312,0.9994229078292847
95,13,left_knee,70.53272247314453,113.78571510314941,0.6281601190567017
95,14,right_knee,75.1760721206665,117.88229942321777,0.972062349319458
95,15,left_ankle,70.249342918396,132.6509666442871,0.7754596471786499
95,16,right_ankle,73.04917335510254,143.3580493927002,0.9732797145843506
96,0,nose,96.42522811889648,61.95042610168457,0.9986376762390137
96,1,left_eye,98.4825325012207,60.92830181121826,0.9977278113365173
96,2,right_eye,98.50245475769043,61.45270824432373,0.9977236390113831
96,3,left_ear,98.29652786254883,60.698885917663574,0.9952538013458252
96,4,right_ear,97.88463592529297,60.32931327819824,0.996921181678772
96,5,left_shoulder,89.29028511047363,65.42581081390381,0.9931511878967285
96,6,right_shoulder,87.92622566223145,63.80603313446045,0.9985564351081848
96,7,left_elbow,78.16896915435791,54.99091625213623,0.3972088694572449
96,8,right_elbow,77.57977485656738,55.630598068237305,0.866611659526825
96,9,left_wrist,84.84504699707031,50.42040824890137,0.33847877383232117
96,10,right_wrist,81.83257102966309,51.48013114929199,0.6639165878295898
96,11,left_hip,70.16549110412598,89.31784629821777,0.9989147186279297
96,12,right_hip,69.01059627532959,89.71083641052246,0.999277651309967
96,13,left_knee,71.58021450042725,115.17656326293945,0.6388052105903625
96,14,right_knee,73.86385917663574,117.72489547729492,0.9624788165092468
96,15,left_ankle,71.05105400085449,137.30911254882812,0.7831901907920837
96,16,right_ankle,73.1319522857666,142.74024963378906,0.966478168964386
97,0,nose,97.35769271850586,60.173330307006836,0.9986065030097961
97,1,left_eye,98.5699462890625,59.06405448913574,0.9978094696998596
97,2,right_eye,99.46630477905273,61.09103202819824,0.9977192878723145
97,3,left_ear,97.89445877075195,59.89262580871582,0.9955205917358398
97,4,right_ear,99.3525505065918,60.522260665893555,0.9968987107276917
97,5,left_shoulder,88.33039283752441,61.85675621032715,0.9937531352043152
97,6,right_shoulder,93.36698532104492,68.15389156341553,0.9985605478286743
97,7,left_elbow,71.76716804504395,47.81691074371338,0.456347793340683
97,8,right_elbow,83.76222610473633,71.485915184021,0.7933517694473267
97,9,left_wrist,77.76680946350098,39.13839817047119,0.40124788880348206
97,10,right_wrist,82.3429012298584,59.81204032897949,0.6065465807914734
97,11,left_hip,66.95205688476562,87.8859806060791,0.9989901781082153
97,12,right_hip,70.70866584777832,89.77128982543945,0.9993152618408203
97,13,left_knee,69.45272922515869,114.38450813293457,0.6303315162658691
97,14,right_knee,74.38379764556885,117.82716751098633,0.9565219283103943
97,15,left_ankle,70.85530757904053,137.48400688171387,0.781538188457489
97,16,right_ankle,73.74031066894531,142.91555404663086,0.9628289937973022
98,0,nose,97.53232955932617,59.198269844055176,0.9986006617546082
98,1,left_eye,98.45605850219727,57.39014148712158,0.9979175329208374
98,2,right_eye,99.68137741088867,61.01097583770752,0.9978054165840149
98,3,left_ear,97.87493705749512,58.84999752044678,0.9958160519599915
98,4,right_ear,99.49666976928711,60.333266258239746,0.9970584511756897
98,5,left_shoulder,86.94011688232422,61.122426986694336,0.9943130016326904
98,6,right_shoulder,95.09047508239746,70.55853843688965,0.998633861541748
98,7,left_elbow,72.48080253601074,44.009199142456055,0.5098490118980408
98,8,right_elbow,87.65979766845703,74.02268886566162,0.7568576335906982
98,9,left_wrist,78.36006164550781,34.22922134399414,0.4586648643016815
98,10,right_wrist,82.7861499786377,63.439393043518066,0.5718976259231567
98,11,left_hip,65.74812889099121,88.33924293518066,0.9990797638893127
98,12,right_hip,71.07712745666504,90.05837440490723,0.9993684887886047
98,13,left_knee,69.2186975479126,114.63990211486816,0.621533989906311
98,14,right_knee,74.34097290039062,117.88971900939941,0.9510559439659119
98,15,left_ankle,70.87440490722656,137.62117385864258,0.7843719720840454
98,16,right_ankle,75.24049282073975,143.01984786987305,0.9594585299491882
99,0,nose,96.58512115478516,57.101593017578125,0.9987154006958008
99,1,left_eye,97.34867095947266,55.73410987854004,0.9981128573417664
99,2,right_eye,99.06129837036133,57.986178398132324,0.9979950189590454
99,3,left_ear,96.82609558105469,56.96026802062988,0.996223509311676
99,4,right_ear,99.10866737365723,59.82039451599121,0.9973322153091431
99,5,left_shoulder,86.42461776733398,59.68879699707031,0.994874119758606
99,6,right_shoulder,96.16572380065918,68.98550987243652,0.9987310171127319
99,7,left_elbow,77.29069709777832,43.73960018157959,0.5587726831436157
99,8,right_elbow,93.43931198120117,74.13652896881104,0.7087690830230713
99,9,left_wrist,78.95556449890137,32.33591079711914,0.512172520160675
99,10,right_wrist,91.18448257446289,64.93691921234131,0.5394971370697021
99,11,left_hip,66.1419677734375,87.50720977783203,0.9991682767868042
99,12,right_hip,71.9934606552124,90.30458450317383,0.9994262456893921
99,13,left_knee,69.02225494384766,114.37601089477539,0.6449066400527954
99,14,right_knee,74.36631679534912,117.87801742553711,0.9433990120887756
99,15,left_ankle,71.59478664398193,137.73828506469727,0.8012905716896057
99,16,right_ankle,75.81473350524902,143.09521675109863,0.9576529860496521
100,0,nose,94.79900360107422,55.25416374206543,0.9988347291946411
100,1,left_eye,95.64270973205566,54.247212409973145,0.9982980489730835
100,2,right_eye,97.14223861694336,55.44934272766113,0.9981862902641296
100,3,left_ear,95.32052040100098,55.223350524902344,0.9965987801551819
100,4,right_ear,98.40608596801758,58.1666898727417,0.9975944757461548
100,5,left_shoulder,85.91699600219727,58.696250915527344,0.9953849911689758
100,6,right_shoulder,95.71805000305176,68.22386264801025,0.9988279342651367
100,7,left_elbow,79.10998344421387,45.11380195617676,0.602873682975769
100,8,right_elbow,101.31978988647461,73.47588539123535,0.6548202633857727
100,9,left_wrist,79.60247039794922,33.42494249343872,0.5607100129127502
100,10,right_wrist,95.33587455749512,65.25102138519287,0.5057040452957153
100,11,left_hip,66.43482208251953,87.54687309265137,0.9992486834526062
100,12,right_hip,73.084397315979,90.48820495605469,0.9994770884513855
100,13,left_knee,68.23220729827881,114.31305885314941,0.6767356991767883
100,14,right_knee,74.93834018707275,117.5851058959961,0.9275355339050293
100,15,left_ankle,72.14035987854004,138.73451232910156,0.8200513124465942
100,16,right_ankle,76.41897678375244,141.64280891418457,0.9537848830223083
101,0,nose,93.72220993041992,53.58548164367676,0.9989420771598816
101,1,left_eye,94.61568832397461,52.870473861694336,0.9984636902809143
101,2,right_eye,96.02236747741699,53.669633865356445,0.9983572363853455
101,3,left_ear,94.20953750610352,53.771066665649414,0.9969350099563599
101,4,right_ear,97.20144271850586,56.08207702636719,0.9978280067443848
101,5,left_shoulder,84.48114395141602,57.048583030700684,0.9958421587944031
101,6,right_shoulder,94.92645263671875,67.63719081878662,0.9988963007926941
101,7,left_elbow,78.90890598297119,44.21675682067871,0.6425221562385559
101,8,right_elbow,97.62577056884766,68.72364044189453,0.6017536520957947
101,9,left_wrist,80.58717727661133,33.38353633880615,0.6041120886802673
101,10,right_wrist,93.00257682800293,61.66128158569336,0.46928757429122925
101,11,left_hip,66.62394523620605,86.74028396606445,0.999319851398468
101,12,right_hip,73.73789310455322,90.71162223815918,0.9995215535163879
101,13,left_knee,68.5464859008789,114.22745704650879,0.7030150294303894
101,14,right_knee,74.9700927734375,117.11179733276367,0.9162508249282837
101,15,left_ankle,72.30207920074463,138.77354621887207,0.8361783623695374
101,16,right_ankle,77.48271942138672,141.6370964050293,0.9507818222045898
102,0,nose,93.64865303039551,52.5130558013916,0.9990440607070923
102,1,left_eye,94.68305587768555,52.09245681762695,0.9986156225204468
102,2,right_eye,95.75876235961914,52.408151626586914,0.9985159635543823
102,3,left_ear,93.82967948913574,52.914886474609375,0.9972398281097412
102,4,right_ear,96.3123607635498,54.17388916015625,0.9980425834655762
102,5,left_shoulder,82.44665145874023,56.112189292907715,0.9962560534477234
102,6,right_shoulder,94.69686508178711,66.11459255218506,0.9989795684814453
102,7,left_elbow,71.3424301147461,44.021286964416504,0.6781520843505859
102,8,right_elbow,86.99545860290527,66.79535865783691,0.5504512190818787
102,9,left_wrist,80.13914108276367,33.89348268508911,0.6425867676734924
102,10,right_wrist,88.65816116333008,50.483384132385254,0.4340726435184479
102,11,left_hip,66.50376796722412,87.00000762939453,0.9993842840194702
102,12,right_hip,74.09416198730469,90.85418701171875,0.9995633363723755
102,13,left_knee,67.1983814239502,114.32815551757812,0.7291498184204102
102,14,right_knee,75.06799221038818,117.07582473754883,0.892710268497467
102,15,left_ankle,72.28289127349854,139.40515518188477,0.8515307307243347
102,16,right_ankle,79.25852298736572,141.8141746520996,0.9434124231338501
103,0,nose,92.68898010253906,50.921311378479004,0.9991321563720703
103,1,left_eye,93.29448699951172,50.39675235748291,0.9987502098083496
103,2,right_eye,95.04255294799805,51.39498710632324,0.9986532926559448
103,3,left_ear,92.00584411621094,51.32012367248535,0.9975117444992065
103,4,right_ear,95.41221618652344,53.52829933166504,0.9982326626777649
103,5,left_shoulder,80.76349258422852,55.38898468017578,0.9966275691986084
103,6,right_shoulder,93.09328079223633,64.6316909790039,0.9990542531013489
103,7,left_elbow,69.71336364746094,44.0316104888916,0.7102222442626953
103,8,right_elbow,87.03939437866211,58.93173694610596,0.5139865279197693
103,9,left_wrist,79.94287967681885,35.303795337677,0.6772317290306091
103,10,right_wrist,87.57596969604492,43.469414710998535,0.4142955541610718
103,11,left_hip,66.32011413574219,87.21434593200684,0.9994395971298218
103,12,right_hip,74.38517570495605,90.92910766601562,0.9995976090431213
103,13,left_knee,67.59092807769775,114.35480117797852,0.7535961270332336
103,14,right_knee,75.78234195709229,117.06344604492188,0.8757836818695068
103,15,left_ankle,71.73047542572021,139.40890312194824,0.8653706908226013
103,16,right_ankle,79.97822761535645,141.81513786315918,0.938042163848877
104,0,nose,90.4875373840332,51.27570152282715,0.9992072582244873
104,1,left_eye,91.37792587280273,50.30641555786133,0.9988689422607422
104,2,right_eye,92.98479080200195,51.31829261779785,0.9987661242485046
104,3,left_ear,91.24356269836426,51.270179748535156,0.9977537989616394
104,4,right_ear,93.86678695678711,53.088226318359375,0.9984001517295837
104,5,left_shoulder,80.7441234588623,55.743703842163086,0.996961236000061
104,6,right_shoulder,92.27871894836426,64.09446716308594,0.9991217255592346
104,7,left_elbow,67.88008213043213,45.486793518066406,0.7390235066413879
104,8,right_elbow,83.2340145111084,61.16032123565674,0.4899332523345947
104,9,left_wrist,78.97290229797363,36.95687532424927,0.7072885036468506
104,10,right_wrist,85.73381423950195,43.912954330444336,0.4028429687023163
104,11,left_hip,66.41457557678223,87.35166549682617,0.9994789958000183
104,12,right_hip,74.63919639587402,90.8999252319336,0.9996119737625122
104,13,left_knee,67.9684591293335,114.85149383544922,0.7737622261047363
104,14,right_knee,75.74009895324707,117.04981803894043,0.842154860496521
104,15,left_ankle,71.74508571624756,140.03435134887695,0.8769960403442383
104,16,right_ankle,80.05535125732422,141.63966178894043,0.9203494191169739
105,0,nose,90.67059516906738,51.48362159729004,0.9992720484733582
105,1,left_eye,91.1094856262207,50.30107498168945,0.9989750981330872
105,2,right_eye,92.88362503051758,51.45127296447754,0.9988662600517273
105,3,left_ear,90.52389144897461,50.98898887634277,0.9979708194732666
105,4,right_ear,93.7646484375,53.167924880981445,0.9985492825508118
105,5,left_shoulder,80.85352897644043,55.88271141052246,0.9972621202468872
105,6,right_shoulder,92.07282066345215,64.14788722991943,0.999183177947998
105,7,left_elbow,66.71367645263672,46.03593349456787,0.7648681998252869
105,8,right_elbow,83.75679016113281,61.94144248962402,0.4527096748352051
105,9,left_wrist,78.2162857055664,37.8491473197937,0.7334862947463989
105,10,right_wrist,85.25729179382324,49.418535232543945,0.37536290287971497
105,11,left_hip,66.45201683044434,87.3674201965332,0.9995212554931641
105,12,right_hip,74.68731880187988,91.05003356933594,0.9996353387832642
105,13,left_knee,68.1939697265625,115.19067764282227,0.7922863364219666
105,14,right_knee,75.69708824157715,116.91800117492676,0.8158313035964966
105,15,left_ankle,71.80463314056396,140.1641845703125,0.887657642364502
105,16,right_ankle,80.05868911743164,140.73793411254883,0.9075995683670044
106,0,nose,90.57844161987305,50.46395301818848,0.999334454536438
106,1,left_eye,91.21210098266602,49.35957908630371,0.9990726709365845
106,2,right_eye,92.62101173400879,50.11029243469238,0.9989610314369202
106,3,left_ear,90.66125869750977,50.3647518157959,0.998167872428894
106,4,right_ear,93.5911750793457,51.987295150756836,0.9986850619316101
106,5,left_shoulder,81.02231979370117,56.011271476745605,0.9975327253341675
106,6,right_shoulder,91.7979621887207,64.08485412597656,0.9992316961288452
106,7,left_elbow,66.97069644927979,47.67685890197754,0.7879858613014221
106,8,right_elbow,82.48753547668457,63.22070121765137,0.42113491892814636
106,9,left_wrist,78.02287101745605,39.49521541595459,0.7545475959777832
106,10,right_wrist,85.47508239746094,50.48879623413086,0.3515455722808838
106,11,left_hip,66.50066375732422,87.44891166687012,0.9995585680007935
106,12,right_hip,74.65812683105469,91.07208251953125,0.9996549487113953
106,13,left_knee,68.25121402740479,115.19205093383789,0.8088199496269226
106,14,right_knee,75.70899963378906,116.57175064086914,0.785449206829071
106,15,left_ankle,71.78739070892334,139.99725341796875,0.8972046971321106
106,16,right_ankle,80.10966300964355,140.27432441711426,0.8916990160942078
107,0,nose,90.71305274963379,50.47910690307617,0.9993811845779419
107,1,left_eye,91.53240203857422,49.472665786743164,0.9991554021835327
107,2,right_eye,92.60209083557129,49.905171394348145,0.9990289807319641
107,3,left_ear,91.04715347290039,50.44332981109619,0.9983387589454651
107,4,right_ear,93.45494270324707,51.554908752441406,0.9987971782684326
107,5,left_shoulder,82.03353881835938,56.491827964782715,0.9977701902389526
107,6,right_shoulder,91.96828842163086,64.13570404052734,0.9992592334747314
107,7,left_elbow,65.64775943756104,50.93422889709473,0.8079109191894531
107,8,right_elbow,78.96188259124756,63.99716377258301,0.3890760838985443
107,9,left_wrist,75.6680154800415,42.62322425842285,0.76618891954422
107,10,right_wrist,79.46141242980957,47.937912940979004,0.32668787240982056
107,11,left_hip,67.11215019226074,87.51971244812012,0.9995766878128052
107,12,right_hip,74.58247184753418,90.87143898010254,0.9996533393859863
107,13,left_knee,68.5414981842041,115.49447059631348,0.8194165825843811
107,14,right_knee,75.70563316345215,116.55359268188477,0.7500054836273193
107,15,left_ankle,71.99204444885254,140.3986930847168,0.9042590260505676
107,16,right_ankle,79.96143341064453,140.46586990356445,0.8708531260490417
108,0,nose,90.99040031433105,49.89947319030762,0.9994330406188965
108,1,left_eye,91.66743278503418,49.43418025970459,0.9992336630821228
108,2,right_eye,92.92886734008789,49.311490058898926,0.999108076095581
108,3,left_ear,91.13978385925293,50.47635078430176,0.9984974265098572
108,4,right_ear,93.43335151672363,50.58110237121582,0.9989051222801208
108,5,left_shoulder,82.03558921813965,56.525774002075195,0.9979813098907471
108,6,right_shoulder,90.36407470703125,62.63625144958496,0.9992803931236267
108,7,left_elbow,66.18690490722656,54.327826499938965,0.825386643409729
108,8,right_elbow,76.36035919189453,63.38080406188965,0.3661964237689972
108,9,left_wrist,75.3207015991211,43.99515628814697,0.7758195996284485
108,10,right_wrist,78.38480949401855,47.27816581726074,0.3101780116558075
108,11,left_hip,67.79299736022949,87.56770133972168,0.999595582485199
108,12,right_hip,73.94859313964844,90.63551902770996,0.999662458896637
108,13,left_knee,69.79137420654297,115.84623336791992,0.8277515769004822
108,14,right_knee,74.97647285461426,116.43806457519531,0.7227233648300171
108,15,left_ankle,72.7377986907959,140.9736156463623,0.910250723361969
108,16,right_ankle,78.83734703063965,140.67941665649414,0.8601487874984741
109,0,nose,91.12100601196289,50.38002014160156,0.9994754195213318
109,1,left_eye,91.91317558288574,49.582695960998535,0.9993030428886414
109,2,right_eye,92.9612922668457,49.701242446899414,0.9991702437400818
109,3,left_ear,91.33538246154785,50.502543449401855,0.9986398220062256
109,4,right_ear,93.31762313842773,50.844035148620605,0.998997151851654
109,5,left_shoulder,82.23344802856445,56.544198989868164,0.998174786567688
109,6,right_shoulder,90.35584449768066,61.869754791259766,0.999268651008606
109,7,left_elbow,65.98941802978516,55.33465385437012,0.8414394855499268
109,8,right_elbow,77.69840240478516,64.50543880462646,0.33662697672843933
109,9,left_wrist,74.00941371917725,45.02583980560303,0.7871699333190918
109,10,right_wrist,77.6537561416626,47.66306400299072,0.28903928399086
109,11,left_hip,68.44183444976807,87.29591369628906,0.9996021389961243
109,12,right_hip,74.04741764068604,90.30509948730469,0.9996448755264282
109,13,left_knee,69.93039608001709,115.84664344787598,0.8370527029037476
109,14,right_knee,74.7875452041626,116.1806583404541,0.6995986700057983
109,15,left_ankle,72.7086877822876,141.26864433288574,0.915931761264801
109,16,right_ankle,78.67266654968262,141.325101852417,0.8471556305885315
110,0,nose,91.14030838012695,50.38868427276611,0.9995079040527344
110,1,left_eye,91.93079948425293,49.63855743408203,0.9993621110916138
110,2,right_eye,92.81379699707031,49.3367862701416,0.999222993850708
110,3,left_ear,91.7271614074707,50.576677322387695,0.9987651705741882
110,4,right_ear,92.96428680419922,50.2670955657959,0.9990767240524292
110,5,left_shoulder,82.74829864501953,56.6347599029541,0.9983505010604858
110,6,right_shoulder,89.52340126037598,61.31998062133789,0.9993054270744324
110,7,left_elbow,66.68087959289551,57.43206977844238,0.8556414246559143
110,8,right_elbow,77.50774383544922,64.62537288665771,0.32105928659439087
110,9,left_wrist,73.84783744812012,45.24947166442871,0.7954596877098083
110,10,right_wrist,78.15325736999512,48.06435585021973,0.2773842513561249
110,11,left_hip,68.90181064605713,87.41716384887695,0.9996240735054016
110,12,right_hip,73.31050872802734,89.98924255371094,0.9996576309204102
110,13,left_knee,70.77284812927246,116.0049819946289,0.8413010239601135
110,14,right_knee,72.42450714111328,116.1330795288086,0.6915820240974426
110,15,left_ankle,75.1061487197876,142.1638298034668,0.9194015860557556
110,16,right_ankle,75.52065849304199,141.31752014160156,0.8455076813697815
111,0,nose,91.15442276000977,50.56715965270996,0.9993471503257751
111,1,left_eye,92.132568359375,49.73170280456543,0.9993221163749695
111,2,right_eye,92.89795875549316,49.52282905578613,0.9989811182022095
111,3,left_ear,91.77809715270996,49.99738693237305,0.9988102912902832
111,4,right_ear,93.02485466003418,50.01965522766113,0.9988853335380554
111,5,left_shoulder,79.75791931152344,54.23591613769531,0.998501181602478
111,6,right_shoulder,89.72761154174805,60.67324161529541,0.9991719722747803
111,7,left_elbow,66.80681705474854,58.0380916595459,0.8683405518531799
111,8,right_elbow,86.8349552154541,69.17884826660156,0.2960248291492462
111,9,left_wrist,74.3979024887085,46.291208267211914,0.8061348795890808
111,10,right_wrist,89.09276962280273,52.520060539245605,0.2571193277835846
111,11,left_hip,68.8199234008789,87.32660293579102,0.9996106624603271
111,12,right_hip,73.7395715713501,89.80804443359375,0.9995922446250916
111,13,left_knee,70.63261985778809,115.81364631652832,0.8362546563148499
111,14,right_knee,73.03166389465332,115.98234176635742,0.6730496883392334
111,15,left_ankle,74.6530294418335,142.02046394348145,0.9167481660842896
111,16,right_ankle,75.21428108215332,141.32397651672363,0.8266027569770813
112,0,nose,90.71438789367676,50.567641258239746,0.9993545413017273
112,1,left_eye,91.76525115966797,49.58963394165039,0.9993603229522705
112,2,right_eye,92.35794067382812,49.47824954986572,0.9989876747131348
112,3,left_ear,90.69451332092285,49.54630374908447,0.9988992214202881
112,4,right_ear,92.43630409240723,49.99251365661621,0.9989084005355835
112,5,left_shoulder,78.01243782043457,54.064130783081055,0.9986412525177002
112,6,right_shoulder,90.7845401763916,61.10171318054199,0.9990832805633545
112,7,left_elbow,67.14691162109375,57.93529510498047,0.8805018663406372
112,8,right_elbow,88.70330810546875,69.21426296234131,0.2743731141090393
112,9,left_wrist,73.82265567779541,46.80804252624512,0.8168838620185852
112,10,right_wrist,89.11700248718262,52.46851921081543,0.23884230852127075
112,11,left_hip,68.79643440246582,87.15583801269531,0.9996203780174255
112,12,right_hip,74.84233856201172,89.6828842163086,0.9995665550231934
112,13,left_knee,70.56532859802246,115.45262336730957,0.8429208397865295
112,14,right_knee,74.41237449645996,116.00794792175293,0.6676581501960754
112,15,left_ankle,73.59001159667969,141.68855667114258,0.9194163680076599
112,16,right_ankle,78.75864505767822,141.31807327270508,0.8176526427268982
113,0,nose,90.02616882324219,50.025811195373535,0.999381959438324
113,1,left_eye,91.35270118713379,49.13461208343506,0.9994071125984192
113,2,right_eye,91.87419891357422,49.110989570617676,0.9990290403366089
113,3,left_ear,90.39151191711426,49.22003746032715,0.9989915490150452
113,4,right_ear,92.13574409484863,49.793710708618164,0.9989753365516663
113,5,left_shoulder,78.72316837310791,54.38728332519531,0.9987694025039673
113,6,right_shoulder,90.79574584960938,61.27369403839111,0.9990937113761902
113,7,left_elbow,66.76730155944824,58.61478328704834,0.8916664719581604
113,8,right_elbow,87.2859001159668,69.06914710998535,0.2537950873374939
113,9,left_wrist,72.14067935943604,47.00094699859619,0.8265955448150635
113,10,right_wrist,87.85757064819336,52.30738639831543,0.22193081676959991
113,11,left_hip,68.75107765197754,87.17954635620117,0.9996364712715149
113,12,right_hip,75.02408027648926,89.71891403198242,0.9995740056037903
113,13,left_knee,70.51774501800537,115.43764114379883,0.852044403553009
113,14,right_knee,75.32046318054199,116.0193920135498,0.6605825424194336
113,15,left_ankle,72.53539085388184,141.64655685424805,0.9245718121528625
113,16,right_ankle,79.57350254058838,141.3083839416504,0.8139405250549316
114,0,nose,89.58761215209961,49.343934059143066,0.999405562877655
114,1,left_eye,91.32046699523926,48.59392166137695,0.9994489550590515
114,2,right_eye,91.36491775512695,48.256564140319824,0.9990593791007996
114,3,left_ear,90.55200576782227,49.23006057739258,0.9990783929824829
114,4,right_ear,91.9073486328125,49.366607666015625,0.9990421533584595
114,5,left_shoulder,79.55137729644775,55.442166328430176,0.998885452747345
114,6,right_shoulder,90.80401420593262,61.31075859069824,0.9991213083267212
114,7,left_elbow,66.98229789733887,59.88935470581055,0.901536762714386
114,8,right_elbow,86.61287307739258,68.68681907653809,0.23904918134212494
114,9,left_wrist,71.15946292877197,48.39695930480957,0.8324630260467529
114,10,right_wrist,87.49140739440918,52.008304595947266,0.21212372183799744
114,11,left_hip,68.94301414489746,87.47221946716309,0.999650776386261
114,12,right_hip,74.9349308013916,89.75433349609375,0.9995827674865723
114,13,left_knee,70.93817234039307,115.51962852478027,0.8598688244819641
114,14,right_knee,74.69483375549316,116.03428840637207,0.6358723044395447
114,15,left_ankle,75.02354621887207,141.85186386108398,0.9295471906661987
114,16,right_ankle,76.60572052001953,141.20376586914062,0.7999709248542786
115,0,nose,89.64354515075684,49.205031394958496,0.9994322657585144
115,1,left_eye,91.35202407836914,48.39191436767578,0.9994893670082092
115,2,right_eye,91.32194519042969,47.97834873199463,0.9991002082824707
115,3,left_ear,90.65801620483398,49.14912223815918,0.999157726764679
115,4,right_ear,91.78972244262695,49.06702995300293,0.9991031885147095
115,5,left_shoulder,79.67418670654297,55.487098693847656,0.9989897608757019
115,6,right_shoulder,90.98234176635742,61.32340908050537,0.9991244077682495
115,7,left_elbow,66.62589073181152,59.71496105194092,0.9108147621154785
115,8,right_elbow,86.3736343383789,68.64308834075928,0.2238573282957077
115,9,left_wrist,69.88656520843506,48.61013412475586,0.8418850898742676
115,10,right_wrist,86.99827194213867,51.898555755615234,0.20025494694709778
115,11,left_hip,68.98255348205566,87.47185707092285,0.9996641874313354
115,12,right_hip,74.99043941497803,89.7300910949707,0.9995888471603394
115,13,left_knee,70.90712070465088,115.46380043029785,0.8673237562179565
115,14,right_knee,74.71981048583984,116.03268623352051,0.6257189512252808
115,15,left_ankle,74.2364501953125,141.77172660827637,0.9340446591377258
115,16,right_ankle,78.07452201843262,141.06091499328613,0.7955433130264282
116,0,nose,89.60210800170898,48.91906261444092,0.999461829662323
116,1,left_eye,91.29411697387695,48.150577545166016,0.9995266795158386
116,2,right_eye,91.1646556854248,47.62101173400879,0.9991464018821716
116,3,left_ear,90.71231842041016,49.03861045837402,0.9992284774780273
116,4,right_ear,91.64355278015137,48.80805492401123,0.9991660118103027
116,5,left_shoulder,80.0983715057373,55.670480728149414,0.9990816712379456
116,6,right_shoulder,91.01909637451172,61.37343883514404,0.9991616606712341
116,7,left_elbow,65.68333625793457,59.31471347808838,0.9182451367378235
116,8,right_elbow,83.59620094299316,68.39407444000244,0.21189117431640625
116,9,left_wrist,69.25684452056885,48.72927665710449,0.8424301743507385
116,10,right_wrist,82.91082382202148,51.88694953918457,0.19169287383556366
116,11,left_hip,69.14685249328613,87.44576454162598,0.9996698498725891
116,12,right_hip,74.97989654541016,89.71818923950195,0.9995929002761841
116,13,left_knee,70.88420867919922,115.46533584594727,0.8726927042007446
116,14,right_knee,74.74484443664551,116.02758407592773,0.607591986656189
116,15,left_ankle,74.2013692855835,141.59161567687988,0.9373741149902344
116,16,right_ankle,78.52278709411621,141.06297492980957,0.7864933609962463
117,0,nose,89.54617500305176,48.995094299316406,0.9994807243347168
117,1,left_eye,90.97107887268066,48.05300712585449,0.9995540380477905
117,2,right_eye,91.22856140136719,47.73926258087158,0.9991695284843445
117,3,left_ear,90.60708999633789,48.93892288208008,0.9992841482162476
117,4,right_ear,91.73269271850586,48.930745124816895,0.9992097616195679
117,5,left_shoulder,80.65454483032227,56.050052642822266,0.9991639256477356
117,6,right_shoulder,91.02228164672852,61.28395080566406,0.9991896152496338
117,7,left_elbow,65.59616088867188,59.32835102081299,0.925155520439148
117,8,right_elbow,79.94265556335449,67.68227577209473,0.20023563504219055
117,9,left_wrist,68.55130195617676,49.078941345214844,0.8469480872154236
117,10,right_wrist,75.71531772613525,51.103997230529785,0.1843618005514145
117,11,left_hip,69.19534206390381,87.44915008544922,0.9996618628501892
117,12,right_hip,75.05856990814209,89.72223281860352,0.9995739459991455
117,13,left_knee,70.84961891174316,115.4350471496582,0.8777716159820557
117,14,right_knee,74.78784084320068,116.01367950439453,0.5933050513267517
117,15,left_ankle,72.81176090240479,141.35744094848633,0.9405571222305298
117,16,right_ankle,79.10426139831543,141.113862991333,0.7789776921272278
118,0,nose,89.50589179992676,48.98467540740967,0.9994984865188599
118,1,left_eye,91.00404739379883,47.97508716583252,0.9995825290679932
118,2,right_eye,91.2785530090332,47.76225566864014,0.9991928935050964
118,3,left_ear,90.64668655395508,48.885297775268555,0.9993417263031006
118,4,right_ear,91.76448822021484,48.92772674560547,0.999252438545227
118,5,left_shoulder,81.08344078063965,56.15905284881592,0.9992407560348511
118,6,right_shoulder,90.87516784667969,61.06503963470459,0.9991999268531799
118,7,left_elbow,65.64189910888672,59.546499252319336,0.9310095310211182
118,8,right_elbow,79.46856498718262,67.44668006896973,0.18933208286762238
118,9,left_wrist,68.43330383300781,49.52923774719238,0.8461908102035522
118,10,right_wrist,77.0129919052124,51.077022552490234,0.17655035853385925
118,11,left_hip,69.4415807723999,87.44649887084961,0.9996731877326965
118,12,right_hip,75.05345344543457,89.7123908996582,0.9995794892311096
118,13,left_knee,71.1823034286499,115.43478012084961,0.8822838664054871
118,14,right_knee,73.94347190856934,115.89094161987305,0.5878698825836182
118,15,left_ankle,73.46909523010254,141.35238647460938,0.9430189728736877
118,16,right_ankle,78.31402778625488,141.13986015319824,0.778678834438324
119,0,nose,89.53668594360352,48.899874687194824,0.9995027780532837
119,1,left_eye,91.04559898376465,47.933526039123535,0.9995999932289124
119,2,right_eye,91.33679389953613,47.76017665863037,0.9991937279701233
119,3,left_ear,90.61578750610352,48.78277778625488,0.9993836283683777
119,4,right_ear,91.75947189331055,48.89172554016113,0.9992734789848328
119,5,left_shoulder,81.06576919555664,56.16591930389404,0.9993064403533936
119,6,right_shoulder,90.72972297668457,60.81909656524658,0.9992009401321411
119,7,left_elbow,64.26932334899902,59.69217300415039,0.9357123374938965
119,8,right_elbow,78.38755130767822,66.99694156646729,0.17959654331207275
119,9,left_wrist,67.19213008880615,49.70280647277832,0.8443598747253418
119,10,right_wrist,75.94597816467285,50.874953269958496,0.17034518718719482
119,11,left_hip,69.42338466644287,87.44756698608398,0.9996729493141174
119,12,right_hip,75.0336742401123,89.72166061401367,0.9995704293251038
119,13,left_knee,71.14638328552246,115.36783218383789,0.8859373331069946
119,14,right_knee,73.9779281616211,115.79668045043945,0.5738546848297119
119,15,left_ankle,73.31583976745605,141.32238388061523,0.9450051188468933
119,16,right_ankle,78.18593502044678,141.1443328857422,0.7694842219352722
120,0,nose,89.13823127746582,48.761606216430664,0.9995312690734863
120,1,left_eye,90.87202072143555,47.84762382507324,0.9996293187141418
120,2,right_eye,90.57168006896973,47.508440017700195,0.9992395639419556
120,3,left_ear,90.6381893157959,48.77955913543701,0.9994339942932129
120,4,right_ear,91.1484146118164,48.60370635986328,0.9993227124214172
120,5,left_shoulder,81.84906959533691,56.693267822265625,0.9993667006492615
120,6,right_shoulder,90.56632041931152,60.86740016937256,0.9992235898971558
120,7,left_elbow,64.41483974456787,60.299482345581055,0.9397854804992676
120,8,right_elbow,77.81063079833984,67.10465908050537,0.17258314788341522
120,9,left_wrist,67.6998519897461,49.3876838684082,0.8428415656089783
120,10,right_wrist,73.2461166381836,50.6920862197876,0.1698516607284546
120,11,left_hip,69.74375247955322,87.58672714233398,0.9996613264083862
120,12,right_hip,75.02093315124512,89.87685203552246,0.9995496273040771
120,13,left_knee,71.35784149169922,115.61444282531738,0.8879461884498596
120,14,right_knee,74.06285762786865,115.92270851135254,0.5495461821556091
120,15,left_ankle,73.8679027557373,141.78692817687988,0.9463381767272949
120,16,right_ankle,77.91862487792969,141.49505615234375,0.7497764825820923
121,0,nose,89.19439315795898,48.81917476654053,0.9995441436767578
121,1,left_eye,90.89823722839355,47.898077964782715,0.9996498227119446
121,2,right_eye,90.60632705688477,47.54627227783203,0.9992592930793762
121,3,left_ear,90.67255973815918,48.80255699157715,0.9994720816612244
121,4,right_ear,90.99602699279785,48.520474433898926,0.9993504285812378
121,5,left_shoulder,81.82823181152344,56.708879470825195,0.9994189739227295
121,6,right_shoulder,90.5570125579834,60.904903411865234,0.9992285966873169
121,7,left_elbow,64.59928035736084,60.40381908416748,0.9430633187294006
121,8,right_elbow,77.74375915527344,67.40324974060059,0.1637336015701294
121,9,left_wrist,67.20563411712646,49.360713958740234,0.8361251354217529
121,10,right_wrist,73.04357051849365,50.89998722076416,0.16380727291107178
121,11,left_hip,69.7115707397461,87.5678825378418,0.9996506571769714
121,12,right_hip,75.06384372711182,89.88032341003418,0.9995331168174744
121,13,left_knee,71.34845733642578,115.34132957458496,0.8908587694168091
121,14,right_knee,74.09459590911865,115.76070785522461,0.533649742603302
121,15,left_ankle,73.7466287612915,141.7359447479248,0.9480845332145691
121,16,right_ankle,77.99905300140381,141.49545669555664,0.7395115494728088
122,0,nose,88.9991569519043,48.57007026672363,0.9995708465576172
122,1,left_eye,90.87209701538086,47.70541191101074,0.9996744394302368
122,2,right_eye,90.28986930847168,47.176337242126465,0.9993004202842712
122,3,left_ear,90.68789482116699,48.787479400634766,0.9995144605636597
122,4,right_ear,90.66781997680664,48.24343681335449,0.9993877410888672
122,5,left_shoulder,82.22344398498535,56.93267345428467,0.9994691014289856
122,6,right_shoulder,89.06885147094727,60.861148834228516,0.9992433190345764
122,7,left_elbow,64.73348140716553,60.917301177978516,0.9446689486503601
122,8,right_elbow,75.50516605377197,66.59600734710693,0.1598103940486908
122,9,left_wrist,66.89116477966309,49.509220123291016,0.8321343660354614
122,10,right_wrist,72.1739673614502,50.4166316986084,0.16999198496341705
122,11,left_hip,70.263991355896,87.59745597839355,0.9996565580368042
122,12,right_hip,74.39428806304932,89.86428260803223,0.9995424151420593
122,13,left_knee,72.5491714477539,115.42170524597168,0.8912038207054138
122,14,right_knee,73.31418514251709,115.76424598693848,0.5230273604393005
122,15,left_ankle,76.62793636322021,141.8437957763672,0.9477466940879822
122,16,right_ankle,75.47719478607178,141.4909839630127,0.7355042099952698
123,0,nose,88.73343467712402,48.60082149505615,0.9995874166488647
123,1,left_eye,90.57926177978516,47.71331787109375,0.999693751335144
123,2,right_eye,90.24559020996094,47.24226951599121,0.9993262887001038
123,3,left_ear,90.43764114379883,48.75483989715576,0.9995495080947876
123,4,right_ear,90.6796646118164,48.311872482299805,0.9994198679924011
123,5,left_shoulder,82.13436126708984,56.92404270172119,0.999512791633606
123,6,right_shoulder,89.22479629516602,60.85306167602539,0.9992535710334778
123,7,left_elbow,64.51106071472168,60.85135459899902,0.9486120939254761
123,8,right_elbow,76.70548915863037,66.79022789001465,0.15117986500263214
123,9,left_wrist,66.44083499908447,49.42257881164551,0.8342252373695374
123,10,right_wrist,72.47968196868896,50.36648750305176,0.1627787947654724
123,11,left_hip,70.17806053161621,87.59763717651367,0.9996505975723267
123,12,right_hip,74.71220970153809,89.89258766174316,0.9995290040969849
123,13,left_knee,72.03488826751709,115.41915893554688,0.8948357701301575
123,14,right_knee,74.7712230682373,115.77497482299805,0.5176323652267456
123,15,left_ankle,74.82197761535645,141.8116569519043,0.9499282240867615
123,16,right_ankle,77.8621768951416,141.4349365234375,0.7348425388336182
124,0,nose,88.60379219055176,48.30219268798828,0.9996013641357422
124,1,left_eye,90.33998489379883,47.38866329193115,0.9997062087059021
124,2,right_eye,90.22965431213379,47.03028678894043,0.9993466138839722
124,3,left_ear,90.41505813598633,48.709001541137695,0.9995740056037903
124,4,right_ear,90.71903228759766,48.28835964202881,0.9994405508041382
124,5,left_shoulder,82.27106094360352,57.16278553009033,0.999549150466919
124,6,right_shoulder,88.95462989807129,60.34327507019043,0.9992761015892029
124,7,left_elbow,64.52778816223145,61.25106334686279,0.9512914419174194
124,8,right_elbow,75.91481685638428,65.82855224609375,0.15088199079036713
124,9,left_wrist,66.55600547790527,49.6793794631958,0.8357775807380676
124,10,right_wrist,71.60175323486328,50.32168388366699,0.16902495920658112
124,11,left_hip,70.35837650299072,87.7239990234375,0.9996393918991089
124,12,right_hip,75.00767707824707,89.90077018737793,0.9995176792144775
124,13,left_knee,71.98965549468994,115.44709205627441,0.8966928124427795
124,14,right_knee,75.46745300292969,115.79599380493164,0.505547285079956
124,15,left_ankle,73.9004135131836,141.78438186645508,0.9510188698768616
124,16,right_ankle,78.6101770401001,141.3692283630371,0.7311996221542358
125,0,nose,88.6070442199707,48.3156681060791,0.9995975494384766
125,1,left_eye,90.22932052612305,47.42978572845459,0.9997137784957886
125,2,right_eye,90.27481079101562,47.071824073791504,0.9993354082107544
125,3,left_ear,90.20225524902344,48.67945194244385,0.999595582485199
125,4,right_ear,90.7395076751709,48.29641819000244,0.9994485974311829
125,5,left_shoulder,82.09115982055664,57.15418815612793,0.9995830655097961
125,6,right_shoulder,89.68923568725586,60.3774356842041,0.9992667436599731
125,7,left_elbow,64.06333923339844,60.550947189331055,0.9547029137611389
125,8,right_elbow,76.84735298156738,65.92687129974365,0.14366640150547028
125,9,left_wrist,66.44593238830566,49.661803245544434,0.8391371369361877
125,10,right_wrist,72.52345085144043,50.023560523986816,0.16176679730415344
125,11,left_hip,70.18675327301025,87.75070190429688,0.9996330142021179
125,12,right_hip,75.40284156799316,89.90972518920898,0.9994980692863464
125,13,left_knee,71.71163082122803,115.44711112976074,0.8992802500724792
125,14,right_knee,76.273193359375,115.80617904663086,0.5070849657058716
125,15,left_ankle,73.2736587524414,141.31047248840332,0.9526221752166748
125,16,right_ankle,80.35999298095703,141.42794609069824,0.731997013092041
126,0,nose,88.62593650817871,48.359103202819824,0.9996104836463928
126,1,left_eye,90.18035888671875,47.40415573120117,0.9997275471687317
126,2,right_eye,90.30614852905273,47.114057540893555,0.9993513822555542
126,3,left_ear,90.22485733032227,48.657426834106445,0.999620795249939
126,4,right_ear,90.80099105834961,48.32901954650879,0.9994675517082214
126,5,left_shoulder,82.03566551208496,57.074241638183594,0.9996160864830017
126,6,right_shoulder,89.89871025085449,60.31012535095215,0.999271035194397
126,7,left_elbow,63.59883785247803,60.585670471191406,0.9576892852783203
126,8,right_elbow,77.10606575012207,65.94805240631104,0.13706088066101074
126,9,left_wrist,65.9817123413086,49.645185470581055,0.8424600958824158
126,10,right_wrist,71.73748016357422,50.05448341369629,0.15629670023918152
126,11,left_hip,70.18025875091553,87.76700019836426,0.9996263980865479
126,12,right_hip,75.51322937011719,89.92120742797852,0.9994803667068481
126,13,left_knee,71.64572238922119,115.44721603393555,0.9010265469551086
126,14,right_knee,76.39748573303223,115.83984375,0.5037314295768738
126,15,left_ankle,73.32051753997803,141.29987716674805,0.9537265300750732
126,16,right_ankle,80.25274276733398,141.46696090698242,0.7305370569229126
127,0,nose,88.64706039428711,48.39005470275879,0.9996276497840881
127,1,left_eye,90.20100593566895,47.40708827972412,0.9997441172599792
127,2,right_eye,90.28331756591797,47.115235328674316,0.9993792176246643
127,3,left_ear,90.29906272888184,48.65374565124512,0.9996476769447327
127,4,right_ear,90.82136154174805,48.314881324768066,0.9994950890541077
127,5,left_shoulder,81.98392868041992,57.02916622161865,0.9996469616889954
127,6,right_shoulder,90.03535270690918,60.31559944152832,0.9992812871932983
127,7,left_elbow,63.72836112976074,60.85029125213623,0.9604512453079224
127,8,right_elbow,77.3324966430664,66.9225025177002,0.13058437407016754
127,9,left_wrist,66.18570804595947,49.61737632751465,0.8452402949333191
127,10,right_wrist,72.14277744293213,50.82542896270752,0.15071825683116913
127,11,left_hip,70.14384269714355,87.77408599853516,0.9996235966682434
127,12,right_hip,75.54717063903809,89.92372512817383,0.9994689226150513
127,13,left_knee,71.59815788269043,115.48810958862305,0.9024059772491455
127,14,right_knee,76.28915309906006,115.8812427520752,0.49483639001846313
127,15,left_ankle,73.3989429473877,141.28145217895508,0.9545313715934753
127,16,right_ankle,80.23916244506836,141.60926818847656,0.7224250435829163
128,0,nose,88.71068954467773,48.385910987854004,0.9996485710144043
128,1,left_eye,90.39990425109863,47.39232063293457,0.9997617602348328
128,2,right_eye,90.28929710388184,47.081594467163086,0.9994112849235535
128,3,left_ear,90.45122146606445,48.62809181213379,0.9996746182441711
128,4,right_ear,90.84199905395508,48.27655792236328,0.9995236992835999
128,5,left_shoulder,81.8461799621582,57.02118396759033,0.9996759295463562
128,6,right_shoulder,90.0790023803711,60.334482192993164,0.9992912411689758
128,7,left_elbow,63.447585105895996,60.79503059387207,0.9628831744194031
128,8,right_elbow,77.44988441467285,67.64337062835693,0.12335369735956192
128,9,left_wrist,66.30044460296631,49.56921577453613,0.8477160334587097
128,10,right_wrist,72.24617004394531,51.26619815826416,0.14396770298480988
128,11,left_hip,70.12418270111084,87.80861854553223,0.9996351003646851
128,12,right_hip,75.53866386413574,89.99638557434082,0.9994825720787048
128,13,left_knee,72.00390815734863,115.69616317749023,0.9031639695167542
128,14,right_knee,75.30554294586182,116.00411415100098,0.49136441946029663
128,15,left_ankle,75.83925724029541,141.48263931274414,0.9553322792053223
128,16,right_ankle,78.85237216949463,141.67062759399414,0.7175263166427612
129,0,nose,88.72564315795898,48.36185932159424,0.9996697902679443
129,1,left_eye,90.4090404510498,47.34873294830322,0.9997788667678833
129,2,right_eye,90.29494285583496,47.05187797546387,0.9994457364082336
129,3,left_ear,90.42119979858398,48.4946346282959,0.9997003674507141
129,4,right_ear,90.84951400756836,48.22433948516846,0.9995555281639099
129,5,left_shoulder,81.82104110717773,57.01408386230469,0.9997032284736633
129,6,right_shoulder,90.49234390258789,60.35140037536621,0.9993194937705994
129,7,left_elbow,63.53869915008545,60.945820808410645,0.9654038548469543
129,8,right_elbow,78.08996677398682,67.64339447021484,0.12050776183605194
129,9,left_wrist,66.21199131011963,49.59219455718994,0.8525733351707458
129,10,right_wrist,72.40718841552734,51.247053146362305,0.14239659905433655
129,11,left_hip,70.11586666107178,87.96685218811035,0.999645471572876
129,12,right_hip,75.85606575012207,90.13721466064453,0.9994926452636719
129,13,left_knee,71.8573522567749,115.71470260620117,0.9058717489242554
129,14,right_knee,75.62234401702881,116.12639427185059,0.4896334409713745
129,15,left_ankle,74.43484306335449,141.47305488586426,0.9567645192146301
129,16,right_ankle,79.74366188049316,141.77632331848145,0.7153106331825256
130,0,nose,88.84765625,48.29439163208008,0.9996788501739502
130,1,left_eye,90.58361053466797,47.25217819213867,0.9997888803482056
130,2,right_eye,90.49283027648926,46.94127082824707,0.9994590282440186
130,3,left_ear,90.52084922790527,48.420095443725586,0.9997177720069885
130,4,right_ear,91.03673934936523,48.17840576171875,0.9995699524879456
130,5,left_shoulder,81.75658226013184,56.757850646972656,0.9997250437736511
130,6,right_shoulder,90.78930854797363,60.36542892456055,0.9993259906768799
130,7,left_elbow,63.58827590942383,60.91507911682129,0.967255175113678
130,8,right_elbow,78.09884548187256,67.62288570404053,0.11665556579828262
130,9,left_wrist,66.25718116760254,49.56394672393799,0.8531069159507751
130,10,right_wrist,72.51712799072266,51.39930248260498,0.13915537297725677
130,11,left_hip,70.10130882263184,87.92848587036133,0.9996411800384521
130,12,right_hip,75.99782466888428,90.13772964477539,0.9994831681251526
130,13,left_knee,71.81687355041504,115.61906814575195,0.9063306450843811
130,14,right_knee,75.66737174987793,116.11078262329102,0.4856018126010895
130,15,left_ankle,74.2279577255249,141.44366264343262,0.9569070339202881
130,16,right_ankle,79.80719089508057,141.77556037902832,0.711737334728241
131,0,nose,89.05279159545898,48.10099124908447,0.9996934533119202
131,1,left_eye,90.7477855682373,47.14712142944336,0.9998008608818054
131,2,right_eye,90.6496524810791,46.72940731048584,0.9994819760322571
131,3,left_ear,90.71908950805664,48.34824085235596,0.9997366666793823
131,4,right_ear,91.2394905090332,48.07480812072754,0.9995902180671692
131,5,left_shoulder,81.81726455688477,56.738271713256836,0.9997467994689941
131,6,right_shoulder,90.83160400390625,60.231804847717285,0.9993438720703125
131,7,left_elbow,63.60182762145996,61.22922420501709,0.9689313173294067
131,8,right_elbow,78.12931060791016,67.77104377746582,0.11271882057189941
131,9,left_wrist,66.3105297088623,49.49392318725586,0.855263888835907
131,10,right_wrist,73.4649658203125,51.634817123413086,0.1371837556362152
131,11,left_hip,70.38928985595703,87.92421340942383,0.9996488690376282
131,12,right_hip,75.9807825088501,90.11003494262695,0.9994933009147644
131,13,left_knee,72.17969417572021,115.6637191772461,0.9066858887672424
131,14,right_knee,75.15864372253418,116.12580299377441,0.4772571623325348
131,15,left_ankle,76.27786159515381,141.60283088684082,0.957030713558197
131,16,right_ankle,79.3294620513916,141.67457580566406,0.7038108110427856
132,0,nose,89.0565299987793,48.094472885131836,0.999687910079956
132,1,left_eye,90.68338394165039,47.135958671569824,0.9998007416725159
132,2,right_eye,90.66269874572754,46.746134757995605,0.9994695782661438
132,3,left_ear,90.7286262512207,48.34198474884033,0.999740719795227
132,4,right_ear,91.3981819152832,48.09718608856201,0.9995876550674438
132,5,left_shoulder,82.04109191894531,56.747775077819824,0.999764621257782
132,6,right_shoulder,90.82860946655273,60.233893394470215,0.9993658661842346
132,7,left_elbow,63.62314701080322,61.48747444152832,0.9708035588264465
132,8,right_elbow,78.07182312011719,66.98455810546875,0.11263424903154373
132,9,left_wrist,65.6723403930664,49.64167594909668,0.859298825263977
132,10,right_wrist,72.07259178161621,50.65752029418945,0.13981610536575317
132,11,left_hip,70.37115573883057,87.92718887329102,0.9996411204338074
132,12,right_hip,76.02530002593994,90.11001586914062,0.9994808435440063
132,13,left_knee,72.16318607330322,115.5717658996582,0.9075524806976318
132,14,right_knee,76.18521690368652,116.12680435180664,0.47089093923568726
132,15,left_ankle,75.96660614013672,141.52414321899414,0.9574909210205078
132,16,right_ankle,80.51901817321777,141.6783905029297,0.699350893497467
133,0,nose,89.01055335998535,48.101725578308105,0.999691903591156
133,1,left_eye,90.57340621948242,47.1089506149292,0.999804675579071
133,2,right_eye,90.65933227539062,46.753740310668945,0.9994736313819885
133,3,left_ear,90.71454048156738,48.32602024078369,0.9997494220733643
133,4,right_ear,91.4134407043457,48.10532569885254,0.9995927810668945
133,5,left_shoulder,82.13300704956055,56.749329566955566,0.9997814297676086
133,6,right_shoulder,90.85078239440918,60.15213966369629,0.9993885159492493
133,7,left_elbow,64.13307189941406,61.462645530700684,0.9720555543899536
133,8,right_elbow,77.27910041809082,66.51418209075928,0.11351129412651062
133,9,left_wrist,65.52542686462402,50.37537097930908,0.861016035079956
133,10,right_wrist,71.35263919830322,50.12791156768799,0.14610642194747925
133,11,left_hip,70.36994934082031,87.87603378295898,0.9996242523193359
133,12,right_hip,76.07333183288574,90.09611129760742,0.9994593858718872
133,13,left_knee,72.123703956604,115.53121566772461,0.9079919457435608
133,14,right_knee,76.26299858093262,116.08470916748047,0.458805650472641
133,15,left_ankle,75.68040370941162,141.43600463867188,0.9576804637908936
133,16,right_ankle,80.95376014709473,141.7094612121582,0.6937747597694397
134,0,nose,89.01185035705566,48.09732913970947,0.9996976256370544
134,1,left_eye,90.50888061523438,47.08073616027832,0.9998111724853516
134,2,right_eye,90.69758415222168,46.76323413848877,0.9994810223579407
134,3,left_ear,90.67446708679199,48.2845401763916,0.9997612833976746
134,4,right_ear,91.50930404663086,48.1175422668457,0.9996038675308228
134,5,left_shoulder,82.15592384338379,56.77010536193848,0.9997982382774353
134,6,right_shoulder,90.85412979125977,60.15880107879639,0.9994098544120789
134,7,left_elbow,64.37074184417725,61.42880439758301,0.9736218452453613
134,8,right_elbow,77.3479175567627,66.52956485748291,0.11153727769851685
134,9,left_wrist,65.39709568023682,50.643019676208496,0.8635165691375732
134,10,right_wrist,71.5780782699585,50.16818046569824,0.14605587720870972
134,11,left_hip,70.33963203430176,87.79455184936523,0.9996230602264404
134,12,right_hip,76.09871864318848,90.0644302368164,0.9994521737098694
134,13,left_knee,71.86749458312988,115.53128242492676,0.909617006778717
134,14,right_knee,76.33993625640869,116.05903625488281,0.45136505365371704
134,15,left_ankle,74.96729373931885,141.51315689086914,0.958641767501831
134,16,right_ankle,81.04804039001465,141.6420555114746,0.6901261806488037
135,0,nose,88.99328231811523,48.07718276977539,0.9996994733810425
135,1,left_eye,90.44234275817871,47.022953033447266,0.9998152256011963
135,2,right_eye,90.70276260375977,46.76910877227783,0.9994810223579407
135,3,left_ear,90.66495895385742,48.234615325927734,0.9997704029083252
135,4,right_ear,91.56232833862305,48.12349796295166,0.9996079206466675
135,5,left_shoulder,82.32690811157227,56.79989814758301,0.9998133182525635
135,6,right_shoulder,90.87203025817871,60.164971351623535,0.9994266629219055
135,7,left_elbow,64.52744483947754,61.40260696411133,0.97491055727005
135,8,right_elbow,77.40504264831543,66.5380334854126,0.10960200428962708
135,9,left_wrist,65.30493259429932,50.76378345489502,0.8650714159011841
135,10,right_wrist,70.8647632598877,50.213165283203125,0.1463904082775116
135,11,left_hip,70.33341407775879,87.73431777954102,0.9996210932731628
135,12,right_hip,76.0424280166626,90.0643253326416,0.9994457960128784
135,13,left_knee,71.94217681884766,115.65232276916504,0.9107098579406738
135,14,right_knee,76.31281852722168,116.0582447052002,0.4469355344772339
135,15,left_ankle,75.12705326080322,141.89867973327637,0.9593696594238281
135,16,right_ankle,80.92535018920898,141.91014289855957,0.689324676990509
136,0,nose,89.08175468444824,48.078908920288086,0.9996863007545471
136,1,left_eye,90.47049522399902,47.02430725097656,0.9998136162757874
136,2,right_eye,90.90752601623535,46.842122077941895,0.999456524848938
136,3,left_ear,90.7430362701416,48.22674751281738,0.9997747540473938
136,4,right_ear,91.80037498474121,48.216490745544434,0.9996032118797302
136,5,left_shoulder,82.47516632080078,56.829142570495605,0.9998261332511902
136,6,right_shoulder,90.93889236450195,60.18139839172363,0.9994392395019531
136,7,left_elbow,64.74993705749512,61.3824462890625,0.9759020209312439
136,8,right_elbow,78.1744384765625,66.59903526306152,0.10725218802690506
136,9,left_wrist,65.35445213317871,51.36890411376953,0.8612130880355835
136,10,right_wrist,72.45190620422363,51.24870300292969,0.1434021294116974
136,11,left_hip,70.43717384338379,87.69556045532227,0.999618649482727
136,12,right_hip,75.94796180725098,90.06278991699219,0.999443769454956
136,13,left_knee,72.0931625366211,115.79290390014648,0.9120193123817444
136,14,right_knee,76.29215240478516,116.06173515319824,0.44274717569351196
136,15,left_ankle,75.07712364196777,142.12671279907227,0.9603612422943115
136,16,right_ankle,80.8440113067627,142.02581405639648,0.6894932985305786
137,0,nose,89.15141105651855,48.14750671386719,0.9996877908706665
137,1,left_eye,90.47587394714355,47.04022407531738,0.9998164176940918
137,2,right_eye,90.98874092102051,46.97445869445801,0.9994556307792664
137,3,left_ear,90.77265739440918,48.22561264038086,0.999780535697937
137,4,right_ear,91.90668106079102,48.30974578857422,0.9996067881584167
137,5,left_shoulder,82.52398490905762,56.85448169708252,0.9998365044593811
137,6,right_shoulder,91.45087242126465,60.275187492370605,0.9994459748268127
137,7,left_elbow,64.879150390625,61.36710166931152,0.9768931269645691
137,8,right_elbow,78.28853607177734,66.60360813140869,0.10409869998693466
137,9,left_wrist,65.38280487060547,51.70797348022461,0.8615431189537048
137,10,right_wrist,72.3287296295166,51.325650215148926,0.13962668180465698
137,11,left_hip,70.42861938476562,87.70061492919922,0.99961918592453
137,12,right_hip,75.9978723526001,90.09800910949707,0.9994410276412964
137,13,left_knee,71.8087100982666,115.82582473754883,0.9129874110221863
137,14,right_knee,76.31039619445801,116.09957695007324,0.4456813633441925
137,15,left_ankle,74.15869235992432,142.1065330505371,0.9612831473350525
137,16,right_ankle,81.35187149047852,142.03465461730957,0.6931067705154419
