frame_idx,time_s,joint_idx,joint_name,x,y,z,event_label
0,0.0,0,hip_center,-0.003768164897337556,0.0004589054733514786,0.0003724619746208191,
0,0.0,1,right_hip,-0.010075965896248817,0.012145206332206726,-0.10518370568752289,
0,0.0,2,right_knee,0.03300556540489197,0.37019044160842896,-0.02561153471469879,
0,0.0,3,right_ankle,0.002289198338985443,0.7076590061187744,0.03180037811398506,
0,0.0,4,left_hip,0.0025397378485649824,-0.011227584443986416,0.10593033581972122,
0,0.0,5,left_knee,0.0501391664147377,0.3133191466331482,0.19262990355491638,
0,0.0,6,left_ankle,0.024296678602695465,0.6375658512115479,0.20573924481868744,
0,0.0,7,spine,0.07536275684833527,-0.1994253695011139,-0.02202688902616501,
0,0.0,8,thorax,0.1544933319091797,-0.3993087410926819,-0.044426143169403076,
0,0.0,9,neck,0.22821208834648132,-0.4212963581085205,-0.04663385450839996,
0,0.0,10,head,0.3016659915447235,-0.44427043199539185,-0.048954688012599945,
0,0.0,11,left_shoulder,0.14682215452194214,-0.387781023979187,0.07444368302822113,
0,0.0,12,left_elbow,0.13605879247188568,-0.17315100133419037,0.15424495935440063,
0,0.0,13,left_wrist,0.21997474133968353,0.00955432653427124,0.165432870388031,
0,0.0,14,right_shoulder,0.16119419038295746,-0.4083487391471863,-0.16356679797172546,
0,0.0,15,right_elbow,0.16005171835422516,-0.1954302340745926,-0.20904088020324707,
0,0.0,16,right_wrist,0.22761127352714539,-0.005358010530471802,-0.21017034351825714,
1,0.033358,0,hip_center,-0.003711365396156907,0.0004696437972597778,0.0003986738156527281,
1,0.033358,1,right_hip,-0.010521065443754196,0.0119627695530653,-0.10514751821756363,
1,0.033358,2,right_knee,0.032832030206918716,0.3700125813484192,-0.025743596255779266,
1,0.033358,3,right_ankle,0.0022090617567300797,0.7075371742248535,0.031387992203235626,
1,0.033358,4,left_hip,0.0030992378015071154,-0.01102360337972641,0.10594652593135834,
1,0.033358,5,left_knee,0.04965032637119293,0.3140886425971985,0.1910824328660965,
1,0.033358,6,left_ankle,0.02382003143429756,0.6383519172668457,0.2037990391254425,
1,0.033358,7,spine,0.07531971484422684,-0.19944392144680023,-0.02209160290658474,
1,0.033358,8,thorax,0.15435035526752472,-0.3993566334247589,-0.044581905007362366,
1,0.033358,9,neck,0.22804778814315796,-0.42141228914260864,-0.04682265594601631,
1,0.033358,10,head,0.30149635672569275,-0.4444006681442261,-0.04917063191533089,
1,0.033358,11,left_shoulder,0.14770124852657318,-0.3874994218349457,0.07431706041097641,
1,0.033358,12,left_elbow,0.1369641125202179,-0.1728178709745407,0.15398314595222473,
1,0.033358,13,left_wrist,0.22091081738471985,0.00989842414855957,0.16475319862365723,
1,0.033358,14,right_shoulder,0.16007652878761292,-0.4088664948940277,-0.16373680531978607,
1,0.033358,15,right_elbow,0.1593189686536789,-0.1960749626159668,-0.20980936288833618,
1,0.033358,16,right_wrist,0.22724920511245728,-0.006166249513626099,-0.2134394347667694,
2,0.066716,0,hip_center,-0.003612332046031952,0.0004862208152189851,0.00043116393499076366,
2,0.066716,1,right_hip,-0.011341238394379616,0.011614452116191387,-0.10509081929922104,
2,0.066716,2,right_knee,0.03249098360538483,0.3696785271167755,-0.026014894247055054,
2,0.066716,3,right_ankle,0.00205116905272007,0.7073057889938354,0.03060561791062355,
2,0.066716,4,left_hip,0.004121039062738419,-0.010641852393746376,0.10595457255840302,
2,0.066716,5,left_knee,0.048764362931251526,0.31543830037117004,0.18836709856987,
2,0.066716,6,left_ankle,0.023047996684908867,0.6397252082824707,0.2007075697183609,
2,0.066716,7,spine,0.07521957159042358,-0.19948838651180267,-0.022214746102690697,
2,0.066716,8,thorax,0.1540505588054657,-0.3994622826576233,-0.04486119747161865,
2,0.066716,9,neck,0.22771678864955902,-0.4216141998767853,-0.04717719182372093,
2,0.066716,10,head,0.3011590242385864,-0.4446159303188324,-0.04959117993712425,
2,0.066716,11,left_shoulder,0.14923518896102905,-0.38700157403945923,0.0740644708275795,
2,0.066716,12,left_elbow,0.13856011629104614,-0.1722339689731598,0.15350666642189026,
2,0.066716,13,left_wrist,0.2225344479084015,0.010508894920349121,0.1635885089635849,
2,0.066716,14,right_shoulder,0.15800434350967407,-0.40979617834091187,-0.16401946544647217,
2,0.066716,15,right_elbow,0.1578492969274521,-0.19730237126350403,-0.21145212650299072,
2,0.066716,16,right_wrist,0.2264387309551239,-0.00780487060546875,-0.22035178542137146,
3,0.100073,0,hip_center,-0.003489895723760128,0.0005050103645771742,0.00046391450450755656,
3,0.100073,1,right_hip,-0.012446077540516853,0.011151176877319813,-0.1050107553601265,
3,0.100073,2,right_knee,0.032018519937992096,0.3692374527454376,-0.02638988196849823,
3,0.100073,3,right_ankle,0.0018381960690021515,0.706994354724884,0.02959289401769638,
3,0.100073,4,left_hip,0.0054780105128884315,-0.010140455327928066,0.10593941062688828,
3,0.100073,5,left_knee,0.047705214470624924,0.3171056807041168,0.18493273854255676,
3,0.100073,6,left_ankle,0.02214808575809002,0.641410231590271,0.1971394419670105,
3,0.100073,7,spine,0.07507536560297012,-0.19955094158649445,-0.022389356046915054,
3,0.100073,8,thorax,0.1536385416984558,-0.39960649609565735,-0.04524429887533188,
3,0.100073,9,neck,0.2272660732269287,-0.42187508940696716,-0.047669071704149246,
3,0.100073,10,head,0.30070239305496216,-0.44488534331321716,-0.050179772078990936,
3,0.100073,11,left_shoulder,0.1512666642665863,-0.38633739948272705,0.0736677423119545,
3,0.100073,12,left_elbow,0.14069873094558716,-0.17147965729236603,0.15288016200065613,
3,0.100073,13,left_wrist,0.22467288374900818,0.011311441659927368,0.16204796731472015,
3,0.100073,14,right_shoulder,0.15521451830863953,-0.4110409915447235,-0.16435721516609192,
3,0.100073,15,right_elbow,0.15569332242012024,-0.1990378499031067,-0.21393471956253052,
3,0.100073,16,right_wrist,0.22500233352184296,-0.010326921939849854,-0.2305920273065567,
4,0.133431,0,hip_center,-0.003361838636919856,0.0005134529783390462,0.0005067717866040766,
4,0.133431,1,right_hip,-0.013740843161940575,0.010604352690279484,-0.1048920527100563,
4,0.133431,2,right_knee,0.0314398929476738,0.36872243881225586,-0.02682599425315857,
4,0.133431,3,right_ankle,0.0015630032867193222,0.7066188454627991,0.02847355604171753,
4,0.133431,4,left_hip,0.007039033807814121,-0.009576265700161457,0.10590528696775436,
4,0.133431,5,left_knee,0.046650879085063934,0.3188715875148773,0.18117830157279968,
4,0.133431,6,left_ankle,0.021182719618082047,0.6431795358657837,0.19347845017910004,
4,0.133431,7,spine,0.07487615942955017,-0.19964513182640076,-0.022569600492715836,
4,0.133431,8,thorax,0.15310990810394287,-0.3998039662837982,-0.04564918205142021,
4,0.133431,9,neck,0.22669970989227295,-0.4221875071525574,-0.04815975949168205,
4,0.133431,10,head,0.3001299500465393,-0.4452090263366699,-0.05074482783675194,
4,0.133431,11,left_shoulder,0.15349915623664856,-0.38559049367904663,0.07317672669887543,
4,0.133431,12,left_elbow,0.14307335019111633,-0.17067551612854004,0.15225259959697723,
4,0.133431,13,left_wrist,0.22701305150985718,0.012177512049674988,0.16044911742210388,
4,0.133431,14,right_shoulder,0.1519620716571808,-0.4124698042869568,-0.1646423637866974,
4,0.133431,15,right_elbow,0.15285766124725342,-0.20121362805366516,-0.21730655431747437,
4,0.133431,16,right_wrist,0.22280794382095337,-0.013879597187042236,-0.2438761293888092,
5,0.166789,0,hip_center,-0.0032270504161715508,0.0005108637851662934,0.0005586018087342381,
5,0.166789,1,right_hip,-0.01519196666777134,0.009981246665120125,-0.10472965240478516,
5,0.166789,2,right_knee,0.030737442895770073,0.3681477904319763,-0.027325786650180817,
5,0.166789,3,right_ankle,0.0011938922107219696,0.7061973810195923,0.027211520820856094,
5,0.166789,4,left_hip,0.008772377856075764,-0.008958138525485992,0.10584478080272675,
5,0.166789,5,left_knee,0.045531608164310455,0.3207279145717621,0.17704153060913086,
5,0.166789,6,left_ankle,0.02014215849339962,0.6450271010398865,0.18972986936569214,
5,0.166789,7,spine,0.07460783421993256,-0.19977612793445587,-0.02276557870209217,
5,0.166789,8,thorax,0.15243473649024963,-0.4000645577907562,-0.046094998717308044,
5,0.166789,9,neck,0.22598710656166077,-0.4225669205188751,-0.048640038818120956,
5,0.166789,10,head,0.29940852522850037,-0.4456138014793396,-0.05124937370419502,
5,0.166789,11,left_shoulder,0.15575067698955536,-0.38483232259750366,0.0725589171051979,
5,0.166789,12,left_elbow,0.145452082157135,-0.16991829872131348,0.15165406465530396,
5,0.166789,13,left_wrist,0.2293236255645752,0.013005554676055908,0.15891513228416443,
5,0.166789,14,right_shoulder,0.1483595073223114,-0.4140135645866394,-0.16488024592399597,
5,0.166789,15,right_elbow,0.14934884011745453,-0.2038215845823288,-0.2216414511203766,
5,0.166789,16,right_wrist,0.21987757086753845,-0.01863303780555725,-0.25937625765800476,
6,0.200147,0,hip_center,-0.003095415187999606,0.0004959046491421759,0.0006126167718321085,
6,0.200147,1,right_hip,-0.016675055027008057,0.009317651391029358,-0.10453600436449051,
6,0.200147,2,right_knee,0.029988903552293777,0.3675423264503479,-0.027843795716762543,
6,0.200147,3,right_ankle,0.0007900092750787735,0.70574951171875,0.02589595317840576,
6,0.200147,4,left_hip,0.010531598702073097,-0.008324804715812206,0.10575693100690842,
6,0.200147,5,left_knee,0.04446549713611603,0.3225294351577759,0.1728171408176422,
6,0.200147,6,left_ankle,0.019146602600812912,0.6468106508255005,0.1860925704240799,
6,0.200147,7,spine,0.07431180775165558,-0.1999274343252182,-0.022961974143981934,
6,0.200147,8,thorax,0.15170636773109436,-0.4003537595272064,-0.04654398560523987,
6,0.200147,9,neck,0.22521692514419556,-0.4229945242404938,-0.0490691140294075,
6,0.200147,10,head,0.2986242175102234,-0.4460897147655487,-0.051648613065481186,
6,0.200147,11,left_shoulder,0.1578390896320343,-0.38412001729011536,0.07186473160982132,
6,0.200147,12,left_elbow,0.14762793481349945,-0.16926796734333038,0.15113934874534607,
6,0.200147,13,left_wrist,0.23142649233341217,0.01371726393699646,0.15765789151191711,
6,0.200147,14,right_shoulder,0.1448046714067459,-0.41555970907211304,-0.16504403948783875,
6,0.200147,15,right_elbow,0.1455158293247223,-0.20684093236923218,-0.2270074188709259,
6,0.200147,16,right_wrist,0.2166578471660614,-0.024740025401115417,-0.27671757340431213,
7,0.233505,0,hip_center,-0.0029718761797994375,0.00046783676953054965,0.0006653801538050175,
7,0.233505,1,right_hip,-0.018119413405656815,0.008642854169011116,-0.10432121157646179,
7,0.233505,2,right_knee,0.02925056591629982,0.36693233251571655,-0.028368070721626282,
7,0.233505,3,right_ankle,0.00039463117718696594,0.7052962779998779,0.024563990533351898,
7,0.233505,4,left_hip,0.012234319001436234,-0.0077071841806173325,0.10564523935317993,
7,0.233505,5,left_knee,0.04354575648903847,0.32420021295547485,0.16865479946136475,
7,0.233505,6,left_ankle,0.01825002394616604,0.6484540104866028,0.18262560665607452,
7,0.233505,7,spine,0.07402127236127853,-0.2000824362039566,-0.023184243589639664,
7,0.233505,8,thorax,0.15099719166755676,-0.40063709020614624,-0.04704393446445465,
7,0.233505,9,neck,0.22445163130760193,-0.4234674572944641,-0.04949387162923813,
7,0.233505,10,head,0.29783809185028076,-0.4466383755207062,-0.051985353231430054,
7,0.233505,11,left_shoulder,0.15970134735107422,-0.38349610567092896,0.07107546925544739,
7,0.233505,12,left_elbow,0.14947810769081116,-0.16878710687160492,0.15073516964912415,
7,0.233505,13,left_wrist,0.23326584696769714,0.014221534132957458,0.15671318769454956,
7,0.233505,14,right_shoulder,0.1415555626153946,-0.4170607626438141,-0.16520583629608154,
7,0.233505,15,right_elbow,0.14164064824581146,-0.21036595106124878,-0.2336217164993286,
7,0.233505,16,right_wrist,0.21364159882068634,-0.032612383365631104,-0.2961721420288086,
8,0.266862,0,hip_center,-0.002863736590370536,0.00042374731856398284,0.000721771502867341,
8,0.266862,1,right_hip,-0.01948355883359909,0.007982452400028706,-0.10408810526132584,
8,0.266862,2,right_knee,0.028557680547237396,0.3663400709629059,-0.028881661593914032,
8,0.266862,3,right_ankle,3.861449658870697e-05,0.7048559188842773,0.02325572445988655,
8,0.266862,4,left_hip,0.013822836801409721,-0.007136824540793896,0.10552265495061874,
8,0.266862,5,left_knee,0.04283846542239189,0.3256906569004059,0.16465868055820465,
8,0.266862,6,left_ankle,0.017471877858042717,0.6499055624008179,0.17938323318958282,
8,0.266862,7,spine,0.07374405115842819,-0.20023611187934875,-0.023444930091500282,
8,0.266862,8,thorax,0.1503307819366455,-0.40090134739875793,-0.04762517288327217,
8,0.266862,9,neck,0.22370824217796326,-0.42398497462272644,-0.05000834912061691,
8,0.266862,10,head,0.29706496000289917,-0.44725871086120605,-0.052415210753679276,
8,0.266862,11,left_shoulder,0.16133615374565125,-0.3829893171787262,0.07018743455410004,
8,0.266862,12,left_elbow,0.15103799104690552,-0.16848307847976685,0.1503819227218628,
8,0.266862,13,left_wrist,0.23486018180847168,0.014522343873977661,0.15596267580986023,
8,0.266862,14,right_shoulder,0.13868391513824463,-0.41849228739738464,-0.165421724319458,
8,0.266862,15,right_elbow,0.13784745335578918,-0.2145625203847885,-0.24168077111244202,
8,0.266862,16,right_wrist,0.21115754544734955,-0.04272469878196716,-0.31777551770210266,
9,0.30022,0,hip_center,-0.0027779301162809134,0.0003649088612291962,0.0007881166529841721,
9,0.30022,1,right_hip,-0.020758096128702164,0.007363090757280588,-0.10383598506450653,
9,0.30022,2,right_knee,0.027925707399845123,0.36578869819641113,-0.029370449483394623,
9,0.30022,3,right_ankle,-0.00028163567185401917,0.7044562697410583,0.02194477990269661,
9,0.30022,4,left_hip,0.015272913500666618,-0.006637634709477425,0.10540149360895157,
9,0.30022,5,left_knee,0.04236406832933426,0.3269926905632019,0.1608087718486786,
9,0.30022,6,left_ankle,0.016790693625807762,0.6511541604995728,0.17633144557476044,
9,0.30022,7,spine,0.07345107197761536,-0.20039501786231995,-0.023742450401186943,
9,0.30022,8,thorax,0.14965566992759705,-0.40116095542907715,-0.048291124403476715,
9,0.30022,9,neck,0.22292548418045044,-0.4245816469192505,-0.050697699189186096,
9,0.30022,10,head,0.2962586283683777,-0.44793054461479187,-0.0530950091779232,
9,0.30022,11,left_shoulder,0.16275911033153534,-0.3826921880245209,0.06922046095132828,
9,0.30022,12,left_elbow,0.15232816338539124,-0.1684279888868332,0.15004238486289978,
9,0.30022,13,left_wrist,0.2361711859703064,0.014574408531188965,0.1554049849510193,
9,0.30022,14,right_shoulder,0.1361481100320816,-0.41998183727264404,-0.16569826006889343,
9,0.30022,15,right_elbow,0.13344593346118927,-0.22048507630825043,-0.25286033749580383,
9,0.30022,16,right_wrist,0.21008118987083435,-0.05776219069957733,-0.34419113397598267,
10,0.333578,0,hip_center,-0.002711680717766285,0.0002988831838592887,0.0008651701500639319,
10,0.333578,1,right_hip,-0.021922949701547623,0.006795142311602831,-0.103572316467762,
10,0.333578,2,right_knee,0.027368217706680298,0.3652838468551636,-0.029813483357429504,
10,0.333578,3,right_ankle,-0.000558067113161087,0.7040941715240479,0.020707249641418457,
10,0.333578,4,left_hip,0.016570448875427246,-0.0062043326906859875,0.10529091954231262,
10,0.333578,5,left_knee,0.0421644002199173,0.32809698581695557,0.15725910663604736,
10,0.333578,6,left_ankle,0.016185926273465157,0.6521891355514526,0.17353719472885132,
10,0.333578,7,spine,0.07314024865627289,-0.20055386424064636,-0.024070963263511658,
10,0.333578,8,thorax,0.14896464347839355,-0.4014130234718323,-0.04903083294630051,
10,0.333578,9,neck,0.22211530804634094,-0.42519283294677734,-0.051538001745939255,
10,0.333578,10,head,0.2954357862472534,-0.4485754370689392,-0.053993694484233856,
10,0.333578,11,left_shoulder,0.16404157876968384,-0.382506787776947,0.06817416101694107,
10,0.333578,12,left_elbow,0.15352188050746918,-0.1684979647397995,0.14965853095054626,
10,0.333578,13,left_wrist,0.2373305857181549,0.014523446559906006,0.1549072265625,
10,0.333578,14,right_shoulder,0.1338072419166565,-0.4215042293071747,-0.1660253405570984,
10,0.333578,15,right_elbow,0.128225177526474,-0.22832849621772766,-0.26630228757858276,
10,0.333578,16,right_wrist,0.21094319224357605,-0.07959438860416412,-0.37460237741470337,
11,0.366936,0,hip_center,-0.002662012120708823,0.0002356562326895073,0.0009473231621086597,
11,0.366936,1,right_hip,-0.02296111360192299,0.006284363567829132,-0.10331111401319504,
11,0.366936,2,right_knee,0.026890795677900314,0.3648306131362915,-0.03021177649497986,
11,0.366936,3,right_ankle,-0.0007897913455963135,0.7037575244903564,0.019658036530017853,
11,0.366936,4,left_hip,0.017705120146274567,-0.005822136998176575,0.10519372671842575,
11,0.366936,5,left_knee,0.04222952201962471,0.3290174603462219,0.15412351489067078,
11,0.366936,6,left_ankle,0.0156270619481802,0.6530243754386902,0.17107704281806946,
11,0.366936,7,spine,0.0728144720196724,-0.2007054090499878,-0.024412976577878,
11,0.366936,8,thorax,0.14826053380966187,-0.40165311098098755,-0.04980309307575226,
11,0.366936,9,neck,0.22129662334918976,-0.4257691502571106,-0.05243538320064545,
11,0.366936,10,head,0.2946217358112335,-0.44912898540496826,-0.05496859550476074,
11,0.366936,11,left_shoulder,0.16516607999801636,-0.38240528106689453,0.06709640473127365,
11,0.366936,12,left_elbow,0.15464970469474792,-0.16865751147270203,0.14926347136497498,
11,0.366936,13,left_wrist,0.23838642239570618,0.01440340280532837,0.15427902340888977,
11,0.366936,14,right_shoulder,0.13165131211280823,-0.42300161719322205,-0.16637706756591797,
11,0.366936,15,right_elbow,0.12197434157133102,-0.2384452521800995,-0.28148049116134644,
11,0.366936,16,right_wrist,0.21403399109840393,-0.11218154430389404,-0.40905600786209106,
12,0.400294,0,hip_center,-0.002627059118822217,0.0001705579925328493,0.0010394302662461996,
12,0.400294,1,right_hip,-0.023879488930106163,0.005839427001774311,-0.10305024683475494,
12,0.400294,2,right_knee,0.026521915569901466,0.3644353449344635,-0.030574023723602295,
12,0.400294,3,right_ankle,-0.0009489580988883972,0.703478217124939,0.018618647009134293,
12,0.400294,4,left_hip,0.0186883844435215,-0.005509122274816036,0.10511738806962967,
12,0.400294,5,left_knee,0.04251690208911896,0.32976698875427246,0.1513262838125229,
12,0.400294,6,left_ankle,0.015167346224188805,0.6536824703216553,0.16882993280887604,
12,0.400294,7,spine,0.07250142842531204,-0.20084436237812042,-0.02476508542895317,
12,0.400294,8,thorax,0.147597536444664,-0.401865690946579,-0.0506059005856514,
12,0.400294,9,neck,0.2205132246017456,-0.4263228476047516,-0.0534227192401886,
12,0.400294,10,head,0.2938399910926819,-0.4496622681617737,-0.05609213188290596,
12,0.400294,11,left_shoulder,0.1661732792854309,-0.38235053420066833,0.06599543243646622,
12,0.400294,12,left_elbow,0.15568292140960693,-0.16887134313583374,0.14886116981506348,
12,0.400294,13,left_wrist,0.2393246591091156,0.014230400323867798,0.15396982431411743,
12,0.400294,14,right_shoulder,0.12972106039524078,-0.4244064390659332,-0.16676726937294006,
12,0.400294,15,right_elbow,0.1159810870885849,-0.25010061264038086,-0.29650622606277466,
12,0.400294,16,right_wrist,0.2172095626592636,-0.15279901027679443,-0.4413447976112366,
13,0.433651,0,hip_center,-0.0026066459249705076,0.0001138797088060528,0.0011192249367013574,
13,0.433651,1,right_hip,-0.024695897474884987,0.005451025441288948,-0.10281364619731903,
13,0.433651,2,right_knee,0.026227040216326714,0.3640880286693573,-0.030907288193702698,
13,0.433651,3,right_ankle,-0.0010524168610572815,0.7032274007797241,0.01772388443350792,
13,0.433651,4,left_hip,0.01953911781311035,-0.0052350666373968124,0.10504123568534851,
13,0.433651,5,left_knee,0.04289092496037483,0.3303897976875305,0.1489018052816391,
13,0.433651,6,left_ankle,0.014776013791561127,0.6542167663574219,0.16682541370391846,
13,0.433651,7,spine,0.07219324260950089,-0.20096871256828308,-0.025109048932790756,
13,0.433651,8,thorax,0.14695942401885986,-0.40205734968185425,-0.05137910321354866,
13,0.433651,9,neck,0.21976113319396973,-0.4268268346786499,-0.05440688505768776,
13,0.433651,10,head,0.29309141635894775,-0.450135737657547,-0.05724148824810982,
13,0.433651,11,left_shoulder,0.16701145470142365,-0.3823452591896057,0.06494423747062683,
13,0.433651,12,left_elbow,0.15666435658931732,-0.16909649968147278,0.14841905236244202,
13,0.433651,13,left_wrist,0.2402265965938568,0.01404474675655365,0.15341141819953918,
13,0.433651,14,right_shoulder,0.12800613045692444,-0.4256725609302521,-0.1671556681394577,
13,0.433651,15,right_elbow,0.1111077293753624,-0.26217347383499146,-0.30993521213531494,
13,0.433651,16,right_wrist,0.22025731205940247,-0.20358224213123322,-0.469140887260437,
14,0.467009,0,hip_center,-0.002597417449578643,6.409082561731339e-05,0.0011885048588737845,
14,0.467009,1,right_hip,-0.025404956191778183,0.005110178608447313,-0.10260367393493652,
14,0.467009,2,right_knee,0.02599569782614708,0.36378440260887146,-0.031224757432937622,
14,0.467009,3,right_ankle,-0.0011107008904218674,0.7030065059661865,0.01692359894514084,
14,0.467009,4,left_hip,0.020259438082575798,-0.004994209855794907,0.1049710065126419,
14,0.467009,5,left_knee,0.04326961934566498,0.3309171795845032,0.14677029848098755,
14,0.467009,6,left_ankle,0.0144573375582695,0.6546642780303955,0.1650257408618927,
14,0.467009,7,spine,0.07189970463514328,-0.20108038187026978,-0.025424355641007423,
14,0.467009,8,thorax,0.14636260271072388,-0.40223047137260437,-0.05208269879221916,
14,0.467009,9,neck,0.21905988454818726,-0.4272730052471161,-0.055363357067108154,
14,0.467009,10,head,0.2923898696899414,-0.4505557417869568,-0.05841228365898132,
14,0.467009,11,left_shoulder,0.16770748794078827,-0.38236144185066223,0.06398360431194305,
14,0.467009,12,left_elbow,0.1575644612312317,-0.1692994087934494,0.14795872569084167,
14,0.467009,13,left_wrist,0.24107199907302856,0.01387457549571991,0.15265685319900513,
14,0.467009,14,right_shoulder,0.12648124992847443,-0.4267689883708954,-0.16751107573509216,
14,0.467009,15,right_elbow,0.10763495415449142,-0.27370280027389526,-0.3211960196495056,
14,0.467009,16,right_wrist,0.22023363411426544,-0.25283539295196533,-0.48726558685302734,
15,0.500367,0,hip_center,-0.002597117330878973,2.278796637256164e-05,0.001244802726432681,
15,0.500367,1,right_hip,-0.026021311059594154,0.004809180740267038,-0.10242225974798203,
15,0.500367,2,right_knee,0.02582152746617794,0.3635188043117523,-0.03154297173023224,
15,0.500367,3,right_ankle,-0.00113595649600029,0.7028082013130188,0.01621333882212639,
15,0.500367,4,left_hip,0.020869117230176926,-0.0047757248394191265,0.10490356385707855,
15,0.500367,5,left_knee,0.0436026006937027,0.3313734829425812,0.14490357041358948,
15,0.500367,6,left_ankle,0.01419902965426445,0.6550530195236206,0.16341200470924377,
15,0.500367,7,spine,0.07162471860647202,-0.20117875933647156,-0.02570354752242565,
15,0.500367,8,thorax,0.14581260085105896,-0.4023854732513428,-0.05269896984100342,
15,0.500367,9,neck,0.21841961145401,-0.4276486039161682,-0.056273892521858215,
15,0.500367,10,head,0.29174649715423584,-0.4509049355983734,-0.059587955474853516,
15,0.500367,11,left_shoulder,0.16829176247119904,-0.3823797106742859,0.06312946230173111,
15,0.500367,12,left_elbow,0.15839733183383942,-0.16946254670619965,0.14750078320503235,
15,0.500367,13,left_wrist,0.24188607931137085,0.01373302936553955,0.15166030824184418,
15,0.500367,14,right_shoulder,0.1251123994588852,-0.427693247795105,-0.1678169071674347,
15,0.500367,15,right_elbow,0.10560882091522217,-0.28409385681152344,-0.3303048312664032,
15,0.500367,16,right_wrist,0.2179427146911621,-0.29509633779525757,-0.4974965453147888,
16,0.533725,0,hip_center,-0.002602566732093692,-9.282321116188541e-06,0.0012876114342361689,
16,0.533725,1,right_hip,-0.026536179706454277,0.004538359586149454,-0.10227379202842712,
16,0.533725,2,right_knee,0.025708140805363655,0.36328592896461487,-0.031883157789707184,
16,0.533725,3,right_ankle,-0.0011235810816287994,0.702628493309021,0.015564735978841782,
16,0.533725,4,left_hip,0.021366199478507042,-0.004568556323647499,0.10484213382005692,
16,0.533725,5,left_knee,0.043875113129615784,0.3317790925502777,0.14327029883861542,
16,0.533725,6,left_ankle,0.01400391012430191,0.6554046869277954,0.16197337210178375,
16,0.533725,7,spine,0.07139778137207031,-0.20126014947891235,-0.025900524109601974,
16,0.533725,8,thorax,0.14536574482917786,-0.4025157690048218,-0.053133897483348846,
16,0.533725,9,neck,0.2179022878408432,-0.4279364049434662,-0.057010240852832794,
16,0.533725,10,head,0.29121536016464233,-0.4511936604976654,-0.060611143708229065,
16,0.533725,11,left_shoulder,0.1687813550233841,-0.3823285698890686,0.06247732788324356,
16,0.533725,12,left_elbow,0.15915516018867493,-0.1694786697626114,0.14704911410808563,
16,0.533725,13,left_wrist,0.24265196919441223,0.013731241226196289,0.15031999349594116,
16,0.533725,14,right_shoulder,0.12395146489143372,-0.42840176820755005,-0.16799233853816986,
16,0.533725,15,right_elbow,0.1054191067814827,-0.2908327281475067,-0.33572664856910706,
16,0.533725,16,right_wrist,0.21560999751091003,-0.31622135639190674,-0.5027787685394287,
17,0.567083,0,hip_center,-0.002614858327433467,-3.598936746129766e-05,0.001313470071181655,
17,0.567083,1,right_hip,-0.02693549357354641,0.004266806878149509,-0.10216820240020752,
17,0.567083,2,right_knee,0.025651080533862114,0.3630616068840027,-0.032274842262268066,
17,0.567083,3,right_ankle,-0.0010822843760251999,0.7024266719818115,0.015067648142576218,
17,0.567083,4,left_hip,0.02173450216650963,-0.004349831026047468,0.10478968918323517,
17,0.567083,5,left_knee,0.04409315064549446,0.33216017484664917,0.14186008274555206,
17,0.567083,6,left_ankle,0.013856589794158936,0.6557410955429077,0.16074751317501068,
17,0.567083,7,spine,0.07126377522945404,-0.2013329267501831,-0.025864629074931145,
17,0.567083,8,thorax,0.1451134979724884,-0.40263447165489197,-0.053079620003700256,
17,0.567083,9,neck,0.21761676669120789,-0.4280918836593628,-0.05731980875134468,
17,0.567083,10,head,0.2908906638622284,-0.4514104723930359,-0.06130114942789078,
17,0.567083,11,left_shoulder,0.16915836930274963,-0.38211357593536377,0.0623435378074646,
17,0.567083,12,left_elbow,0.1598084419965744,-0.16917866468429565,0.1467321515083313,
17,0.567083,13,left_wrist,0.24335792660713196,0.014029815793037415,0.14828820526599884,
17,0.567083,14,right_shoulder,0.12309425324201584,-0.4287737011909485,-0.16776619851589203,
17,0.567083,15,right_elbow,0.10739155113697052,-0.28910619020462036,-0.3340488076210022,
17,0.567083,16,right_wrist,0.21967250108718872,-0.2913980484008789,-0.5016219615936279,
18,0.60044,0,hip_center,-0.0026263752952218056,-5.110911661176942e-05,0.0013273057993501425,
18,0.60044,1,right_hip,-0.02723725512623787,0.004049862269312143,-0.10209391266107559,
18,0.60044,2,right_knee,0.02565648779273033,0.3628797233104706,-0.03261350840330124,
18,0.60044,3,right_ankle,-0.0010050758719444275,0.7022682428359985,0.014601469039916992,
18,0.60044,4,left_hip,0.022007830440998077,-0.004162130877375603,0.10474434494972229,
18,0.60044,5,left_knee,0.04419037327170372,0.33248841762542725,0.14062559604644775,
18,0.60044,6,left_ankle,0.013756267726421356,0.656043291091919,0.1596418023109436,
18,0.60044,7,spine,0.07117007672786713,-0.20137493312358856,-0.025874905288219452,
18,0.60044,8,thorax,0.14494135975837708,-0.40270280838012695,-0.05310790240764618,
18,0.60044,9,neck,0.21739739179611206,-0.42822781205177307,-0.05773176997900009,
18,0.60044,10,head,0.29063376784324646,-0.45159342885017395,-0.062108077108860016,
18,0.60044,11,left_shoulder,0.16947709023952484,-0.3819572627544403,0.062171705067157745,
18,0.60044,12,left_elbow,0.16043780744075775,-0.1689184010028839,0.1463315188884735,
18,0.60044,13,left_wrist,0.24406594038009644,0.01426076889038086,0.1462213099002838,
18,0.60044,14,right_shoulder,0.12251174449920654,-0.42910677194595337,-0.16765421628952026,
18,0.60044,15,right_elbow,0.10916006565093994,-0.28870224952697754,-0.3335210084915161,
18,0.60044,16,right_wrist,0.22157323360443115,-0.28610262274742126,-0.5010010004043579,
19,0.633798,0,hip_center,-0.002633080817759037,-5.854142364114523e-05,0.001334227155894041,
19,0.633798,1,right_hip,-0.0274476557970047,0.003881873097270727,-0.10204455256462097,
19,0.633798,2,right_knee,0.025703709572553635,0.3627411127090454,-0.03291337937116623,
19,0.633798,3,right_ankle,-0.0009067133069038391,0.702143669128418,0.014229211956262589,
19,0.633798,4,left_hip,0.0222005657851696,-0.004007813986390829,0.10470986366271973,
19,0.633798,5,left_knee,0.044160857796669006,0.3327610194683075,0.1396040916442871,
19,0.633798,6,left_ankle,0.013676337897777557,0.6563076972961426,0.158678337931633,
19,0.633798,7,spine,0.07111057639122009,-0.20139241218566895,-0.025936739519238472,
19,0.633798,8,thorax,0.14483273029327393,-0.40272951126098633,-0.053234219551086426,
19,0.633798,9,neck,0.21722158789634705,-0.4283638894557953,-0.05828550085425377,
19,0.633798,10,head,0.29042425751686096,-0.4517502188682556,-0.06309390068054199,
19,0.633798,11,left_shoulder,0.16980427503585815,-0.38193708658218384,0.06194331496953964,
19,0.633798,12,left_elbow,0.16105979681015015,-0.16883699595928192,0.14597918093204498,
19,0.633798,13,left_wrist,0.24467286467552185,0.014341473579406738,0.1443074345588684,
19,0.633798,14,right_shoulder,0.12212591618299484,-0.429402232170105,-0.1676636040210724,
19,0.633798,15,right_elbow,0.10986299812793732,-0.29108473658561707,-0.3353579044342041,
19,0.633798,16,right_wrist,0.2240823656320572,-0.28931334614753723,-0.501622200012207,
20,0.667156,0,hip_center,-0.002637217752635479,-6.019367356202565e-05,0.0013354916591197252,
20,0.667156,1,right_hip,-0.027565211057662964,0.003741089953109622,-0.10202120989561081,
20,0.667156,2,right_knee,0.025793086737394333,0.36262673139572144,-0.033187225461006165,
20,0.667156,3,right_ankle,-0.0007883906364440918,0.7020325660705566,0.013948339968919754,
20,0.667156,4,left_hip,0.022306431084871292,-0.0038691172376275063,0.10468991100788116,
20,0.667156,5,left_knee,0.04402361810207367,0.333001047372818,0.13874810934066772,
20,0.667156,6,left_ankle,0.013621043413877487,0.6565542221069336,0.1578431874513626,
20,0.667156,7,spine,0.07113669812679291,-0.20138373970985413,-0.025929823517799377,
20,0.667156,8,thorax,0.14489316940307617,-0.4027097225189209,-0.05321691185235977,
20,0.667156,9,neck,0.2172163724899292,-0.42844149470329285,-0.05869545042514801,
20,0.667156,10,head,0.29037240147590637,-0.4518792927265167,-0.0639427974820137,
20,0.667156,11,left_shoulder,0.17011429369449615,-0.38190343976020813,0.061903730034828186,
20,0.667156,12,left_elbow,0.16163408756256104,-0.1687038242816925,0.1457139104604721,
20,0.667156,13,left_wrist,0.2451854944229126,0.014478623867034912,0.1423007994890213,
20,0.667156,14,right_shoulder,0.12204845249652863,-0.4295092225074768,-0.1675892025232315,
20,0.667156,15,right_elbow,0.110313281416893,-0.2908642590045929,-0.33505070209503174,
20,0.667156,16,right_wrist,0.22887581586837769,-0.277307391166687,-0.4976918697357178,
21,0.700514,0,hip_center,-0.0026406017132103443,-5.8388817706145346e-05,0.0013272385112941265,
21,0.700514,1,right_hip,-0.027598150074481964,0.003624699078500271,-0.10202661156654358,
21,0.700514,2,right_knee,0.02592679113149643,0.36253395676612854,-0.033445410430431366,
21,0.700514,3,right_ankle,-0.0006534699350595474,0.7019329071044922,0.013740498572587967,
21,0.700514,4,left_hip,0.022329822182655334,-0.003747959155589342,0.10467951744794846,
21,0.700514,5,left_knee,0.04378898814320564,0.3332102596759796,0.13802272081375122,
21,0.700514,6,left_ankle,0.013593804091215134,0.656781792640686,0.15713545680046082,
21,0.700514,7,spine,0.07127479463815689,-0.20134206116199493,-0.025849075987935066,
21,0.700514,8,thorax,0.1451767086982727,-0.4026273488998413,-0.0530424565076828,
21,0.700514,9,neck,0.21744540333747864,-0.428439199924469,-0.05885348469018936,
21,0.700514,10,head,0.290539413690567,-0.45198941230773926,-0.0644502192735672,
21,0.700514,11,left_shoulder,0.17041942477226257,-0.38180163502693176,0.06206993758678436,
21,0.700514,12,left_elbow,0.16217029094696045,-0.16845519840717316,0.14552883803844452,
21,0.700514,13,left_wrist,0.24561770260334015,0.014729127287864685,0.14020729064941406,
21,0.700514,14,right_shoulder,0.12233119457960129,-0.42935362458229065,-0.16743172705173492,
21,0.700514,15,right_elbow,0.11089272797107697,-0.28691208362579346,-0.33169692754745483,
21,0.700514,16,right_wrist,0.23417457938194275,-0.25256916880607605,-0.487630158662796,
22,0.733872,0,hip_center,-0.002646074164658785,-5.17412627232261e-05,0.001312565291300416,
22,0.733872,1,right_hip,-0.02756420709192753,0.0035394735168665648,-0.10205402225255966,
22,0.733872,2,right_knee,0.02609255723655224,0.3624703288078308,-0.03368911147117615,
22,0.733872,3,right_ankle,-0.0005132053047418594,0.7018517255783081,0.013608444482088089,
22,0.733872,4,left_hip,0.02228260040283203,-0.003648329060524702,0.104678213596344,
22,0.733872,5,left_knee,0.043445833027362823,0.3333873152732849,0.13742248713970184,
22,0.733872,6,left_ankle,0.013584032654762268,0.6569885015487671,0.15655703842639923,
22,0.733872,7,spine,0.07151882350444794,-0.2012648582458496,-0.025705987587571144,
22,0.733872,8,thorax,0.1456732153892517,-0.40247905254364014,-0.05273771658539772,
22,0.733872,9,neck,0.21790456771850586,-0.4283485412597656,-0.058753110468387604,
22,0.733872,10,head,0.2909224033355713,-0.4520798325538635,-0.06457474082708359,
22,0.733872,11,left_shoulder,0.17069217562675476,-0.3816339373588562,0.062420014292001724,
22,0.733872,12,left_elbow,0.1626255065202713,-0.16810913383960724,0.14543940126895905,
22,0.733872,13,left_wrist,0.24592652916908264,0.015074700117111206,0.13816548883914948,
22,0.733872,14,right_shoulder,0.12296130508184433,-0.42889365553855896,-0.1672259420156479,
22,0.733872,15,right_elbow,0.11172851175069809,-0.2797796130180359,-0.3254736065864563,
22,0.733872,16,right_wrist,0.23890605568885803,-0.21468091011047363,-0.4678851366043091,
23,0.767229,0,hip_center,-0.002650253940373659,-3.984013164881617e-05,0.0012910413788631558,
23,0.767229,1,right_hip,-0.027458300814032555,0.0034914249554276466,-0.10210409015417099,
23,0.767229,2,right_knee,0.026280811056494713,0.3624410927295685,-0.03390306234359741,
23,0.767229,3,right_ankle,-0.0003751218318939209,0.7018053531646729,0.013488933444023132,
23,0.767229,4,left_hip,0.02216646820306778,-0.0035754316486418247,0.1046857163310051,
23,0.767229,5,left_knee,0.04296884313225746,0.33353284001350403,0.1369096338748932,
23,0.767229,6,left_ankle,0.013593576848506927,0.6571760177612305,0.15608784556388855,
23,0.767229,7,spine,0.07186459749937057,-0.20114931464195251,-0.02553577534854412,
23,0.767229,8,thorax,0.14637133479118347,-0.40225934982299805,-0.05237310752272606,
23,0.767229,9,neck,0.21858087182044983,-0.4281831681728363,-0.058416564017534256,
23,0.767229,10,head,0.2915079593658447,-0.452179878950119,-0.06428731977939606,
23,0.767229,11,left_shoulder,0.17087237536907196,-0.3814334571361542,0.0628993958234787,
23,0.767229,12,left_elbow,0.16292284429073334,-0.16769863665103912,0.14538797736167908,
23,0.767229,13,left_wrist,0.24606770277023315,0.015474721789360046,0.1362917423248291,
23,0.767229,14,right_shoulder,0.12396897375583649,-0.4280964434146881,-0.1670539528131485,
23,0.767229,15,right_elbow,0.11326638609170914,-0.2695944905281067,-0.31593671441078186,
23,0.767229,16,right_wrist,0.23756206035614014,-0.1656297743320465,-0.43608221411705017,
24,0.800587,0,hip_center,-0.002667349297553301,-2.2840631572762504e-05,0.0012593403225764632,
24,0.800587,1,right_hip,-0.02727888710796833,0.003464778885245323,-0.1021842211484909,
24,0.800587,2,right_knee,0.0265148114413023,0.3624223470687866,-0.03406783938407898,
24,0.800587,3,right_ankle,-0.0001981779932975769,0.7017818689346313,0.013326168060302734,
24,0.800587,4,left_hip,0.021951206028461456,-0.0035138458479195833,0.1047028973698616,
24,0.800587,5,left_knee,0.04236281290650368,0.33366793394088745,0.1364031285047531,
24,0.800587,6,left_ankle,0.013661568984389305,0.6573641300201416,0.15570661425590515,
24,0.800587,7,spine,0.07242684811353683,-0.20093846321105957,-0.025404028594493866,
24,0.800587,8,thorax,0.14751923084259033,-0.4018526077270508,-0.05207591503858566,
24,0.800587,9,neck,0.21969804167747498,-0.42792847752571106,-0.057824958115816116,
24,0.800587,10,head,0.29249832034111023,-0.45237207412719727,-0.06341954320669174,
24,0.800587,11,left_shoulder,0.17089533805847168,-0.38115474581718445,0.06345298141241074,
24,0.800587,12,left_elbow,0.1629733443260193,-0.16720134019851685,0.145375594496727,
24,0.800587,13,left_wrist,0.24603606760501862,0.015916407108306885,0.1345699429512024,
24,0.800587,14,right_shoulder,0.12590347230434418,-0.4267653226852417,-0.16711169481277466,
24,0.800587,15,right_elbow,0.11583305150270462,-0.25591835379600525,-0.301697701215744,
24,0.800587,16,right_wrist,0.22603678703308105,-0.11582568287849426,-0.39615508913993835,
25,0.833945,0,hip_center,-0.0026777577586472034,-8.768367479206063e-06,0.001229194924235344,
25,0.833945,1,right_hip,-0.027046313509345055,0.0034730795305222273,-0.10227207839488983,
25,0.833945,2,right_knee,0.026750681921839714,0.3624454736709595,-0.034236326813697815,
25,0.833945,3,right_ankle,-2.9334798455238342e-05,0.7017965316772461,0.013180185109376907,
25,0.833945,4,left_hip,0.021696629002690315,-0.003493267111480236,0.10473077744245529,
25,0.833945,5,left_knee,0.04165598005056381,0.33375343680381775,0.136026069521904,
25,0.833945,6,left_ankle,0.013733046129345894,0.6575132012367249,0.1554042547941208,
25,0.833945,7,spine,0.073040671646595,-0.2007073014974594,-0.025303367525339127,
25,0.833945,8,thorax,0.14876651763916016,-0.4014011025428772,-0.05184279754757881,
25,0.833945,9,neck,0.22095590829849243,-0.42755964398384094,-0.0570586621761322,
25,0.833945,10,head,0.29360803961753845,-0.4525456428527832,-0.062161412090063095,
25,0.833945,11,left_shoulder,0.17071747779846191,-0.38090282678604126,0.06400083005428314,
25,0.833945,12,left_elbow,0.1628843992948532,-0.16667440533638,0.14521020650863647,
25,0.833945,13,left_wrist,0.2459101676940918,0.016392797231674194,0.13331884145736694,
25,0.833945,14,right_shoulder,0.12806300818920135,-0.4248809218406677,-0.16734682023525238,
25,0.833945,15,right_elbow,0.11960682272911072,-0.24310998618602753,-0.2868930697441101,
25,0.833945,16,right_wrist,0.2183774709701538,-0.08404608070850372,-0.36196672916412354,
26,0.867303,0,hip_center,-0.002679317956790328,1.9478839021758176e-06,0.001208912581205368,
26,0.867303,1,right_hip,-0.02680240198969841,0.003506195731461048,-0.10234908759593964,
26,0.867303,2,right_knee,0.02695927768945694,0.36249786615371704,-0.034387461841106415,
26,0.867303,3,right_ankle,0.00010852143168449402,0.7018411159515381,0.01304512470960617,
26,0.867303,4,left_hip,0.021448705345392227,-0.003504403866827488,0.10476745665073395,
26,0.867303,5,left_knee,0.04088802635669708,0.33380112051963806,0.13575482368469238,
26,0.867303,6,left_ankle,0.01379651203751564,0.6576286554336548,0.15518012642860413,
26,0.867303,7,spine,0.07364482432603836,-0.20048066973686218,-0.025220245122909546,
26,0.867303,8,thorax,0.14998656511306763,-0.40095484256744385,-0.05165501683950424,
26,0.867303,9,neck,0.22218874096870422,-0.4271751642227173,-0.05635879933834076,
26,0.867303,10,head,0.2946898341178894,-0.45268574357032776,-0.0609927698969841,
26,0.867303,11,left_shoulder,0.17048482596874237,-0.38071703910827637,0.06450014561414719,
26,0.867303,12,left_elbow,0.1628105789422989,-0.16620340943336487,0.1449684500694275,
26,0.867303,13,left_wrist,0.2458094209432602,0.016832247376441956,0.13242125511169434,
26,0.867303,14,right_shoulder,0.13024315237998962,-0.42294806241989136,-0.16761885583400726,
26,0.867303,15,right_elbow,0.12364518642425537,-0.23288218677043915,-0.27361375093460083,
26,0.867303,16,right_wrist,0.2133985161781311,-0.0634227991104126,-0.336230605840683,
27,0.90066,0,hip_center,-0.0026724585331976414,9.879975550575182e-06,0.0012017328990623355,
27,0.90066,1,right_hip,-0.02657112292945385,0.0035487855784595013,-0.10240711271762848,
27,0.90066,2,right_knee,0.027115104719996452,0.3625647723674774,-0.034514300525188446,
27,0.90066,3,right_ankle,0.00018916279077529907,0.7019062638282776,0.01288808137178421,
27,0.90066,4,left_hip,0.021230392158031464,-0.003530726069584489,0.10481131821870804,
27,0.90066,5,left_knee,0.040084682404994965,0.3338261544704437,0.1356000155210495,
27,0.90066,6,left_ankle,0.013828152790665627,0.6577224135398865,0.15502679347991943,
27,0.90066,7,spine,0.07414916157722473,-0.20029498636722565,-0.025133781135082245,
27,0.90066,8,thorax,0.15099593997001648,-0.4005885720252991,-0.051473818719387054,
27,0.90066,9,neck,0.22321555018424988,-0.4268288314342499,-0.05578172206878662,
27,0.90066,10,head,0.29558926820755005,-0.45275968313217163,-0.06006057560443878,
27,0.90066,11,left_shoulder,0.17027047276496887,-0.3805922865867615,0.06493241339921951,
27,0.90066,12,left_elbow,0.16285395622253418,-0.16578786075115204,0.1446455717086792,
27,0.90066,13,left_wrist,0.24581342935562134,0.017244383692741394,0.13179224729537964,
27,0.90066,14,right_shoulder,0.13206298649311066,-0.4212971031665802,-0.16780875623226166,
27,0.90066,15,right_elbow,0.12745290994644165,-0.22532451152801514,-0.26255565881729126,
27,0.90066,16,right_wrist,0.21098744869232178,-0.050192609429359436,-0.3177264928817749,
28,0.934018,0,hip_center,-0.002665457548573613,1.5116225767997093e-05,0.001191964722238481,
28,0.934018,1,right_hip,-0.02638164721429348,0.0035842666402459145,-0.10245776176452637,
28,0.934018,2,right_knee,0.027201643213629723,0.362629234790802,-0.03463674336671829,
28,0.934018,3,right_ankle,0.0001908615231513977,0.7019733190536499,0.012698628008365631,
28,0.934018,4,left_hip,0.02105429396033287,-0.00355543103069067,0.10484259575605392,
28,0.934018,5,left_knee,0.03928288817405701,0.3338507115840912,0.13546812534332275,
28,0.934018,6,left_ankle,0.013814778998494148,0.6578115224838257,0.1548677384853363,
28,0.934018,7,spine,0.07450401782989502,-0.2001713365316391,-0.025026632472872734,
28,0.934018,8,thorax,0.15170176327228546,-0.40034544467926025,-0.05124824866652489,
28,0.934018,9,neck,0.22392842173576355,-0.4266047477722168,-0.05531538650393486,
28,0.934018,10,head,0.2962492108345032,-0.45271870493888855,-0.059369318187236786,
28,0.934018,11,left_shoulder,0.17026734352111816,-0.38052892684936523,0.06530386209487915,
28,0.934018,12,left_elbow,0.1630416214466095,-0.16549144685268402,0.1444038450717926,
28,0.934018,13,left_wrist,0.24595828354358673,0.01754903793334961,0.13139262795448303,
28,0.934018,14,right_shoulder,0.13331811130046844,-0.4204598367214203,-0.16777536273002625,
28,0.934018,15,right_elbow,0.13026510179042816,-0.2210083305835724,-0.2550293803215027,
28,0.934018,16,right_wrist,0.20959731936454773,-0.04273909330368042,-0.30621039867401123,
29,0.967376,0,hip_center,-0.0026578668039292097,1.4739966900378931e-05,0.0011834936449304223,
29,0.967376,1,right_hip,-0.02627674490213394,0.003597407601773739,-0.10248798131942749,
29,0.967376,2,right_knee,0.027194779366254807,0.362676203250885,-0.034757837653160095,
29,0.967376,3,right_ankle,9.361468255519867e-05,0.7020232677459717,0.012504573911428452,
29,0.967376,4,left_hip,0.020964069291949272,-0.003569097723811865,0.10485600680112839,
29,0.967376,5,left_knee,0.03853526711463928,0.3338842988014221,0.13534484803676605,
29,0.967376,6,left_ankle,0.013744287192821503,0.6579009890556335,0.15468886494636536,
29,0.967376,7,spine,0.07469429820775986,-0.2001183032989502,-0.02490420825779438,
29,0.967376,8,thorax,0.15207356214523315,-0.4002396762371063,-0.050993211567401886,
29,0.967376,9,neck,0.22429142892360687,-0.42653387784957886,-0.0549905002117157,
29,0.967376,10,head,0.2966461181640625,-0.45256704092025757,-0.05895834043622017,
29,0.967376,11,left_shoulder,0.17056071758270264,-0.38053786754608154,0.06559080630540848,
29,0.967376,12,left_elbow,0.16344501078128815,-0.1653437316417694,0.14427360892295837,
29,0.967376,13,left_wrist,0.2462870478630066,0.01772671937942505,0.13120850920677185,
29,0.967376,14,right_shoulder,0.1338997334241867,-0.42054814100265503,-0.16751956939697266,
29,0.967376,15,right_elbow,0.1317029893398285,-0.22040827572345734,-0.2532091438770294,
29,0.967376,16,right_wrist,0.20865917205810547,-0.04132625460624695,-0.30517446994781494,
30,1.000734,0,hip_center,-0.0026517813093960285,7.777256541885436e-06,0.0011851105373352766,
30,1.000734,1,right_hip,-0.02624153159558773,0.003593235742300749,-0.10249289870262146,
30,1.000734,2,right_knee,0.02712520770728588,0.3627046048641205,-0.03485308587551117,
30,1.000734,3,right_ankle,-6.361305713653564e-05,0.7020558714866638,0.012328952550888062,
30,1.000734,4,left_hip,0.02094058319926262,-0.0035786812659353018,0.10486426204442978,
30,1.000734,5,left_knee,0.03792877495288849,0.33391374349594116,0.1352512389421463,
30,1.000734,6,left_ankle,0.013638701289892197,0.6579731702804565,0.15451380610466003,
30,1.000734,7,spine,0.07479505985975266,-0.20010563731193542,-0.02477189712226391,
30,1.000734,8,thorax,0.15226627886295319,-0.40020859241485596,-0.05072878301143646,
30,1.000734,9,neck,0.22447854280471802,-0.4265131652355194,-0.05475921183824539,
30,1.000734,10,head,0.29691118001937866,-0.4523279368877411,-0.05873188003897667,
30,1.000734,11,left_shoulder,0.17099864780902863,-0.3805653154850006,0.06582596898078918,
30,1.000734,12,left_elbow,0.16404923796653748,-0.16525588929653168,0.14420774579048157,
30,1.000734,13,left_wrist,0.24680347740650177,0.017871752381324768,0.13138994574546814,
30,1.000734,14,right_shoulder,0.13409586250782013,-0.42104989290237427,-0.16716156899929047,
30,1.000734,15,right_elbow,0.13219882547855377,-0.22203031182289124,-0.2554287314414978,
30,1.000734,16,right_wrist,0.20808270573616028,-0.043910399079322815,-0.31206756830215454,
31,1.034092,0,hip_center,-0.0026409009005874395,-5.860479177499656e-06,0.0011987596517428756,
31,1.034092,1,right_hip,-0.026275362819433212,0.0035774351563304663,-0.10246914625167847,
31,1.034092,2,right_knee,0.027010131627321243,0.36272308230400085,-0.034947074949741364,
31,1.034092,3,right_ankle,-0.00026711635291576385,0.7020752429962158,0.012177448719739914,
31,1.034092,4,left_hip,0.020995769649744034,-0.003590025706216693,0.10486789792776108,
31,1.034092,5,left_knee,0.03749614208936691,0.33393219113349915,0.1351928412914276,
31,1.034092,6,left_ankle,0.013525428250432014,0.6580227613449097,0.1543322056531906,
31,1.034092,7,spine,0.07482752948999405,-0.2001142054796219,-0.02473280020058155,
31,1.034092,8,thorax,0.152317076921463,-0.4002133905887604,-0.050664011389017105,
31,1.034092,9,neck,0.22452272474765778,-0.42651471495628357,-0.05483148247003555,
31,1.034092,10,head,0.29706668853759766,-0.451999306678772,-0.05890295282006264,
31,1.034092,11,left_shoulder,0.17165501415729523,-0.38061803579330444,0.06579987704753876,
31,1.034092,12,left_elbow,0.16491533815860748,-0.16526488959789276,0.14407974481582642,
31,1.034092,13,left_wrist,0.24759411811828613,0.01792764663696289,0.1317104548215866,
31,1.034092,14,right_shoulder,0.13389717042446136,-0.42183616757392883,-0.1669149398803711,
31,1.034092,15,right_elbow,0.1318318396806717,-0.22581352293491364,-0.2616479992866516,
31,1.034092,16,right_wrist,0.20813803374767303,-0.05008454620838165,-0.3248121738433838,
32,1.067449,0,hip_center,-0.0026267431676387787,-1.8234970411867835e-05,0.0012189117260277271,
32,1.067449,1,right_hip,-0.02636636234819889,0.0035453387536108494,-0.10242563486099243,
32,1.067449,2,right_knee,0.026894768700003624,0.3627221882343292,-0.03505069762468338,
32,1.067449,3,right_ankle,-0.0004698093980550766,0.7020835280418396,0.011956743896007538,
32,1.067449,4,left_hip,0.021114805713295937,-0.0035825667437165976,0.10486477613449097,
32,1.067449,5,left_knee,0.037299662828445435,0.3339579999446869,0.13515561819076538,
32,1.067449,6,left_ankle,0.013455543667078018,0.6580634117126465,0.154200479388237,
32,1.067449,7,spine,0.07486052811145782,-0.2001137137413025,-0.024755772203207016,
32,1.067449,8,thorax,0.15236623585224152,-0.4002010226249695,-0.05073031783103943,
32,1.067449,9,neck,0.2245623767375946,-0.4265138804912567,-0.05498894304037094,
32,1.067449,10,head,0.29720479249954224,-0.45170754194259644,-0.05911607667803764,
32,1.067449,11,left_shoulder,0.172395259141922,-0.3806319236755371,0.06562112271785736,
32,1.067449,12,left_elbow,0.16597405076026917,-0.16522951424121857,0.14379210770130157,
32,1.067449,13,left_wrist,0.24864816665649414,0.017993837594985962,0.13185574114322662,
32,1.067449,14,right_shoulder,0.1335901916027069,-0.4225558042526245,-0.16678565740585327,
32,1.067449,15,right_elbow,0.13134081661701202,-0.22896134853363037,-0.26638296246528625,
32,1.067449,16,right_wrist,0.2076532393693924,-0.05573968589305878,-0.3361230790615082,
33,1.100807,0,hip_center,-0.0026105130091309547,-3.123180795228109e-05,0.001247334759682417,
33,1.100807,1,right_hip,-0.02654377743601799,0.003487000474706292,-0.10235422849655151,
33,1.100807,2,right_knee,0.026787512004375458,0.36269325017929077,-0.03519199788570404,
33,1.100807,3,right_ankle,-0.0006558354943990707,0.7020671963691711,0.011678412556648254,
33,1.100807,4,left_hip,0.021324560046195984,-0.003550144610926509,0.10485022515058517,
33,1.100807,5,left_knee,0.03735731169581413,0.33400076627731323,0.13510634005069733,
33,1.100807,6,left_ankle,0.013438230380415916,0.6581048965454102,0.1540793776512146,
33,1.100807,7,spine,0.07491004467010498,-0.20010139048099518,-0.02482287585735321,
33,1.100807,8,thorax,0.1524468958377838,-0.4001641869544983,-0.050893109291791916,
33,1.100807,9,neck,0.22464841604232788,-0.42645594477653503,-0.05519057810306549,
33,1.100807,10,head,0.29738008975982666,-0.45138901472091675,-0.059327609837055206,
33,1.100807,11,left_shoulder,0.17329680919647217,-0.38053736090660095,0.06530430912971497,
33,1.100807,12,left_elbow,0.1672898381948471,-0.1650640368461609,0.14331264793872833,
33,1.100807,13,left_wrist,0.249974325299263,0.018169060349464417,0.13159987330436707,
33,1.100807,14,right_shoulder,0.13312342762947083,-0.42317062616348267,-0.16673102974891663,
33,1.100807,15,right_elbow,0.13067466020584106,-0.23120632767677307,-0.26943060755729675,
33,1.100807,16,right_wrist,0.20560693740844727,-0.05975356698036194,-0.34481048583984375,
34,1.134165,0,hip_center,-0.0025913508143275976,-4.9183414375875145e-05,0.0012853712541982532,
34,1.134165,1,right_hip,-0.02682739682495594,0.003408301156014204,-0.10224782675504684,
34,1.134165,2,right_knee,0.02669159509241581,0.362640380859375,-0.03537328541278839,
34,1.134165,3,right_ankle,-0.0008243639022111893,0.7020214796066284,0.011402539908885956,
34,1.134165,4,left_hip,0.02164660580456257,-0.003507315181195736,0.10481986403465271,
34,1.134165,5,left_knee,0.03769152611494064,0.334045946598053,0.13504323363304138,
34,1.134165,6,left_ankle,0.013468621298670769,0.6581305265426636,0.15396538376808167,
34,1.134165,7,spine,0.07496339827775955,-0.20008763670921326,-0.02492607571184635,
34,1.134165,8,thorax,0.1525323987007141,-0.4001195430755615,-0.05113748461008072,
34,1.134165,9,neck,0.2247541844844818,-0.42634832859039307,-0.055479034781455994,
34,1.134165,10,head,0.2975694537162781,-0.4510326385498047,-0.05963745713233948,
34,1.134165,11,left_shoulder,0.17440229654312134,-0.38036835193634033,0.06485116481781006,
34,1.134165,12,left_elbow,0.16890518367290497,-0.16481620073318481,0.14267908036708832,
34,1.134165,13,left_wrist,0.2515915334224701,0.018420398235321045,0.1310342401266098,
34,1.134165,14,right_shoulder,0.1324169933795929,-0.42370662093162537,-0.16672354936599731,
34,1.134165,15,right_elbow,0.12972788512706757,-0.23334930837154388,-0.27236610651016235,
34,1.134165,16,right_wrist,0.20315372943878174,-0.06341961026191711,-0.3525257110595703,
35,1.167523,0,hip_center,-0.0025730610359460115,-6.890016084071249e-05,0.0013254780787974596,
35,1.167523,1,right_hip,-0.027188174426555634,0.0033189067617058754,-0.1021205484867096,
35,1.167523,2,right_knee,0.026635196059942245,0.36257070302963257,-0.03559722751379013,
35,1.167523,3,right_ankle,-0.0009563807398080826,0.7019495964050293,0.011149924248456955,
35,1.167523,4,left_hip,0.022044235840439796,-0.003457354148849845,0.10477273911237717,
35,1.167523,5,left_knee,0.03829994052648544,0.33408844470977783,0.13496682047843933,
35,1.167523,6,left_ankle,0.013554083183407784,0.6581348180770874,0.153866246342659,
35,1.167523,7,spine,0.07506167143583298,-0.20005203783512115,-0.025070518255233765,
35,1.167523,8,thorax,0.15270918607711792,-0.40002912282943726,-0.05146699771285057,
35,1.167523,9,neck,0.22496727108955383,-0.42615002393722534,-0.055854666978120804,
35,1.167523,10,head,0.2978495955467224,-0.45062994956970215,-0.06004655361175537,
35,1.167523,11,left_shoulder,0.17567598819732666,-0.3801080584526062,0.06428033113479614,
35,1.167523,12,left_elbow,0.1707986444234848,-0.16447103023529053,0.1419142186641693,
35,1.167523,13,left_wrist,0.25346770882606506,0.018767714500427246,0.1301807016134262,
35,1.167523,14,right_shoulder,0.1316329687833786,-0.42401307821273804,-0.1667999029159546,
35,1.167523,15,right_elbow,0.1286620795726776,-0.23488666117191315,-0.27462321519851685,
35,1.167523,16,right_wrist,0.2006622850894928,-0.06587481498718262,-0.3579537868499756,
36,1.200881,0,hip_center,-0.002551301848143339,-8.105280721792951e-05,0.0013620037352666259,
36,1.200881,1,right_hip,-0.027589306235313416,0.0032197320833802223,-0.10198530554771423,
36,1.200881,2,right_knee,0.026653103530406952,0.36248087882995605,-0.03585421293973923,
36,1.200881,3,right_ankle,-0.001032162457704544,0.7018569707870483,0.010857857763767242,
36,1.200881,4,left_hip,0.02248935028910637,-0.003382485592737794,0.1047104224562645,
36,1.200881,5,left_knee,0.03920166194438934,0.3341464400291443,0.13484425842761993,
36,1.200881,6,left_ankle,0.013704091310501099,0.6581310033798218,0.15380394458770752,
36,1.200881,7,spine,0.07523655891418457,-0.19997179508209229,-0.025281867012381554,
36,1.200881,8,thorax,0.15303637087345123,-0.3998565971851349,-0.05192754045128822,
36,1.200881,9,neck,0.2253502607345581,-0.42584681510925293,-0.05616943910717964,
36,1.200881,10,head,0.2982679605484009,-0.45024561882019043,-0.06021646782755852,
36,1.200881,11,left_shoulder,0.17700648307800293,-0.37972450256347656,0.06357960402965546,
36,1.200881,12,left_elbow,0.17288115620613098,-0.1639755517244339,0.1409456729888916,
36,1.200881,13,left_wrist,0.25554612278938293,0.019247233867645264,0.12893743813037872,
36,1.200881,14,right_shoulder,0.13092702627182007,-0.4239083528518677,-0.1670527160167694,
36,1.200881,15,right_elbow,0.12748181819915771,-0.2344910204410553,-0.27434995770454407,
36,1.200881,16,right_wrist,0.19743168354034424,-0.06579168140888214,-0.3600270748138428,
37,1.234238,0,hip_center,-0.0025212340988218784,-8.547361358068883e-05,0.0013998700305819511,
37,1.234238,1,right_hip,-0.028009478002786636,0.0031200486700981855,-0.10184032469987869,
37,1.234238,2,right_knee,0.0267479307949543,0.362384170293808,-0.03615131974220276,
37,1.234238,3,right_ankle,-0.001056123524904251,0.7017529606819153,0.01054340973496437,
37,1.234238,4,left_hip,0.02297040820121765,-0.0032916173804551363,0.10464097559452057,
37,1.234238,5,left_knee,0.040369968861341476,0.33420583605766296,0.13473838567733765,
37,1.234238,6,left_ankle,0.013913793489336967,0.6581071615219116,0.15380579233169556,
37,1.234238,7,spine,0.075478695333004,-0.19985245168209076,-0.02555057406425476,
37,1.234238,8,thorax,0.15349042415618896,-0.3996132016181946,-0.05250517278909683,
37,1.234238,9,neck,0.22588655352592468,-0.4254126250743866,-0.05650177597999573,
37,1.234238,10,head,0.29880982637405396,-0.4498310387134552,-0.06032375246286392,
37,1.234238,11,left_shoulder,0.17834100127220154,-0.379236102104187,0.0627727136015892,
37,1.234238,12,left_elbow,0.17506210505962372,-0.16336046159267426,0.1398252546787262,
37,1.234238,13,left_wrist,0.2577371895313263,0.01983208954334259,0.12743152678012848,
37,1.234238,14,right_shoulder,0.1302870213985443,-0.42337194085121155,-0.16747578978538513,
37,1.234238,15,right_elbow,0.1264810860157013,-0.23228543996810913,-0.2717588543891907,
37,1.234238,16,right_wrist,0.19441114366054535,-0.06330324709415436,-0.3584972023963928,
38,1.267596,0,hip_center,-0.0024827332235872746,-8.265426731668413e-05,0.0014404657995328307,
38,1.267596,1,right_hip,-0.028431855142116547,0.0030265632085502148,-0.10168779641389847,
38,1.267596,2,right_knee,0.02691621705889702,0.36228621006011963,-0.036471039056777954,
38,1.267596,3,right_ankle,-0.0010451320558786392,0.7016415596008301,0.010227486491203308,
38,1.267596,4,left_hip,0.023470843210816383,-0.003192419884726405,0.10456936806440353,
38,1.267596,5,left_knee,0.04176955670118332,0.33425915241241455,0.13464754819869995,
38,1.267596,6,left_ankle,0.01416885294020176,0.6580566763877869,0.15385562181472778,
38,1.267596,7,spine,0.07575394213199615,-0.19971075654029846,-0.02585068717598915,
38,1.267596,8,thorax,0.15400287508964539,-0.3993319869041443,-0.053149282932281494,
38,1.267596,9,neck,0.22649799287319183,-0.4248911738395691,-0.056886833161115646,
38,1.267596,10,head,0.2994037866592407,-0.4493952691555023,-0.060487329959869385,
38,1.267596,11,left_shoulder,0.1796349287033081,-0.37869906425476074,0.06191179156303406,
38,1.267596,12,left_elbow,0.17725390195846558,-0.1626853197813034,0.13860946893692017,
38,1.267596,13,left_wrist,0.2599310576915741,0.020481571555137634,0.12585559487342834,
38,1.267596,14,right_shoulder,0.12967196106910706,-0.42253807187080383,-0.16799962520599365,
38,1.267596,15,right_elbow,0.12565957009792328,-0.2290433943271637,-0.2677353024482727,
38,1.267596,16,right_wrist,0.1919657289981842,-0.059198394417762756,-0.35404399037361145,
39,1.300954,0,hip_center,-0.002441350370645523,-7.566972635686398e-05,0.00147744151763618,
39,1.300954,1,right_hip,-0.02883097715675831,0.002951333997771144,-0.1015414223074913,
39,1.300954,2,right_knee,0.027158012613654137,0.36219584941864014,-0.036790065467357635,
39,1.300954,3,right_ankle,-0.0010040905326604843,0.7015328407287598,0.009921524673700333,
39,1.300954,4,left_hip,0.02395385131239891,-0.0031031109392642975,0.10449664294719696,
39,1.300954,5,left_knee,0.04331487417221069,0.3342907130718231,0.13455767929553986,
39,1.300954,6,left_ankle,0.014456743374466896,0.6579685807228088,0.15393419563770294,
39,1.300954,7,spine,0.07603193819522858,-0.1995619833469391,-0.02616877108812332,
39,1.300954,8,thorax,0.154518261551857,-0.399040549993515,-0.05382629856467247,
39,1.300954,9,neck,0.2271008938550949,-0.42437583208084106,-0.05738576129078865,
39,1.300954,10,head,0.29997605085372925,-0.44899046421051025,-0.0608501173555851,
39,1.300954,11,left_shoulder,0.1808696985244751,-0.37822386622428894,0.061038997024297714,
39,1.300954,12,left_elbow,0.17933715879917145,-0.1620904803276062,0.13742060959339142,
39,1.300954,13,left_wrist,0.2620118260383606,0.02105611562728882,0.12436258792877197,
39,1.300954,14,right_shoulder,0.12911027669906616,-0.4216143488883972,-0.16856937110424042,
39,1.300954,15,right_elbow,0.12494609504938126,-0.2259264439344406,-0.26392343640327454,
39,1.300954,16,right_wrist,0.1902104616165161,-0.0552547425031662,-0.34939131140708923,
40,1.334312,0,hip_center,-0.0023964960128068924,-6.40146536170505e-05,0.0015083126490935683,
40,1.334312,1,right_hip,-0.029175614938139915,0.0028995072934776545,-0.1014118492603302,
40,1.334312,2,right_knee,0.027478696778416634,0.36211633682250977,-0.03708702325820923,
40,1.334312,3,right_ankle,-0.0009320974349975586,0.7014303207397461,0.009640693664550781,
40,1.334312,4,left_hip,0.02438926510512829,-0.0030278332997113466,0.10442851483821869,
40,1.334312,5,left_knee,0.04493971914052963,0.3342955410480499,0.13449066877365112,
40,1.334312,6,left_ankle,0.01476757600903511,0.6578421592712402,0.15405717492103577,
40,1.334312,7,spine,0.0763089656829834,-0.1994105577468872,-0.026484014466404915,
40,1.334312,8,thorax,0.1550282984972,-0.3987484574317932,-0.05449146032333374,
40,1.334312,9,neck,0.2276810109615326,-0.4238930940628052,-0.05797215923666954,
40,1.334312,10,head,0.30051568150520325,-0.44863247871398926,-0.06139947474002838,
40,1.334312,11,left_shoulder,0.18199321627616882,-0.37783995270729065,0.06021467596292496,
40,1.334312,12,left_elbow,0.18120306730270386,-0.1616073101758957,0.1363261342048645,
40,1.334312,13,left_wrist,0.26388469338417053,0.02152259647846222,0.12307970225811005,
40,1.334312,14,right_shoulder,0.12866587936878204,-0.4206526577472687,-0.1691489815711975,
40,1.334312,15,right_elbow,0.12444037199020386,-0.22302325069904327,-0.26040828227996826,
40,1.334312,16,right_wrist,0.1891721487045288,-0.05154235661029816,-0.3446526527404785,
41,1.36767,0,hip_center,-0.0023477557115256786,-4.978814467904158e-05,0.0015334660420194268,
41,1.36767,1,right_hip,-0.029446851462125778,0.002873106626793742,-0.1013040766119957,
41,1.36767,2,right_knee,0.02787453681230545,0.3620494604110718,-0.03734520822763443,
41,1.36767,3,right_ankle,-0.0008340887725353241,0.7013348340988159,0.009408451616764069,
41,1.36767,4,left_hip,0.024758895859122276,-0.002972841262817383,0.10437078028917313,
41,1.36767,5,left_knee,0.046590715646743774,0.3342667818069458,0.1344691962003708,
41,1.36767,6,left_ankle,0.015091262757778168,0.6576739549636841,0.1542472541332245,
41,1.36767,7,spine,0.07657962292432785,-0.19926239550113678,-0.02678537555038929,
41,1.36767,8,thorax,0.15552158653736115,-0.3984655737876892,-0.05512263998389244,
41,1.36767,9,neck,0.22822462022304535,-0.4234607517719269,-0.05862881988286972,
41,1.36767,10,head,0.301007479429245,-0.4483430087566376,-0.06212173029780388,
41,1.36767,11,left_shoulder,0.18293513357639313,-0.37756505608558655,0.059478554874658585,
41,1.36767,12,left_elbow,0.18275342881679535,-0.1612514853477478,0.13536357879638672,
41,1.36767,13,left_wrist,0.2654767334461212,0.021855756640434265,0.12206415086984634,
41,1.36767,14,right_shoulder,0.128387451171875,-0.41965848207473755,-0.16973379254341125,
41,1.36767,15,right_elbow,0.12430264800786972,-0.22017453610897064,-0.25687140226364136,
41,1.36767,16,right_wrist,0.18891790509223938,-0.047826528549194336,-0.3394186496734619,
42,1.401027,0,hip_center,-0.002297440078109503,-3.559026663424447e-05,0.0015551685355603695,
42,1.401027,1,right_hip,-0.02961990237236023,0.0028768812771886587,-0.10122353583574295,
42,1.401027,2,right_knee,0.028338037431240082,0.36200186610221863,-0.03755021095275879,
42,1.401027,3,right_ankle,-0.0007242020219564438,0.7012535929679871,0.009228825569152832,
42,1.401027,4,left_hip,0.025033123791217804,-0.002948121866211295,0.10433350503444672,
42,1.401027,5,left_knee,0.04819411784410477,0.33419641852378845,0.13450372219085693,
42,1.401027,6,left_ankle,0.01540706679224968,0.6574611663818359,0.15451620519161224,
42,1.401027,7,spine,0.07682763040065765,-0.19912786781787872,-0.027056772261857986,
42,1.401027,8,thorax,0.1559675633907318,-0.39821022748947144,-0.05568947643041611,
42,1.401027,9,neck,0.22869542241096497,-0.42311224341392517,-0.05934076011180878,
42,1.401027,10,head,0.3014201521873474,-0.4481382966041565,-0.06301209330558777,
42,1.401027,11,left_shoulder,0.18364211916923523,-0.37744131684303284,0.05887290835380554,
42,1.401027,12,left_elbow,0.18390941619873047,-0.1610676646232605,0.13458622992038727,
42,1.401027,13,left_wrist,0.26670587062835693,0.022013336420059204,0.12138067930936813,
42,1.401027,14,right_shoulder,0.1283014714717865,-0.4186985194683075,-0.17030158638954163,
42,1.401027,15,right_elbow,0.12461352348327637,-0.21752041578292847,-0.2534716725349426,
42,1.401027,16,right_wrist,0.1895439624786377,-0.044237151741981506,-0.333783358335495,
43,1.434385,0,hip_center,-0.002247862983494997,-2.3599874111823738e-05,0.0015691976295784116,
43,1.434385,1,right_hip,-0.02968394011259079,0.0029118498787283897,-0.10117858648300171,
43,1.434385,2,right_knee,0.02886350080370903,0.3619755208492279,-0.03769943118095398,
43,1.434385,3,right_ankle,-0.0006011929363012314,0.7011896967887878,0.00910041481256485,
43,1.434385,4,left_hip,0.025196345522999763,-0.002959067467600107,0.1043165996670723,
43,1.434385,5,left_knee,0.049687303602695465,0.33408141136169434,0.13459907472133636,
43,1.434385,6,left_ankle,0.01571602374315262,0.6572083830833435,0.1548599898815155,
43,1.434385,7,spine,0.07704475522041321,-0.19901242852210999,-0.02729753404855728,
43,1.434385,8,thorax,0.15635189414024353,-0.39799124002456665,-0.056186266243457794,
43,1.434385,9,neck,0.2290707528591156,-0.42287683486938477,-0.06011780723929405,
43,1.434385,10,head,0.3017353117465973,-0.44803133606910706,-0.06409058719873428,
43,1.434385,11,left_shoulder,0.1840919852256775,-0.3775004744529724,0.05841034650802612,
43,1.434385,12,left_elbow,0.1846306174993515,-0.16109389066696167,0.1340281069278717,
43,1.434385,13,left_wrist,0.26753005385398865,0.02195604145526886,0.12103995680809021,
43,1.434385,14,right_shoulder,0.1284429430961609,-0.41784408688545227,-0.17085132002830505,
43,1.434385,15,right_elbow,0.12538602948188782,-0.21521182358264923,-0.25043970346450806,
43,1.434385,16,right_wrist,0.1910385638475418,-0.04097829759120941,-0.328063428401947,
44,1.467743,0,hip_center,-0.002198769710958004,-1.3709726772503927e-05,0.0015723471296951175,
44,1.467743,1,right_hip,-0.029622726142406464,0.0029789807740598917,-0.10117702186107635,
44,1.467743,2,right_knee,0.029442783445119858,0.3619736135005951,-0.037787340581417084,
44,1.467743,3,right_ankle,-0.0004765130579471588,0.7011458277702332,0.009028114378452301,
44,1.467743,4,left_hip,0.02523278445005417,-0.0030064270831644535,0.10432146489620209,
44,1.467743,5,left_knee,0.051035042852163315,0.33392202854156494,0.13476085662841797,
44,1.467743,6,left_ankle,0.016005877405405045,0.6569200754165649,0.15527406334877014,
44,1.467743,7,spine,0.07724598050117493,-0.1989113986492157,-0.027503354474902153,
44,1.467743,8,thorax,0.15670454502105713,-0.3977993130683899,-0.056601110845804214,
44,1.467743,9,neck,0.2293758988380432,-0.4227583110332489,-0.06092619523406029,
44,1.467743,10,head,0.30197858810424805,-0.4480246305465698,-0.06530021876096725,
44,1.467743,11,left_shoulder,0.1842517852783203,-0.37774497270584106,0.058119166642427444,
44,1.467743,12,left_elbow,0.18485885858535767,-0.1613343209028244,0.13372468948364258,
44,1.467743,13,left_wrist,0.2679033577442169,0.02167363464832306,0.12107604742050171,
44,1.467743,14,right_shoulder,0.12892092764377594,-0.41710907220840454,-0.17138926684856415,
44,1.467743,15,right_elbow,0.1267409473657608,-0.2132462114095688,-0.24780043959617615,
44,1.467743,16,right_wrist,0.19336894154548645,-0.03808453679084778,-0.3224470019340515,
45,1.501101,0,hip_center,-0.002148252446204424,-3.4838049032259732e-06,0.001562510384246707,
45,1.501101,1,right_hip,-0.029424984008073807,0.0030839971732348204,-0.10122323036193848,
45,1.501101,2,right_knee,0.030075494199991226,0.3620031177997589,-0.0378127247095108,
45,1.501101,3,right_ankle,-0.00034857355058193207,0.7011269927024841,0.009027667343616486,
45,1.501101,4,left_hip,0.025134995579719543,-0.003090981626883149,0.1043483167886734,
45,1.501101,5,left_knee,0.05224015191197395,0.33371701836586,0.1349881887435913,
45,1.501101,6,left_ankle,0.016272444278001785,0.6565954685211182,0.15575949847698212,
45,1.501101,7,spine,0.07744859158992767,-0.19881729781627655,-0.027670441195368767,
45,1.501101,8,thorax,0.15705859661102295,-0.3976217210292816,-0.056924380362033844,
45,1.501101,9,neck,0.2296433299779892,-0.42274221777915955,-0.06174119934439659,
45,1.501101,10,head,0.30218127369880676,-0.44810518622398376,-0.06660284847021103,
45,1.501101,11,left_shoulder,0.1841471791267395,-0.3781464099884033,0.05800468474626541,
45,1.501101,12,left_elbow,0.18467915058135986,-0.16175079345703125,0.13365381956100464,
45,1.501101,13,left_wrist,0.2679034471511841,0.021204546093940735,0.12143304944038391,
45,1.501101,14,right_shoulder,0.12977488338947296,-0.416494220495224,-0.1719050109386444,
45,1.501101,15,right_elbow,0.12871818244457245,-0.21156391501426697,-0.2454301118850708,
45,1.501101,16,right_wrist,0.19644981622695923,-0.035505861043930054,-0.31690746545791626,
46,1.534459,0,hip_center,-0.0020955917425453663,9.1437414084794e-06,0.0015388079918920994,
46,1.534459,1,right_hip,-0.029087653383612633,0.003232955699786544,-0.1013178750872612,
46,1.534459,2,right_knee,0.030765773728489876,0.36206814646720886,-0.03776458650827408,
46,1.534459,3,right_ankle,-0.00020265020430088043,0.7011383771896362,0.009107459336519241,
46,1.534459,4,left_hip,0.024901341646909714,-0.0032145881559699774,0.10439600050449371,
46,1.534459,5,left_knee,0.05331965535879135,0.333463191986084,0.1352757215499878,
46,1.534459,6,left_ankle,0.01652603968977928,0.6562319993972778,0.15630239248275757,
46,1.534459,7,spine,0.07768116891384125,-0.198715478181839,-0.02780991792678833,
46,1.534459,8,thorax,0.15747109055519104,-0.397430956363678,-0.05717787891626358,
46,1.534459,9,neck,0.22992852330207825,-0.4227989912033081,-0.06257844716310501,
46,1.534459,10,head,0.30239346623420715,-0.44825446605682373,-0.06801169365644455,
46,1.534459,11,left_shoulder,0.18384253978729248,-0.3786761462688446,0.05803745239973068,
46,1.534459,12,left_elbow,0.18426111340522766,-0.16230641305446625,0.13376133143901825,
46,1.534459,13,left_wrist,0.2676886320114136,0.020587638020515442,0.12201830744743347,
46,1.534459,14,right_shoulder,0.1310601383447647,-0.41595086455345154,-0.17241933941841125,
46,1.534459,15,right_elbow,0.13124890625476837,-0.21008390188217163,-0.24328720569610596,
46,1.534459,16,right_wrist,0.20014815032482147,-0.033207863569259644,-0.3115571439266205,
47,1.567816,0,hip_center,-0.0020364830270409584,2.3652555682929233e-05,0.0015013098018243909,
47,1.567816,1,right_hip,-0.028601951897144318,0.0034332778304815292,-0.10146039724349976,
47,1.567816,2,right_knee,0.03152432665228844,0.3621732294559479,-0.037627555429935455,
47,1.567816,3,right_ankle,-1.6357749700546265e-05,0.7011805772781372,0.00931740552186966,
47,1.567816,4,left_hip,0.024532560259103775,-0.0033857363741844893,0.10446386784315109,
47,1.567816,5,left_knee,0.054297275841236115,0.3331497311592102,0.13562548160552979,
47,1.567816,6,left_ankle,0.016783419996500015,0.6558173894882202,0.156929612159729,
47,1.567816,7,spine,0.07795988023281097,-0.19860133528709412,-0.027924133464694023,
47,1.567816,8,thorax,0.1579703986644745,-0.3972170352935791,-0.05736658349633217,
47,1.567816,9,neck,0.23026195168495178,-0.42291146516799927,-0.06340915709733963,
47,1.567816,10,head,0.30264174938201904,-0.44846782088279724,-0.06946814060211182,
47,1.567816,11,left_shoulder,0.1833820790052414,-0.3793315589427948,0.058202121406793594,
47,1.567816,12,left_elbow,0.18371343612670898,-0.16299651563167572,0.1340254843235016,
47,1.567816,13,left_wrist,0.2673732042312622,0.019824936985969543,0.12281638383865356,
47,1.567816,14,right_shoulder,0.13278008997440338,-0.41542646288871765,-0.17293033003807068,
47,1.567816,15,right_elbow,0.13432791829109192,-0.20870175957679749,-0.24123844504356384,
47,1.567816,16,right_wrist,0.2043668031692505,-0.031066030263900757,-0.30630093812942505,
48,1.601174,0,hip_center,-0.0019677721429616213,4.431363777257502e-05,0.001452018739655614,
48,1.601174,1,right_hip,-0.02795526757836342,0.0037003185134381056,-0.10164864361286163,
48,1.601174,2,right_knee,0.032375916838645935,0.3623301088809967,-0.037391647696495056,
48,1.601174,3,right_ankle,0.00022185221314430237,0.7012627720832825,0.009676612913608551,
48,1.601174,4,left_hip,0.024025291204452515,-0.0036111457739025354,0.10455307364463806,
48,1.601174,5,left_knee,0.05522129684686661,0.3327637314796448,0.13604694604873657,
48,1.601174,6,left_ankle,0.017059609293937683,0.6553350687026978,0.15765686333179474,
48,1.601174,7,spine,0.07832173258066177,-0.19845470786094666,-0.02802492305636406,
48,1.601174,8,thorax,0.1586281955242157,-0.3969436585903168,-0.05751650407910347,
48,1.601174,9,neck,0.23071709275245667,-0.4230360984802246,-0.06423652172088623,
48,1.601174,10,head,0.30299079418182373,-0.4487268328666687,-0.07095720618963242,
48,1.601174,11,left_shoulder,0.18280629813671112,-0.38009822368621826,0.05847237631678581,
48,1.601174,12,left_elbow,0.18313346803188324,-0.163810133934021,0.13442955911159515,
48,1.601174,13,left_wrist,0.2671043276786804,0.018903061747550964,0.12379628419876099,
48,1.601174,14,right_shoulder,0.135014608502388,-0.41479331254959106,-0.173468679189682,
48,1.601174,15,right_elbow,0.1380239725112915,-0.20723377168178558,-0.23914575576782227,
48,1.601174,16,right_wrist,0.2090897262096405,-0.02888426184654236,-0.301066130399704,
49,1.634532,0,hip_center,-0.0018901024013757706,7.302867015823722e-05,0.0013926425017416477,
49,1.634532,1,right_hip,-0.02717996947467327,0.004029187839478254,-0.10187029838562012,
49,1.634532,2,right_knee,0.03330247104167938,0.36254051327705383,-0.037096455693244934,
49,1.634532,3,right_ankle,0.0005025193095207214,0.7013901472091675,0.01012340933084488,
49,1.634532,4,left_hip,0.02340841479599476,-0.003882068209350109,0.10465526580810547,
49,1.634532,5,left_knee,0.05610049515962601,0.332316130399704,0.1365157961845398,
49,1.634532,6,left_ankle,0.017343636602163315,0.6547951698303223,0.15844155848026276,
49,1.634532,7,spine,0.07876095175743103,-0.19827419519424438,-0.028119053691625595,
49,1.634532,8,thorax,0.15943363308906555,-0.3966097831726074,-0.05764302611351013,
49,1.634532,9,neck,0.2312926948070526,-0.42314043641090393,-0.06507167220115662,
49,1.634532,10,head,0.3034447431564331,-0.44898122549057007,-0.07248833775520325,
49,1.634532,11,left_shoulder,0.18216055631637573,-0.38095822930336,0.058805614709854126,
49,1.634532,12,left_elbow,0.18259023129940033,-0.16474810242652893,0.1349838823080063,
49,1.634532,13,left_wrist,0.2669270634651184,0.017834216356277466,0.12502001225948334,
49,1.634532,14,right_shoulder,0.13768446445465088,-0.41403818130493164,-0.17402318120002747,
49,1.634532,15,right_elbow,0.1421259641647339,-0.20567123591899872,-0.23700717091560364,
49,1.634532,16,right_wrist,0.2140578329563141,-0.02661818265914917,-0.2958190143108368,
50,1.66789,0,hip_center,-0.0018010862404480577,0.00011131371138617396,0.0013207326410338283,
50,1.66789,1,right_hip,-0.026292016729712486,0.004418837837874889,-0.10212056338787079,
50,1.66789,2,right_knee,0.03430773317813873,0.36280691623687744,-0.036776863038539886,
50,1.66789,3,right_ankle,0.0008387453854084015,0.7015672922134399,0.010613974183797836,
50,1.66789,4,left_hip,0.02270272746682167,-0.004194337408989668,0.10476083308458328,
50,1.66789,5,left_knee,0.05697249621152878,0.33180785179138184,0.13702842593193054,
50,1.66789,6,left_ankle,0.017635520547628403,0.6541965007781982,0.15924926102161407,
50,1.66789,7,spine,0.07927081733942032,-0.1980602890253067,-0.028217749670147896,
50,1.66789,8,thorax,0.16037094593048096,-0.39621779322624207,-0.05776628106832504,
50,1.66789,9,neck,0.23197856545448303,-0.4232063591480255,-0.06593635678291321,
50,1.66789,10,head,0.3039984703063965,-0.44919440150260925,-0.07408652454614639,
50,1.66789,11,left_shoulder,0.18149062991142273,-0.3818894326686859,0.05915432423353195,
50,1.66789,12,left_elbow,0.18216891586780548,-0.1658051609992981,0.13568708300590515,
50,1.66789,13,left_wrist,0.2668752372264862,0.016650483012199402,0.12657283246517181,
50,1.66789,14,right_shoulder,0.14070047438144684,-0.4131833016872406,-0.17458392679691315,
50,1.66789,15,right_elbow,0.14647454023361206,-0.2040521502494812,-0.23486913740634918,
50,1.66789,16,right_wrist,0.21905095875263214,-0.02428080141544342,-0.2906181216239929,
51,1.701248,0,hip_center,-0.0017032993491739035,0.00015889236237853765,0.0012395100202411413,
51,1.701248,1,right_hip,-0.02531227469444275,0.004867786541581154,-0.10238917917013168,
51,1.701248,2,right_knee,0.035388823598623276,0.36313000321388245,-0.036451973021030426,
51,1.701248,3,right_ankle,0.0012359507381916046,0.7017934918403625,0.011142902076244354,
51,1.701248,4,left_hip,0.021923815831542015,-0.0045469580218195915,0.10486596822738647,
51,1.701248,5,left_knee,0.05790092051029205,0.33123189210891724,0.13759703934192657,
51,1.701248,6,left_ankle,0.017929404973983765,0.6535247564315796,0.16007377207279205,
51,1.701248,7,spine,0.0798279196023941,-0.19781982898712158,-0.028328046202659607,
51,1.701248,8,thorax,0.16139522194862366,-0.3957814574241638,-0.057903632521629333,
51,1.701248,9,neck,0.23274235427379608,-0.4232141077518463,-0.0668378621339798,
51,1.701248,10,head,0.304623007774353,-0.4493366479873657,-0.07575163245201111,
51,1.701248,11,left_shoulder,0.18081125617027283,-0.3828834891319275,0.059477925300598145,
51,1.701248,12,left_elbow,0.18187536299228668,-0.16702547669410706,0.136642187833786,
51,1.701248,13,left_wrist,0.2669500410556793,0.015313565731048584,0.12870073318481445,
51,1.701248,14,right_shoulder,0.14392435550689697,-0.4122048616409302,-0.1751476377248764,
51,1.701248,15,right_elbow,0.1509721875190735,-0.20233045518398285,-0.2326502799987793,
51,1.701248,16,right_wrist,0.2238762527704239,-0.021743565797805786,-0.2852467894554138,
52,1.734605,0,hip_center,-0.0015998895978555083,0.0002161953307222575,0.0011490790639072657,
52,1.734605,1,right_hip,-0.02426336146891117,0.005373867694288492,-0.10266916453838348,
52,1.734605,2,right_knee,0.036539919674396515,0.363506942987442,-0.03612736612558365,
52,1.734605,3,right_ankle,0.0016900934278964996,0.7020652294158936,0.011709924787282944,
52,1.734605,4,left_hip,0.02108774520456791,-0.00493684271350503,0.10496404021978378,
52,1.734605,5,left_knee,0.05891502648591995,0.33058494329452515,0.13824039697647095,
52,1.734605,6,left_ankle,0.01822347193956375,0.6527732014656067,0.16092351078987122,
52,1.734605,7,spine,0.08045323938131332,-0.19754008948802948,-0.028463274240493774,
52,1.734605,8,thorax,0.16255193948745728,-0.3952754735946655,-0.05808190256357193,
52,1.734605,9,neck,0.23364007472991943,-0.423112690448761,-0.06779530644416809,
52,1.734605,10,head,0.30536895990371704,-0.44937095046043396,-0.07749796658754349,
52,1.734605,11,left_shoulder,0.18014976382255554,-0.38389191031455994,0.059742122888565063,
52,1.734605,12,left_elbow,0.1817329376935959,-0.16838374733924866,0.13786935806274414,
52,1.734605,13,left_wrist,0.2671929597854614,0.013835042715072632,0.13145166635513306,
52,1.734605,14,right_shoulder,0.147367924451828,-0.4109843075275421,-0.1757415533065796,
52,1.734605,15,right_elbow,0.15568433701992035,-0.20034301280975342,-0.23018939793109894,
52,1.734605,16,right_wrist,0.22845038771629333,-0.018743976950645447,-0.27938199043273926,
53,1.767963,0,hip_center,-0.0014907130971550941,0.00028286658925935626,0.001050348742865026,
53,1.767963,1,right_hip,-0.023151852190494537,0.005929356440901756,-0.10295625776052475,
53,1.767963,2,right_knee,0.037751901894807816,0.3639315962791443,-0.03580528497695923,
53,1.767963,3,right_ankle,0.002199482172727585,0.702377438545227,0.012310139834880829,
53,1.767963,4,left_hip,0.020201247185468674,-0.005356965120881796,0.105052649974823,
53,1.767963,5,left_knee,0.059980325400829315,0.329875648021698,0.13896185159683228,
53,1.767963,6,left_ankle,0.01851452887058258,0.6519544720649719,0.1617964804172516,
53,1.767963,7,spine,0.08117460459470749,-0.19720609486103058,-0.028643328696489334,
53,1.767963,8,thorax,0.16389723122119904,-0.3946692645549774,-0.0583418570458889,
53,1.767963,9,neck,0.2347310483455658,-0.4228728413581848,-0.06882569938898087,
53,1.767963,10,head,0.3062811493873596,-0.44931432604789734,-0.07931867241859436,
53,1.767963,11,left_shoulder,0.1794373244047165,-0.3848898708820343,0.05991480126976967,
53,1.767963,12,left_elbow,0.18167951703071594,-0.1698627769947052,0.1393406093120575,
53,1.767963,13,left_wrist,0.2676182687282562,0.012185722589492798,0.13473984599113464,
53,1.767963,14,right_shoulder,0.15115982294082642,-0.40934011340141296,-0.1764250546693802,
53,1.767963,15,right_elbow,0.16092818975448608,-0.19785378873348236,-0.22723455727100372,
53,1.767963,16,right_wrist,0.23286598920822144,-0.014947578310966492,-0.2726580500602722,
54,1.801321,0,hip_center,-0.0013755325926467776,0.0003583005745895207,0.0009473641403019428,
54,1.801321,1,right_hip,-0.022022264078259468,0.006517453119158745,-0.10323631763458252,
54,1.801321,2,right_knee,0.03900114446878433,0.3643895983695984,-0.035502903163433075,
54,1.801321,3,right_ankle,0.0027155429124832153,0.7027181386947632,0.012889090925455093,
54,1.801321,4,left_hip,0.019308874383568764,-0.005791802424937487,0.10512586683034897,
54,1.801321,5,left_knee,0.06109058856964111,0.32912477850914,0.13974197208881378,
54,1.801321,6,left_ankle,0.018791813403367996,0.6510889530181885,0.16266575455665588,
54,1.801321,7,spine,0.08199936896562576,-0.19681066274642944,-0.028888704255223274,
54,1.801321,8,thorax,0.1654459685087204,-0.3939476013183594,-0.058728836476802826,
54,1.801321,9,neck,0.23602598905563354,-0.4224914610385895,-0.06997565180063248,
54,1.801321,10,head,0.3073616325855255,-0.44918563961982727,-0.08125913143157959,
54,1.801321,11,left_shoulder,0.17876984179019928,-0.38580960035324097,0.059921979904174805,
54,1.801321,12,left_elbow,0.1817450374364853,-0.17139771580696106,0.14097028970718384,
54,1.801321,13,left_wrist,0.2682541012763977,0.010417014360427856,0.1381654292345047,
54,1.801321,14,right_shoulder,0.15520602464675903,-0.40725716948509216,-0.1772156059741974,
54,1.801321,15,right_elbow,0.16663914918899536,-0.1949160248041153,-0.22394898533821106,
54,1.801321,16,right_wrist,0.23719194531440735,-0.010525166988372803,-0.2653655409812927,
55,1.834679,0,hip_center,-0.0012461900478228927,0.0004388474044390023,0.0008387941052205861,
55,1.834679,1,right_hip,-0.020861884579062462,0.0071260565891861916,-0.10351142287254333,
55,1.834679,2,right_knee,0.04032246023416519,0.3648660182952881,-0.035227105021476746,
55,1.834679,3,right_ankle,0.003261558711528778,0.7030714750289917,0.013437002897262573,
55,1.834679,4,left_hip,0.018414676189422607,-0.0062367175705730915,0.10518300533294678,
55,1.834679,5,left_knee,0.06228167563676834,0.3283332884311676,0.14056256413459778,
55,1.834679,6,left_ankle,0.01910289004445076,0.6501794457435608,0.16350233554840088,
55,1.834679,7,spine,0.08301123976707458,-0.19632065296173096,-0.02922006882727146,
55,1.834679,8,thorax,0.16736134886741638,-0.3930387496948242,-0.05928313732147217,
55,1.834679,9,neck,0.23766279220581055,-0.42195290327072144,-0.07130244374275208,
55,1.834679,10,head,0.30871981382369995,-0.44903454184532166,-0.08339190483093262,
55,1.834679,11,left_shoulder,0.1783241182565689,-0.3865494132041931,0.05971045792102814,
55,1.834679,12,left_elbow,0.18202093243598938,-0.1728832870721817,0.14267581701278687,
55,1.834679,13,left_wrist,0.26915210485458374,0.008650049567222595,0.14122769236564636,
55,1.834679,14,right_shoulder,0.1596427708864212,-0.4046439230442047,-0.1781395971775055,
55,1.834679,15,right_elbow,0.17274563014507294,-0.19153912365436554,-0.22077947854995728,
55,1.834679,16,right_wrist,0.24141481518745422,-0.005594342947006226,-0.25822415947914124,
56,1.868037,0,hip_center,-0.0011000519152730703,0.00052333262283355,0.0007316003902815282,
56,1.868037,1,right_hip,-0.019720708951354027,0.007730047218501568,-0.10376624017953873,
56,1.868037,2,right_knee,0.041675493121147156,0.36533960700035095,-0.034990981221199036,
56,1.868037,3,right_ankle,0.0038247331976890564,0.7034170031547546,0.0139542855322361,
56,1.868037,4,left_hip,0.0175735205411911,-0.006669145543128252,0.10522272437810898,
56,1.868037,5,left_knee,0.06357380002737045,0.32752498984336853,0.14143550395965576,
56,1.868037,6,left_ankle,0.019467156380414963,0.6492513418197632,0.164290651679039,
56,1.868037,7,spine,0.08431106805801392,-0.19568943977355957,-0.02964339405298233,
56,1.868037,8,thorax,0.1698494553565979,-0.39184483885765076,-0.060024090111255646,
56,1.868037,9,neck,0.2398151457309723,-0.4212224781513214,-0.07285137474536896,
56,1.868037,10,head,0.31049591302871704,-0.44889143109321594,-0.08578696846961975,
56,1.868037,11,left_shoulder,0.17837950587272644,-0.38696831464767456,0.05924546718597412,
56,1.868037,12,left_elbow,0.1826147884130478,-0.17418760061264038,0.14443093538284302,
56,1.868037,13,left_wrist,0.27056026458740234,0.006954997777938843,0.14331835508346558,
56,1.868037,14,right_shoulder,0.16458117961883545,-0.4014127552509308,-0.17919546365737915,
56,1.868037,15,right_elbow,0.17887580394744873,-0.18773218989372253,-0.21843543648719788,
56,1.868037,16,right_wrist,0.24533072113990784,-0.0003158003091812134,-0.25237447023391724,
57,1.901394,0,hip_center,-0.0009273489704355597,0.000613472773693502,0.0006374529330059886,
57,1.901394,1,right_hip,-0.018615618348121643,0.008338740095496178,-0.1039852499961853,
57,1.901394,2,right_knee,0.042954787611961365,0.36583828926086426,-0.034794874489307404,
57,1.901394,3,right_ankle,0.00429457426071167,0.7037792205810547,0.014459401369094849,
57,1.901394,4,left_hip,0.016821952536702156,-0.007094888016581535,0.10525280982255936,
57,1.901394,5,left_knee,0.06487817317247391,0.326701283454895,0.14245247840881348,
57,1.901394,6,left_ankle,0.019802920520305634,0.6483116745948792,0.1650480329990387,
57,1.901394,7,spine,0.08582310378551483,-0.19494600594043732,-0.030152201652526855,
57,1.901394,8,thorax,0.17274659872055054,-0.3904260993003845,-0.06095132976770401,
57,1.901394,9,neck,0.2423281967639923,-0.42034536600112915,-0.07459034025669098,
57,1.901394,10,head,0.31254857778549194,-0.4487672746181488,-0.08837296813726425,
57,1.901394,11,left_shoulder,0.1788899302482605,-0.3870947062969208,0.05851804465055466,
57,1.901394,12,left_elbow,0.18323932588100433,-0.17548511922359467,0.14656692743301392,
57,1.901394,13,left_wrist,0.27265676856040955,0.004929929971694946,0.14477281272411346,
57,1.901394,14,right_shoulder,0.16971242427825928,-0.3977091610431671,-0.1803618222475052,
57,1.901394,15,right_elbow,0.1845528483390808,-0.18368197977542877,-0.2174510806798935,
57,1.901394,16,right_wrist,0.24866293370723724,0.0049567073583602905,-0.24904803931713104,
58,1.934752,0,hip_center,-0.0007176412618719041,0.0007156067294999957,0.0005609432118944824,
58,1.934752,1,right_hip,-0.01763034798204899,0.008949331007897854,-0.1041511744260788,
58,1.934752,2,right_knee,0.0440429151058197,0.36637088656425476,-0.034650109708309174,
58,1.934752,3,right_ankle,0.004546117037534714,0.7041603326797485,0.014977652579545975,
58,1.934752,4,left_hip,0.016263676807284355,-0.007498310878872871,0.10526526719331741,
58,1.934752,5,left_knee,0.06618083268404007,0.3258850574493408,0.14369575679302216,
58,1.934752,6,left_ankle,0.02000655233860016,0.6473762392997742,0.165762796998024,
58,1.934752,7,spine,0.08739100396633148,-0.19415956735610962,-0.030707072466611862,
58,1.934752,8,thorax,0.17571863532066345,-0.3889320492744446,-0.061990633606910706,
58,1.934752,9,neck,0.24487099051475525,-0.4194471836090088,-0.0764668881893158,
58,1.934752,10,head,0.3145636022090912,-0.44872114062309265,-0.09111768007278442,
58,1.934752,11,left_shoulder,0.18006296455860138,-0.3867368698120117,0.05758393555879593,
58,1.934752,12,left_elbow,0.1837838888168335,-0.1766737699508667,0.14928880333900452,
58,1.934752,13,left_wrist,0.275044322013855,0.002804115414619446,0.14654742181301117,
58,1.934752,14,right_shoulder,0.17410771548748016,-0.3942020833492279,-0.1815345585346222,
58,1.934752,15,right_elbow,0.18908275663852692,-0.18006400763988495,-0.21792304515838623,
58,1.934752,16,right_wrist,0.2509337067604065,0.009452268481254578,-0.24876227974891663,
59,1.96811,0,hip_center,-0.0005141270812600851,0.0008025605930015445,0.000512207334395498,
59,1.96811,1,right_hip,-0.017184607684612274,0.00937880389392376,-0.10421127080917358,
59,1.96811,2,right_knee,0.044745609164237976,0.36674198508262634,-0.034638650715351105,
59,1.96811,3,right_ankle,0.004554364830255508,0.7043746709823608,0.015495847910642624,
59,1.96811,4,left_hip,0.01622362807393074,-0.0077528925612568855,0.10522840172052383,
59,1.96811,5,left_knee,0.06788039207458496,0.325188010931015,0.14516644179821014,
59,1.96811,6,left_ankle,0.020073939114809036,0.6464957594871521,0.16641442477703094,
59,1.96811,7,spine,0.08891376852989197,-0.193393737077713,-0.031230630353093147,
59,1.96811,8,thorax,0.17860102653503418,-0.3874656856060028,-0.06299571692943573,
59,1.96811,9,neck,0.24726323783397675,-0.41863682866096497,-0.07837901264429092,
59,1.96811,10,head,0.31634238362312317,-0.4488658905029297,-0.09396576136350632,
59,1.96811,11,left_shoulder,0.18256382644176483,-0.38542670011520386,0.05659487098455429,
59,1.96811,12,left_elbow,0.18470589816570282,-0.1771736443042755,0.15238744020462036,
59,1.96811,13,left_wrist,0.27767297625541687,0.0013964176177978516,0.14812807738780975,
59,1.96811,14,right_shoulder,0.17671814560890198,-0.3916475176811218,-0.1825786679983139,
59,1.96811,15,right_elbow,0.1916370689868927,-0.17766807973384857,-0.21991115808486938,
59,1.96811,16,right_wrist,0.25156837701797485,0.012322753667831421,-0.2516089379787445,
60,2.001468,0,hip_center,-0.0003922985342796892,0.0008171091903932393,0.0004978661891072989,
60,2.001468,1,right_hip,-0.017920756712555885,0.009306943975389004,-0.10409247130155563,
60,2.001468,2,right_knee,0.04468920826911926,0.366625040769577,-0.034897588193416595,
60,2.001468,3,right_ankle,0.0042613111436367035,0.7041298151016235,0.015903577208518982,
60,2.001468,4,left_hip,0.01718400977551937,-0.007655795197933912,0.10508329421281815,
60,2.001468,5,left_knee,0.07069952040910721,0.3247995376586914,0.14658787846565247,
60,2.001468,6,left_ankle,0.01996082067489624,0.6457180976867676,0.1668974757194519,
60,2.001468,7,spine,0.09028109163045883,-0.19272729754447937,-0.0316900871694088,
60,2.001468,8,thorax,0.18124492466449738,-0.3861294686794281,-0.06390704959630966,
60,2.001468,9,neck,0.24938297271728516,-0.4179431200027466,-0.08027417957782745,
60,2.001468,10,head,0.3177427649497986,-0.4492526948451996,-0.09686696529388428,
60,2.001468,11,left_shoulder,0.1873435378074646,-0.3824623227119446,0.05555477738380432,
60,2.001468,12,left_elbow,0.18705452978610992,-0.175892636179924,0.15494802594184875,
60,2.001468,13,left_wrist,0.28038543462753296,0.0024003535509109497,0.14793051779270172,
60,2.001468,14,right_shoulder,0.17623594403266907,-0.3906416893005371,-0.1833878755569458,
60,2.001468,15,right_elbow,0.19105835258960724,-0.17713135480880737,-0.2233518362045288,
60,2.001468,16,right_wrist,0.24989068508148193,0.012818887829780579,-0.2572735548019409,
61,2.034826,0,hip_center,-0.0003087261284235865,0.0007304615573957562,0.0005737525643780828,
61,2.034826,1,right_hip,-0.02069457434117794,0.008426137268543243,-0.10355912894010544,
61,2.034826,2,right_knee,0.04338424652814865,0.3657551407814026,-0.03577970713376999,
61,2.034826,3,right_ankle,0.0035265497863292694,0.7031947374343872,0.01589726284146309,
61,2.034826,4,left_hip,0.020146705210208893,-0.006953648291528225,0.10469560325145721,
61,2.034826,5,left_knee,0.07562236487865448,0.3250276446342468,0.14740365743637085,
61,2.034826,6,left_ankle,0.019518163055181503,0.6451036930084229,0.16687795519828796,
61,2.034826,7,spine,0.09081246703863144,-0.19250737130641937,-0.03218645602464676,
61,2.034826,8,thorax,0.1821962594985962,-0.38561296463012695,-0.06498861312866211,
61,2.034826,9,neck,0.25003862380981445,-0.4174606502056122,-0.08247926831245422,
61,2.034826,10,head,0.3177652060985565,-0.4495163559913635,-0.10020532459020615,
61,2.034826,11,left_shoulder,0.19532965123653412,-0.3773764967918396,0.05367664992809296,
61,2.034826,12,left_elbow,0.19206713140010834,-0.17247997224330902,0.15642347931861877,
61,2.034826,13,left_wrist,0.2835233211517334,0.006642475724220276,0.1464637815952301,
61,2.034826,14,right_shoulder,0.16929921507835388,-0.39247894287109375,-0.18376420438289642,
61,2.034826,15,right_elbow,0.18474608659744263,-0.18008938431739807,-0.22910255193710327,
61,2.034826,16,right_wrist,0.24466343224048615,0.008248880505561829,-0.2694959342479706,
62,2.068183,0,hip_center,-0.00013198185479268432,0.0006643276428803802,0.0007631753105670214,
62,2.068183,1,right_hip,-0.024867644533514977,0.007064961828291416,-0.10251142084598541,
62,2.068183,2,right_knee,0.04112114757299423,0.36450013518333435,-0.037168413400650024,
62,2.068183,3,right_ankle,0.0024430491030216217,0.7019227147102356,0.015506479889154434,
62,2.068183,4,left_hip,0.02471587248146534,-0.005724367219954729,0.1040133461356163,
62,2.068183,5,left_knee,0.0828375518321991,0.32574474811553955,0.1471783071756363,
62,2.068183,6,left_ankle,0.01893199235200882,0.644402027130127,0.16586580872535706,
62,2.068183,7,spine,0.09101658314466476,-0.19247180223464966,-0.03251652792096138,
62,2.068183,8,thorax,0.18238383531570435,-0.3854944705963135,-0.06584843248128891,
62,2.068183,9,neck,0.2499379962682724,-0.41717422008514404,-0.08470615744590759,
62,2.068183,10,head,0.3170177638530731,-0.4498022794723511,-0.10379501432180405,
62,2.068183,11,left_shoulder,0.20525819063186646,-0.3712163269519806,0.050747744739055634,
62,2.068183,12,left_elbow,0.19952699542045593,-0.16803140938282013,0.1567344218492508,
62,2.068183,13,left_wrist,0.28899073600769043,0.011988624930381775,0.1450163871049881,
62,2.068183,14,right_shoulder,0.15922044217586517,-0.3958481550216675,-0.18279874324798584,
62,2.068183,15,right_elbow,0.1734849363565445,-0.18564677238464355,-0.2377113401889801,
62,2.068183,16,right_wrist,0.23769611120224,-0.002368539571762085,-0.29229190945625305,
63,2.101541,0,hip_center,4.659552359953523e-05,0.0006291745230555534,0.0009949279483407736,
63,2.101541,1,right_hip,-0.02947133779525757,0.0054853251203894615,-0.10110096633434296,
63,2.101541,2,right_knee,0.038368478417396545,0.36310625076293945,-0.0387374572455883,
63,2.101541,3,right_ankle,0.001193411648273468,0.7005356550216675,0.01496589183807373,
63,2.101541,4,left_hip,0.029721137136220932,-0.004216104745864868,0.10304772108793259,
63,2.101541,5,left_knee,0.09107893705368042,0.32669350504875183,0.14602625370025635,
63,2.101541,6,left_ankle,0.01837584376335144,0.6435086727142334,0.16385889053344727,
63,2.101541,7,spine,0.09097789227962494,-0.192535400390625,-0.03271126002073288,
63,2.101541,8,thorax,0.18208357691764832,-0.385606974363327,-0.06647317111492157,
63,2.101541,9,neck,0.24928952753543854,-0.4170958399772644,-0.08683480322360992,
63,2.101541,10,head,0.315796434879303,-0.4499872624874115,-0.10741770267486572,
63,2.101541,11,left_shoulder,0.21478937566280365,-0.3656858205795288,0.04690781235694885,
63,2.101541,12,left_elbow,0.207987979054451,-0.1639866977930069,0.15563377737998962,
63,2.101541,13,left_wrist,0.2966494560241699,0.016010180115699768,0.13864679634571075,
63,2.101541,14,right_shoulder,0.1484254002571106,-0.3999287486076355,-0.18041671812534332,
63,2.101541,15,right_elbow,0.1593862920999527,-0.19366717338562012,-0.24926088750362396,
63,2.101541,16,right_wrist,0.23218701779842377,-0.021219849586486816,-0.32446059584617615,
64,2.134899,0,hip_center,0.00017679987649898976,0.00060418457724154,0.0012122391490265727,
64,2.134899,1,right_hip,-0.033886708319187164,0.0038565383292734623,-0.09952287375926971,
64,2.134899,2,right_knee,0.035520948469638824,0.36170339584350586,-0.040257908403873444,
64,2.134899,3,right_ankle,3.9383769035339355e-05,0.6991491317749023,0.014478381723165512,
64,2.134899,4,left_hip,0.03442181646823883,-0.002639592858031392,0.10188788175582886,
64,2.134899,5,left_knee,0.09922020882368088,0.3277090787887573,0.14412574470043182,
64,2.134899,6,left_ankle,0.018052592873573303,0.6425067186355591,0.1611519157886505,
64,2.134899,7,spine,0.09081980586051941,-0.19266626238822937,-0.032663147896528244,
64,2.134899,8,thorax,0.1815987378358841,-0.3858632445335388,-0.0665874034166336,
64,2.134899,9,neck,0.2484312355518341,-0.41712838411331177,-0.08846641331911087,
64,2.134899,10,head,0.31454160809516907,-0.4498271644115448,-0.11057699471712112,
64,2.134899,11,left_shoulder,0.22291693091392517,-0.3614983558654785,0.04305258393287659,
64,2.134899,12,left_elbow,0.21657253801822662,-0.16138088703155518,0.15468987822532654,
64,2.134899,13,left_wrist,0.3112778067588806,0.013721957802772522,0.12438829243183136,
64,2.134899,14,right_shoulder,0.1390872299671173,-0.40455320477485657,-0.17688053846359253,
64,2.134899,15,right_elbow,0.14524301886558533,-0.20491176843643188,-0.26353442668914795,
64,2.134899,16,right_wrist,0.23163437843322754,-0.053448766469955444,-0.3649667501449585,
65,2.168257,0,hip_center,0.00020104795112274587,0.0005623830948024988,0.0013922746293246746,
65,2.168257,1,right_hip,-0.037746328860521317,0.0022379690781235695,-0.09798403829336166,
65,2.168257,2,right_knee,0.032872479408979416,0.36031419038772583,-0.04160519689321518,
65,2.168257,3,right_ankle,-0.0007448717951774597,0.6977713108062744,0.014226533472537994,
65,2.168257,4,left_hip,0.038319412618875504,-0.001109823351725936,0.10070502012968063,
65,2.168257,5,left_knee,0.10669827461242676,0.328679621219635,0.14164859056472778,
65,2.168257,6,left_ankle,0.018195703625679016,0.6415221691131592,0.15815408527851105,
65,2.168257,7,spine,0.09065046906471252,-0.19282682240009308,-0.03232232481241226,
65,2.168257,8,thorax,0.1812065988779068,-0.38615888357162476,-0.06607215106487274,
65,2.168257,9,neck,0.24770423769950867,-0.41711676120758057,-0.08936288207769394,
65,2.168257,10,head,0.3136565685272217,-0.4491007924079895,-0.11294214427471161,
65,2.168257,11,left_shoulder,0.2293834388256073,-0.35872721672058105,0.039985693991184235,
65,2.168257,12,left_elbow,0.22468948364257812,-0.1604204624891281,0.15488795936107635,
65,2.168257,13,left_wrist,0.3381221294403076,-0.009645745158195496,0.08454378694295883,
65,2.168257,14,right_shoulder,0.13235679268836975,-0.40945640206336975,-0.17280565202236176,
65,2.168257,15,right_elbow,0.1344231516122818,-0.21944455802440643,-0.2790822982788086,
65,2.168257,16,right_wrist,0.2352159023284912,-0.10238496959209442,-0.40881621837615967,
66,2.201615,0,hip_center,0.00011882554099429399,0.0005130498902872205,0.0015416189562529325,
66,2.201615,1,right_hip,-0.040913891047239304,0.0006871534860692918,-0.09661513566970825,
66,2.201615,2,right_knee,0.03055546060204506,0.35897576808929443,-0.04271211475133896,
66,2.201615,3,right_ankle,-0.0010653696954250336,0.6964516639709473,0.014163151383399963,
66,2.201615,4,left_hip,0.04128247871994972,0.00033563445322215557,0.09964539110660553,
66,2.201615,5,left_knee,0.11352939903736115,0.3295246362686157,0.13873594999313354,
66,2.201615,6,left_ankle,0.01889050006866455,0.6405820250511169,0.1549338400363922,
66,2.201615,7,spine,0.09057100117206573,-0.19292309880256653,-0.03189506381750107,
66,2.201615,8,thorax,0.18111324310302734,-0.3863118886947632,-0.06535577028989792,
66,2.201615,9,neck,0.24725379049777985,-0.4169859290122986,-0.08999952673912048,
66,2.201615,10,head,0.31318962574005127,-0.44785597920417786,-0.11506302654743195,
66,2.201615,11,left_shoulder,0.23466889560222626,-0.35708490014076233,0.037597350776195526,
66,2.201615,12,left_elbow,0.23176898062229156,-0.16130715608596802,0.1568148136138916,
66,2.201615,13,left_wrist,0.3206212520599365,-0.2630108892917633,0.0074497610330581665,
66,2.201615,14,right_shoulder,0.12827320396900177,-0.41435810923576355,-0.16900157928466797,
66,2.201615,15,right_elbow,0.12608234584331512,-0.23685957491397858,-0.2950688600540161,
66,2.201615,16,right_wrist,0.24372270703315735,-0.17579352855682373,-0.44713693857192993,
67,2.234972,0,hip_center,5.4388776334235445e-05,0.0004860129556618631,0.0016735587269067764,
67,2.234972,1,right_hip,-0.04352167621254921,-0.0008268809760920703,-0.09537213295698166,
67,2.234972,2,right_knee,0.028383035212755203,0.35768643021583557,-0.04358360916376114,
67,2.234972,3,right_ankle,-0.0011013243347406387,0.6951813697814941,0.014317020773887634,
67,2.234972,4,left_hip,0.043725501745939255,0.0017910213209688663,0.09867849946022034,
67,2.234972,5,left_knee,0.11948561668395996,0.3304298222064972,0.13569273054599762,
67,2.234972,6,left_ankle,0.01985771209001541,0.6399356722831726,0.15169277787208557,
67,2.234972,7,spine,0.090714231133461,-0.19292235374450684,-0.03135900944471359,
67,2.234972,8,thorax,0.18145838379859924,-0.3862874507904053,-0.06440731883049011,
67,2.234972,9,neck,0.24719512462615967,-0.4168758988380432,-0.0902106836438179,
67,2.234972,10,head,0.3131074011325836,-0.4466692805290222,-0.1166038066148758,
67,2.234972,11,left_shoulder,0.23935973644256592,-0.35596051812171936,0.03583978861570358,
67,2.234972,12,left_elbow,0.23520661890506744,-0.16381782293319702,0.16079606115818024,
67,2.234972,13,left_wrist,0.22932478785514832,-0.3519022464752197,0.0891166627407074,
67,2.234972,14,right_shoulder,0.12604331970214844,-0.41881442070007324,-0.16536414623260498,
67,2.234972,15,right_elbow,0.11771231889724731,-0.25486481189727783,-0.3083837330341339,
67,2.234972,16,right_wrist,0.24253425002098083,-0.24988827109336853,-0.4667748212814331,
68,2.26833,0,hip_center,6.897625280544162e-05,0.0004861000052187592,0.001788103487342596,
68,2.26833,1,right_hip,-0.04579663276672363,-0.002329519484192133,-0.0941643938422203,
68,2.26833,2,right_knee,0.026226170361042023,0.35642722249031067,-0.044260162860155106,
68,2.26833,3,right_ankle,-0.0010519195348024368,0.6939166784286499,0.014743566513061523,
68,2.26833,4,left_hip,0.04601151496171951,0.0032922662794589996,0.09770596772432327,
68,2.26833,5,left_knee,0.12441486120223999,0.3315272331237793,0.1327463835477829,
68,2.26833,6,left_ankle,0.020794130861759186,0.6397256851196289,0.14862218499183655,
68,2.26833,7,spine,0.09105127304792404,-0.19287556409835815,-0.030625512823462486,
68,2.26833,8,thorax,0.1821153312921524,-0.3861960768699646,-0.06304870545864105,
68,2.26833,9,neck,0.24731957912445068,-0.4170885682106018,-0.08982265740633011,
68,2.26833,10,head,0.31307607889175415,-0.44617077708244324,-0.11737227439880371,
68,2.26833,11,left_shoulder,0.2438018023967743,-0.35517436265945435,0.03469690680503845,
68,2.26833,12,left_elbow,0.23122979700565338,-0.16941918432712555,0.16843953728675842,
68,2.26833,13,left_wrist,0.20748759806156158,-0.3615903854370117,0.11316903680562973,
68,2.26833,14,right_shoulder,0.1247904896736145,-0.4228324592113495,-0.1615004986524582,
68,2.26833,15,right_elbow,0.10639093816280365,-0.27404823899269104,-0.31938719749450684,
68,2.26833,16,right_wrist,0.23063665628433228,-0.31004321575164795,-0.47417861223220825,
69,2.301688,0,hip_center,0.0001820814359234646,0.0005081441486254334,0.0018812257330864668,
69,2.301688,1,right_hip,-0.04790134355425835,-0.003817738965153694,-0.09292243421077728,
69,2.301688,2,right_knee,0.02407769486308098,0.35519224405288696,-0.04480782896280289,
69,2.301688,3,right_ankle,-0.0010865777730941772,0.6926162242889404,0.015495136380195618,
69,2.301688,4,left_hip,0.048343297094106674,0.004825431853532791,0.096647709608078,
69,2.301688,5,left_knee,0.12830714881420135,0.3328604996204376,0.12999296188354492,
69,2.301688,6,left_ankle,0.0214458629488945,0.6399521827697754,0.1458357274532318,
69,2.301688,7,spine,0.09149094671010971,-0.19284728169441223,-0.029639100655913353,
69,2.301688,8,thorax,0.18287917971611023,-0.38616490364074707,-0.061154805123806,
69,2.301688,9,neck,0.24721279740333557,-0.41810107231140137,-0.08879624307155609,
69,2.301688,10,head,0.3124728798866272,-0.4472903907299042,-0.11739298701286316,
69,2.301688,11,left_shoulder,0.24810735881328583,-0.3545876741409302,0.03408137708902359,
69,2.301688,12,left_elbow,0.21631917357444763,-0.18301211297512054,0.1827470362186432,
69,2.301688,13,left_wrist,0.18322908878326416,-0.3739238679409027,0.12791965901851654,
69,2.301688,14,right_shoulder,0.12373743951320648,-0.42653337121009827,-0.15703889727592468,
69,2.301688,15,right_elbow,0.08794630318880081,-0.2981623411178589,-0.32921135425567627,
69,2.301688,16,right_wrist,0.20965446531772614,-0.3630073070526123,-0.476436585187912,
70,2.335046,0,hip_center,0.0003910556260962039,0.0005507890018634498,0.0019389671506360173,
70,2.335046,1,right_hip,-0.04988912120461464,-0.005268856883049011,-0.09163719415664673,
70,2.335046,2,right_knee,0.021964456886053085,0.35399848222732544,-0.045288555324077606,
70,2.335046,3,right_ankle,-0.0013251379132270813,0.6912753582000732,0.016570642590522766,
70,2.335046,4,left_hip,0.05076562985777855,0.006364739499986172,0.09546665102243423,
70,2.335046,5,left_knee,0.13127726316452026,0.3343898057937622,0.12756861746311188,
70,2.335046,6,left_ankle,0.021686188876628876,0.6405160427093506,0.1434479057788849,
70,2.335046,7,spine,0.09195274114608765,-0.19288112223148346,-0.028354698792099953,
70,2.335046,8,thorax,0.18358838558197021,-0.38628247380256653,-0.05861306190490723,
70,2.335046,9,neck,0.24652862548828125,-0.4202187955379486,-0.08706719428300858,
70,2.335046,10,head,0.3107483983039856,-0.4506869614124298,-0.11666757613420486,
70,2.335046,11,left_shoulder,0.2523636817932129,-0.3540852665901184,0.0338805615901947,
70,2.335046,12,left_elbow,0.194801464676857,-0.2081906795501709,0.20106759667396545,
70,2.335046,13,left_wrist,0.1555313766002655,-0.39638006687164307,0.14114339649677277,
70,2.335046,14,right_shoulder,0.12229573726654053,-0.4300236403942108,-0.15162402391433716,
70,2.335046,15,right_elbow,0.05980878323316574,-0.33035171031951904,-0.3348298668861389,
70,2.335046,16,right_wrist,0.17451629042625427,-0.41728872060775757,-0.47617048025131226,
71,2.368403,0,hip_center,0.0006530086393468082,0.0006036303238943219,0.0019745617173612118,
71,2.368403,1,right_hip,-0.051760025322437286,-0.006669602822512388,-0.09032081812620163,
71,2.368403,2,right_knee,0.02000240981578827,0.3528438210487366,-0.04577438533306122,
71,2.368403,3,right_ankle,-0.0017725899815559387,0.6899151802062988,0.017734482884407043,
71,2.368403,4,left_hip,0.05318259447813034,0.007874635048210621,0.0942058116197586,
71,2.368403,5,left_knee,0.1334569901227951,0.33604565262794495,0.1253976970911026,
71,2.368403,6,left_ankle,0.02158764749765396,0.6413397789001465,0.14140892028808594,
71,2.368403,7,spine,0.09229455888271332,-0.19299496710300446,-0.026983464136719704,
71,2.368403,8,thorax,0.18399862945079803,-0.3865746855735779,-0.05586261302232742,
71,2.368403,9,neck,0.24538184702396393,-0.42275163531303406,-0.08495063334703445,
71,2.368403,10,head,0.3082910478115082,-0.45505741238594055,-0.11540453135967255,
71,2.368403,11,left_shoulder,0.2562512457370758,-0.3537345826625824,0.03370778262615204,
71,2.368403,12,left_elbow,0.1706576943397522,-0.24702395498752594,0.21765539050102234,
71,2.368403,13,left_wrist,0.12661981582641602,-0.4318501353263855,0.15096032619476318,
71,2.368403,14,right_shoulder,0.12019218504428864,-0.43311935663223267,-0.1457706242799759,
71,2.368403,15,right_elbow,0.030817516148090363,-0.3663828372955322,-0.33275163173675537,
71,2.368403,16,right_wrist,0.12771345674991608,-0.4748280644416809,-0.4725508689880371,
72,2.401761,0,hip_center,0.0009279394871555269,0.0006616706377826631,0.0019986960105597973,
72,2.401761,1,right_hip,-0.05342506989836693,-0.007971278391778469,-0.08904901146888733,
72,2.401761,2,right_knee,0.018320899456739426,0.3517657220363617,-0.046317774802446365,
72,2.401761,3,right_ankle,-0.002369992434978485,0.6885992288589478,0.01879546418786049,
72,2.401761,4,left_hip,0.055416785180568695,0.009295833297073841,0.09296707063913345,
72,2.401761,5,left_knee,0.13499346375465393,0.33770546317100525,0.12342657893896103,
72,2.401761,6,left_ankle,0.02128712087869644,0.6423109769821167,0.13961166143417358,
72,2.401761,7,spine,0.09245923906564713,-0.19317705929279327,-0.025673046708106995,
72,2.401761,8,thorax,0.1840372085571289,-0.38701045513153076,-0.05322011560201645,
72,2.401761,9,neck,0.24404489994049072,-0.42516109347343445,-0.08265461027622223,
72,2.401761,10,head,0.305706650018692,-0.4592389762401581,-0.11372225731611252,
72,2.401761,11,left_shoulder,0.25956490635871887,-0.35358870029449463,0.0333842858672142,
72,2.401761,12,left_elbow,0.15016776323318481,-0.2971833646297455,0.22677725553512573,
72,2.401761,13,left_wrist,0.09944158792495728,-0.4779716432094574,0.15403978526592255,
72,2.401761,14,right_shoulder,0.1175508052110672,-0.43575361371040344,-0.13996562361717224,
72,2.401761,15,right_elbow,0.007226832211017609,-0.39987632632255554,-0.3242071270942688,
72,2.401761,16,right_wrist,0.076895572245121,-0.530701220035553,-0.46104326844215393,
73,2.435119,0,hip_center,0.0011932633351534605,0.0007190622854977846,0.0020209678914397955,
73,2.435119,1,right_hip,-0.05480546876788139,-0.009131336584687233,-0.087898850440979,
73,2.435119,2,right_knee,0.017055314034223557,0.35078927874565125,-0.046943582594394684,
73,2.435119,3,right_ankle,-0.003052670508623123,0.6873650550842285,0.01966772973537445,
73,2.435119,4,left_hip,0.05734000727534294,0.010573504492640495,0.09185004234313965,
73,2.435119,5,left_knee,0.13605070114135742,0.3392547070980072,0.12162262946367264,
73,2.435119,6,left_ankle,0.020871564745903015,0.6432973146438599,0.13797712326049805,
73,2.435119,7,spine,0.09244105219841003,-0.19342367351055145,-0.024429041892290115,
73,2.435119,8,thorax,0.1837187111377716,-0.38757407665252686,-0.050711266696453094,
73,2.435119,9,neck,0.24269120395183563,-0.4272403419017792,-0.08023440837860107,
73,2.435119,10,head,0.3033888041973114,-0.4627375602722168,-0.11160985380411148,
73,2.435119,11,left_shoulder,0.26220080256462097,-0.35371971130371094,0.03305158019065857,
73,2.435119,12,left_elbow,0.13787901401519775,-0.35070109367370605,0.22562654316425323,
73,2.435119,13,left_wrist,0.07550695538520813,-0.5265523791313171,0.1499011516571045,
73,2.435119,14,right_shoulder,0.11458844691514969,-0.4379176199436188,-0.13442298769950867,
73,2.435119,15,right_elbow,-0.010054707527160645,-0.4276990592479706,-0.31264519691467285,
73,2.435119,16,right_wrist,0.03116605430841446,-0.5784880518913269,-0.44014638662338257,
74,2.468477,0,hip_center,0.0014390804572030902,0.0007644888246431947,0.0020385098177939653,
74,2.468477,1,right_hip,-0.05583567917346954,-0.010134086012840271,-0.08695186674594879,
74,2.468477,2,right_knee,0.016364239156246185,0.34990763664245605,-0.04769280552864075,
74,2.468477,3,right_ankle,-0.0038061365485191345,0.6862151622772217,0.020241454243659973,
74,2.468477,4,left_hip,0.05886603146791458,0.011668340303003788,0.09093216061592102,
74,2.468477,5,left_knee,0.13672947883605957,0.34061694145202637,0.11997054517269135,
74,2.468477,6,left_ankle,0.02035028487443924,0.6441951990127563,0.1364552229642868,
74,2.468477,7,spine,0.09225529432296753,-0.19373947381973267,-0.023215731605887413,
74,2.468477,8,thorax,0.18308687210083008,-0.38826215267181396,-0.04826154559850693,
74,2.468477,9,neck,0.24143452942371368,-0.4289380609989166,-0.07765211164951324,
74,2.468477,10,head,0.30157431960105896,-0.46537846326828003,-0.10902046412229538,
74,2.468477,11,left_shoulder,0.26404696702957153,-0.35418587923049927,0.03301599621772766,
74,2.468477,12,left_elbow,0.1336309164762497,-0.39836108684539795,0.21629267930984497,
74,2.468477,13,left_wrist,0.05513691157102585,-0.5684359669685364,0.14239062368869781,
74,2.468477,14,right_shoulder,0.11160942912101746,-0.43966737389564514,-0.1293145716190338,
74,2.468477,15,right_elbow,-0.0225650817155838,-0.4494190216064453,-0.30050334334373474,
74,2.468477,16,right_wrist,-0.002008717507123947,-0.6148053407669067,-0.41415995359420776,
75,2.501835,0,hip_center,0.001648407313041389,0.00078619085252285,0.0020439140498638153,
75,2.501835,1,right_hip,-0.056477271020412445,-0.010965803638100624,-0.08628365397453308,
75,2.501835,2,right_knee,0.01629745215177536,0.3491256535053253,-0.04857231676578522,
75,2.501835,3,right_ankle,-0.004624282941222191,0.6851648092269897,0.020453862845897675,
75,2.501835,4,left_hip,0.059921860694885254,0.012542554177343845,0.09027554094791412,
75,2.501835,5,left_knee,0.13709676265716553,0.3417254686355591,0.11848447471857071,
75,2.501835,6,left_ankle,0.019789397716522217,0.6449440121650696,0.13500972092151642,
75,2.501835,7,spine,0.09196701645851135,-0.19409772753715515,-0.022038524970412254,
75,2.501835,8,thorax,0.18229058384895325,-0.38900840282440186,-0.045875947922468185,
75,2.501835,9,neck,0.24041298031806946,-0.4302839934825897,-0.07487417012453079,
75,2.501835,10,head,0.3004246652126312,-0.4672134518623352,-0.10591420531272888,
75,2.501835,11,left_shoulder,0.26507073640823364,-0.3550175130367279,0.03358368203043938,
75,2.501835,12,left_elbow,0.1339120864868164,-0.4353901445865631,0.20354774594306946,
75,2.501835,13,left_wrist,0.03922619670629501,-0.5994783639907837,0.1352986991405487,
75,2.501835,14,right_shoulder,0.10916002094745636,-0.44108206033706665,-0.12500476837158203,
75,2.501835,15,right_elbow,-0.03133562207221985,-0.46630576252937317,-0.2894074320793152,
75,2.501835,16,right_wrist,-0.023209381848573685,-0.6420663595199585,-0.3880745768547058,
76,2.535192,0,hip_center,0.0017847162671387196,0.0007739934953860939,0.002036535879597068,
76,2.535192,1,right_hip,-0.05666935443878174,-0.011604761704802513,-0.08598817884922028,
76,2.535192,2,right_knee,0.016845181584358215,0.3484700918197632,-0.049575671553611755,
76,2.535192,3,right_ankle,-0.005477886646986008,0.6842643022537231,0.020199500024318695,
76,2.535192,4,left_hip,0.06037190556526184,0.013154255226254463,0.08997457474470139,
76,2.535192,5,left_knee,0.1372256875038147,0.34249740839004517,0.11717198044061661,
76,2.535192,6,left_ankle,0.019269660115242004,0.645470142364502,0.13358834385871887,
76,2.535192,7,spine,0.09162493795156479,-0.19446858763694763,-0.020903220400214195,
76,2.535192,8,thorax,0.18146252632141113,-0.38974350690841675,-0.043567195534706116,
76,2.535192,9,neck,0.23984995484352112,-0.43111640214920044,-0.07188635319471359,
76,2.535192,10,head,0.3002743422985077,-0.46791553497314453,-0.1022736206650734,
76,2.535192,11,left_shoulder,0.26523786783218384,-0.35622739791870117,0.03504663705825806,
76,2.535192,12,left_elbow,0.13526839017868042,-0.4627067446708679,0.19099605083465576,
76,2.535192,13,left_wrist,0.02809419482946396,-0.6214479207992554,0.12884122133255005,
76,2.535192,14,right_shoulder,0.1077503114938736,-0.4422640800476074,-0.12185650318861008,
76,2.535192,15,right_elbow,-0.03647385537624359,-0.4802965819835663,-0.280464231967926,
76,2.535192,16,right_wrist,-0.036480583250522614,-0.6637553572654724,-0.3643444776535034,
77,2.56855,0,hip_center,0.0018166867084801197,0.0007306496845558286,0.0020125198643654585,
77,2.56855,1,right_hip,-0.05637425556778908,-0.012028503231704235,-0.08613213896751404,
77,2.56855,2,right_knee,0.017892885953187943,0.34797996282577515,-0.050601378083229065,
77,2.56855,3,right_ankle,-0.006308447569608688,0.6835651993751526,0.01955193281173706,
77,2.56855,4,left_hip,0.06011763960123062,0.013487869873642921,0.09008681774139404,
77,2.56855,5,left_knee,0.1372995227575302,0.3428480625152588,0.1161239892244339,
77,2.56855,6,left_ankle,0.018872320652008057,0.6456555128097534,0.1321941316127777,
77,2.56855,7,spine,0.09131138771772385,-0.19479234516620636,-0.0198647640645504,
77,2.56855,8,thorax,0.18079663813114166,-0.39035147428512573,-0.04144624248147011,
77,2.56855,9,neck,0.23998825252056122,-0.43116822838783264,-0.06888943165540695,
77,2.56855,10,head,0.30139675736427307,-0.4670313000679016,-0.0984107106924057,
77,2.56855,11,left_shoulder,0.2646239697933197,-0.357718825340271,0.03748319670557976,
77,2.56855,12,left_elbow,0.13577944040298462,-0.48229843378067017,0.18041376769542694,
77,2.56855,13,left_wrist,0.020598113536834717,-0.6370335817337036,0.12263323366641998,
77,2.56855,14,right_shoulder,0.107821986079216,-0.4432522654533386,-0.12016932666301727,
77,2.56855,15,right_elbow,-0.03791375458240509,-0.49226444959640503,-0.2743198871612549,
77,2.56855,16,right_wrist,-0.044434767216444016,-0.6811167597770691,-0.34492653608322144,
78,2.601908,0,hip_center,0.001750495983287692,0.0006712702452205122,0.001972605474293232,
78,2.601908,1,right_hip,-0.05553504452109337,-0.01221399288624525,-0.08674491941928864,
78,2.601908,2,right_knee,0.01939670369029045,0.34769389033317566,-0.05159265175461769,
78,2.601908,3,right_ankle,-0.007082674652338028,0.6831141710281372,0.018526408821344376,
78,2.601908,4,left_hip,0.05912071838974953,0.01355209294706583,0.09063810855150223,
78,2.601908,5,left_knee,0.13741353154182434,0.34274521470069885,0.11544220894575119,
78,2.601908,6,left_ankle,0.018623873591423035,0.6454488039016724,0.13077795505523682,
78,2.601908,7,spine,0.09102239459753036,-0.19506163895130157,-0.018915440887212753,
78,2.601908,8,thorax,0.18027858436107635,-0.39083313941955566,-0.039496950805187225,
78,2.601908,9,neck,0.24072839319705963,-0.43048515915870667,-0.06588487327098846,
78,2.601908,10,head,0.30358797311782837,-0.4646835923194885,-0.09430687129497528,
78,2.601908,11,left_shoulder,0.26315099000930786,-0.3594697117805481,0.04094104468822479,
78,2.601908,12,left_elbow,0.13439394533634186,-0.4959127902984619,0.17267963290214539,
78,2.601908,13,left_wrist,0.014784567058086395,-0.6480405330657959,0.11701074987649918,
78,2.601908,14,right_shoulder,0.10927483439445496,-0.443981796503067,-0.11983875185251236,
78,2.601908,15,right_elbow,-0.036485493183135986,-0.501822829246521,-0.27087461948394775,
78,2.601908,16,right_wrist,-0.048610538244247437,-0.694280743598938,-0.3300856649875641,
79,2.635266,0,hip_center,0.0016355696134269238,0.000617382931523025,0.001921956310980022,
79,2.635266,1,right_hip,-0.05410155653953552,-0.012133283540606499,-0.0877956822514534,
79,2.635266,2,right_knee,0.021483711898326874,0.347625732421875,-0.05251867324113846,
79,2.635266,3,right_ankle,-0.007784927263855934,0.6829113960266113,0.017134137451648712,
79,2.635266,4,left_hip,0.057437047362327576,0.013362905010581017,0.0916023775935173,
79,2.635266,5,left_knee,0.13761143386363983,0.34219077229499817,0.11521205306053162,
79,2.635266,6,left_ankle,0.0185098797082901,0.6448312997817993,0.1293243020772934,
79,2.635266,7,spine,0.090717613697052,-0.19530202448368073,-0.01800629124045372,
79,2.635266,8,thorax,0.17977917194366455,-0.3912612795829773,-0.037621527910232544,
79,2.635266,9,neck,0.24173937737941742,-0.4294358491897583,-0.06264989078044891,
79,2.635266,10,head,0.30629149079322815,-0.46164441108703613,-0.08956277370452881,
79,2.635266,11,left_shoulder,0.26076966524124146,-0.3614538311958313,0.045286983251571655,
79,2.635266,12,left_elbow,0.13057786226272583,-0.5046359300613403,0.16816546022891998,
79,2.635266,13,left_wrist,0.009164519608020782,-0.6554144620895386,0.11273152381181717,
79,2.635266,14,right_shoulder,0.1116579994559288,-0.4444047212600708,-0.12042488902807236,
79,2.635266,15,right_elbow,-0.03340227156877518,-0.5087283849716187,-0.2695002853870392,
79,2.635266,16,right_wrist,-0.050215497612953186,-0.7033867835998535,-0.31968435645103455,
80,2.668624,0,hip_center,0.0015059019206091762,0.0005756785394623876,0.0018613293068483472,
80,2.668624,1,right_hip,-0.052067432552576065,-0.011772682890295982,-0.08922038972377777,
80,2.668624,2,right_knee,0.0243181474506855,0.34775739908218384,-0.05333882197737694,
80,2.668624,3,right_ankle,-0.008457910269498825,0.6829107403755188,0.01538253203034401,
80,2.668624,4,left_hip,0.055137999355793,0.012919214554131031,0.09291110932826996,
80,2.668624,5,left_knee,0.13789163529872894,0.3411790728569031,0.11550311744213104,
80,2.668624,6,left_ankle,0.01851913332939148,0.643793523311615,0.1277625411748886,
80,2.668624,7,spine,0.09038358926773071,-0.1955302655696869,-0.017122237011790276,
80,2.668624,8,thorax,0.17923693358898163,-0.3916766047477722,-0.03578870743513107,
80,2.668624,9,neck,0.24271953105926514,-0.4283241927623749,-0.05923435837030411,
80,2.668624,10,head,0.30894094705581665,-0.45854151248931885,-0.08434034138917923,
80,2.668624,11,left_shoulder,0.2574132978916168,-0.36361509561538696,0.0503668412566185,
80,2.668624,12,left_elbow,0.1240587830543518,-0.5093995332717896,0.166614830493927,
80,2.668624,13,left_wrist,0.003056660294532776,-0.6601006388664246,0.11008204519748688,
80,2.668624,14,right_shoulder,0.11481324583292007,-0.4446125328540802,-0.12162863463163376,
80,2.668624,15,right_elbow,-0.029212437570095062,-0.5144434571266174,-0.26922178268432617,
80,2.668624,16,right_wrist,-0.050333172082901,-0.710135817527771,-0.31339675188064575,
81,2.701981,0,hip_center,0.0013799108564853668,0.0005446122377179563,0.0017893669428303838,
81,2.701981,1,right_hip,-0.04932254180312157,-0.011121269315481186,-0.09100950509309769,
81,2.701981,2,right_knee,0.028456900268793106,0.3479933440685272,-0.05397966876626015,
81,2.701981,3,right_ankle,-0.009135723114013672,0.6829349398612976,0.013292599469423294,
81,2.701981,4,left_hip,0.05212894454598427,0.012208402156829834,0.0945650190114975,
81,2.701981,5,left_knee,0.13852468132972717,0.3395678997039795,0.11657962203025818,
81,2.701981,6,left_ankle,0.018609419465065002,0.6420674324035645,0.12606503069400787,
81,2.701981,7,spine,0.09007439017295837,-0.1957298070192337,-0.016288354992866516,
81,2.701981,8,thorax,0.1787423938512802,-0.3920440971851349,-0.03404870256781578,
81,2.701981,9,neck,0.24354714155197144,-0.42731624841690063,-0.055934883654117584,
81,2.701981,10,head,0.31120237708091736,-0.4557299315929413,-0.07926088571548462,
81,2.701981,11,left_shoulder,0.25287893414497375,-0.36588698625564575,0.056180719286203384,
81,2.701981,12,left_elbow,0.11402122676372528,-0.5102716684341431,0.1676335483789444,
81,2.701981,13,left_wrist,-0.0038902610540390015,-0.6627265214920044,0.10930109024047852,
81,2.701981,14,right_shoulder,0.11913736164569855,-0.444589763879776,-0.1235322654247284,
81,2.701981,15,right_elbow,-0.023746803402900696,-0.519783616065979,-0.26959216594696045,
81,2.701981,16,right_wrist,-0.049443092197179794,-0.7154865264892578,-0.31122246384620667,
82,2.735339,0,hip_center,0.0012707144487649202,0.0005276849842630327,0.0016967932460829616,
82,2.735339,1,right_hip,-0.04578300938010216,-0.010146629996597767,-0.09312128275632858,
82,2.735339,2,right_knee,0.034587111324071884,0.3482045829296112,-0.05427270382642746,
82,2.735339,3,right_ankle,-0.009763140231370926,0.6827442646026611,0.01084967702627182,
82,2.735339,4,left_hip,0.0483534000813961,0.011203331872820854,0.09650228172540665,
82,2.735339,5,left_knee,0.13995438814163208,0.33712804317474365,0.11876074224710464,
82,2.735339,6,left_ankle,0.01879330724477768,0.6392295360565186,0.12426235526800156,
82,2.735339,7,spine,0.0898829847574234,-0.19586224853992462,-0.015508512035012245,
82,2.735339,8,thorax,0.17846938967704773,-0.3922901153564453,-0.032398901879787445,
82,2.735339,9,neck,0.24437560141086578,-0.4263332486152649,-0.05289819836616516,
82,2.735339,10,head,0.31319618225097656,-0.4531490206718445,-0.07465392351150513,
82,2.735339,11,left_shoulder,0.24698904156684875,-0.36821669340133667,0.06271838396787643,
82,2.735339,12,left_elbow,0.10123938322067261,-0.5082256197929382,0.17090652883052826,
82,2.735339,13,left_wrist,-0.01160544902086258,-0.6638068556785583,0.11083313822746277,
82,2.735339,14,right_shoulder,0.12509867548942566,-0.44412535429000854,-0.12613144516944885,
82,2.735339,15,right_elbow,-0.01694844663143158,-0.5246657133102417,-0.2701430916786194,
82,2.735339,16,right_wrist,-0.04785074293613434,-0.7193443179130554,-0.3130185604095459,
83,2.768697,0,hip_center,0.001194993034005165,0.0005267041269689798,0.0015683957608416677,
83,2.768697,1,right_hip,-0.04150742292404175,-0.008830147795379162,-0.09542343020439148,
83,2.768697,2,right_knee,0.043665796518325806,0.34814178943634033,-0.054183658212423325,
83,2.768697,3,right_ankle,-0.010218385607004166,0.6818568110466003,0.007908344268798828,
83,2.768697,4,left_hip,0.04390832781791687,0.009884912520647049,0.09855718910694122,
83,2.768697,5,left_knee,0.1424175500869751,0.33368855714797974,0.12222690135240555,
83,2.768697,6,left_ankle,0.019111596047878265,0.6349711418151855,0.12232590466737747,
83,2.768697,7,spine,0.08990729600191116,-0.19588953256607056,-0.01480059139430523,
83,2.768697,8,thorax,0.17859816551208496,-0.3923400342464447,-0.030859049409627914,
83,2.768697,9,neck,0.24543021619319916,-0.42524683475494385,-0.05018270015716553,
83,2.768697,10,head,0.31517377495765686,-0.4506860375404358,-0.07061193883419037,
83,2.768697,11,left_shoulder,0.2397666573524475,-0.37042003870010376,0.0696382075548172,
83,2.768697,12,left_elbow,0.08825160562992096,-0.5042022466659546,0.17778462171554565,
83,2.768697,13,left_wrist,-0.018629975616931915,-0.6632856726646423,0.11600210517644882,
83,2.768697,14,right_shoulder,0.13282008469104767,-0.4428207576274872,-0.12923170626163483,
83,2.768697,15,right_elbow,-0.00894571840763092,-0.5276294350624084,-0.2710535526275635,
83,2.768697,16,right_wrist,-0.04576271399855614,-0.7199195027351379,-0.3196546733379364,
84,2.802055,0,hip_center,0.0011470681056380272,0.0005362493684515357,0.0014079228276386857,
84,2.802055,1,right_hip,-0.036818727850914,-0.007240766659379005,-0.09767073392868042,
84,2.802055,2,right_knee,0.055553682148456573,0.3476448655128479,-0.053993672132492065,
84,2.802055,3,right_ankle,-0.010303623974323273,0.6798853874206543,0.004347272217273712,
84,2.802055,4,left_hip,0.03910859301686287,0.008314902894198895,0.10048992931842804,
84,2.802055,5,left_knee,0.14557072520256042,0.329391747713089,0.1267307549715042,
84,2.802055,6,left_ankle,0.019556716084480286,0.6294807195663452,0.12019874155521393,
84,2.802055,7,spine,0.09003199636936188,-0.1958698183298111,-0.014125388115644455,
84,2.802055,8,thorax,0.17890259623527527,-0.392305463552475,-0.029350263997912407,
84,2.802055,9,neck,0.24658581614494324,-0.4240152835845947,-0.04768743738532066,
84,2.802055,10,head,0.31706732511520386,-0.4482809603214264,-0.06698004901409149,
84,2.802055,11,left_shoulder,0.2315872311592102,-0.3720746636390686,0.0761808305978775,
84,2.802055,12,left_elbow,0.07887764275074005,-0.4985448718070984,0.19122517108917236,
84,2.802055,13,left_wrist,-0.021932221949100494,-0.6610112190246582,0.12805601954460144,
84,2.802055,14,right_shoulder,0.14101025462150574,-0.4405040740966797,-0.1321227252483368,
84,2.802055,15,right_elbow,-0.0005367100238800049,-0.5264391899108887,-0.27348431944847107,
84,2.802055,16,right_wrist,-0.043047334998846054,-0.7149858474731445,-0.33124256134033203,
85,2.835413,0,hip_center,0.0011015036143362522,0.0005230006645433605,0.001243009464815259,
85,2.835413,1,right_hip,-0.032136671245098114,-0.005480376072227955,-0.09964131563901901,
85,2.835413,2,right_knee,0.06878535449504852,0.3468018174171448,-0.05385775864124298,
85,2.835413,3,right_ankle,-0.01000172644853592,0.6769653558731079,7.990747690200806e-05,
85,2.835413,4,left_hip,0.03432010859251022,0.006526144687086344,0.10213559865951538,
85,2.835413,5,left_knee,0.148569718003273,0.3246106803417206,0.13184019923210144,
85,2.835413,6,left_ankle,0.019970685243606567,0.623346209526062,0.11787763237953186,
85,2.835413,7,spine,0.08986407518386841,-0.19600558280944824,-0.013415902853012085,
85,2.835413,8,thorax,0.17861676216125488,-0.3925606608390808,-0.027762075886130333,
85,2.835413,9,neck,0.247138112783432,-0.4228530526161194,-0.045368313789367676,
85,2.835413,10,head,0.318197101354599,-0.44610530138015747,-0.06377004086971283,
85,2.835413,11,left_shoulder,0.2227744162082672,-0.37291228771209717,0.08171765506267548,
85,2.835413,12,left_elbow,0.07453207671642303,-0.4897170960903168,0.21183675527572632,
85,2.835413,13,left_wrist,-0.017964288592338562,-0.6569474935531616,0.14838045835494995,
85,2.835413,14,right_shoulder,0.14724868535995483,-0.4376125931739807,-0.13409872353076935,
85,2.835413,15,right_elbow,0.006852015852928162,-0.5191120505332947,-0.2791852653026581,
85,2.835413,16,right_wrist,-0.037461526691913605,-0.7033477425575256,-0.34837013483047485,
86,2.86877,0,hip_center,0.001062411000020802,0.0004587550647556782,0.0011472349287942052,
86,2.86877,1,right_hip,-0.027830995619297028,-0.003709475975483656,-0.10115750879049301,
86,2.86877,2,right_knee,0.08128634095191956,0.3458794057369232,-0.05356353893876076,
86,2.86877,3,right_ankle,-0.009544260799884796,0.6737438440322876,-0.00478518009185791,
86,2.86877,4,left_hip,0.029922185465693474,0.004618788603693247,0.10346359014511108,
86,2.86877,5,left_knee,0.15037965774536133,0.32002758979797363,0.13693594932556152,
86,2.86877,6,left_ankle,0.01998761296272278,0.6175389885902405,0.11547704041004181,
86,2.86877,7,spine,0.0888223871588707,-0.19657008349895477,-0.012816160917282104,
86,2.86877,8,thorax,0.1765424907207489,-0.39363715052604675,-0.026472628116607666,
86,2.86877,9,neck,0.24579811096191406,-0.4220401346683502,-0.04435313493013382,
86,2.86877,10,head,0.31709080934524536,-0.444420725107193,-0.0629308670759201,
86,2.86877,11,left_shoulder,0.213702991604805,-0.3729013502597809,0.0853794738650322,
86,2.86877,12,left_elbow,0.07410112023353577,-0.47138410806655884,0.2382277548313141,
86,2.86877,13,left_wrist,-0.007387369871139526,-0.6413357257843018,0.16734498739242554,
86,2.86877,14,right_shoulder,0.14834296703338623,-0.43485620617866516,-0.1352241486310959,
86,2.86877,15,right_elbow,0.013340950012207031,-0.5056567192077637,-0.2906758785247803,
86,2.86877,16,right_wrist,-0.023835014551877975,-0.6857481002807617,-0.3736099302768707,
87,2.902128,0,hip_center,0.0011051527690142393,0.0003277587820775807,0.0012159326579421759,
87,2.902128,1,right_hip,-0.023708708584308624,-0.0020712236873805523,-0.10221026837825775,
87,2.902128,2,right_knee,0.09144484996795654,0.3453015685081482,-0.05265277251601219,
87,2.902128,3,right_ankle,-0.009291574358940125,0.6711032390594482,-0.009873352944850922,
87,2.902128,4,left_hip,0.025893304497003555,0.002702233614400029,0.10465063154697418,
87,2.902128,5,left_knee,0.14972631633281708,0.3163778781890869,0.14188091456890106,
87,2.902128,6,left_ankle,0.01900021731853485,0.6131271123886108,0.11313780397176743,
87,2.902128,7,spine,0.08722465485334396,-0.1974337249994278,-0.012603826820850372,
87,2.902128,8,thorax,0.17320743203163147,-0.39527201652526855,-0.026157772168517113,
87,2.902128,9,neck,0.2429496943950653,-0.4213179349899292,-0.04566190764307976,
87,2.902128,10,head,0.3140328824520111,-0.4430725872516632,-0.06572646647691727,
87,2.902128,11,left_shoulder,0.20358139276504517,-0.37259364128112793,0.08735382556915283,
87,2.902128,12,left_elbow,0.07393543422222137,-0.43658745288848877,0.26524943113327026,
87,2.902128,13,left_wrist,0.015514809638261795,-0.6021809577941895,0.16668930649757385,
87,2.902128,14,right_shoulder,0.14699627459049225,-0.431505411863327,-0.1371588259935379,
87,2.902128,15,right_elbow,0.021447986364364624,-0.4730680584907532,-0.3101145029067993,
87,2.902128,16,right_wrist,0.007491389289498329,-0.6513460278511047,-0.4034697711467743,
88,2.935486,0,hip_center,0.001198129029944539,0.0001834379945648834,0.001395434490405023,
88,2.935486,1,right_hip,-0.018910812214016914,-0.0004806777578778565,-0.10307298600673676,
88,2.935486,2,right_knee,0.09848508983850479,0.34570881724357605,-0.050582993775606155,
88,2.935486,3,right_ankle,-0.00920848548412323,0.6701185703277588,-0.014735300093889236,
88,2.935486,4,left_hip,0.021305855363607407,0.0008052159682847559,0.10586611181497574,
88,2.935486,5,left_knee,0.1454317271709442,0.3138134777545929,0.14747998118400574,
88,2.935486,6,left_ankle,0.016895532608032227,0.6107122302055359,0.11135245114564896,
88,2.935486,7,spine,0.08576715737581253,-0.1982278972864151,-0.012682200409471989,
88,2.935486,8,thorax,0.17007851600646973,-0.39676254987716675,-0.026550564914941788,
88,2.935486,9,neck,0.24024337530136108,-0.4198618233203888,-0.04813990369439125,
88,2.935486,10,head,0.31098076701164246,-0.441079705953598,-0.06992736458778381,
88,2.935486,11,left_shoulder,0.19232115149497986,-0.37204980850219727,0.08841167390346527,
88,2.935486,12,left_elbow,0.07443313300609589,-0.3854578137397766,0.28455647826194763,
88,2.935486,13,left_wrist,0.06733745336532593,-0.5087892413139343,0.12553668022155762,
88,2.935486,14,right_shoulder,0.1468343585729599,-0.42661333084106445,-0.14008362591266632,
88,2.935486,15,right_elbow,0.03564188629388809,-0.40902793407440186,-0.3264448046684265,
88,2.935486,16,right_wrist,0.07890118658542633,-0.5771918892860413,-0.42912164330482483,
89,2.968844,0,hip_center,0.0013132644817233086,6.557362212333828e-05,0.0015759185189381242,
89,2.968844,1,right_hip,-0.013068696483969688,0.0010632436024025083,-0.10383103787899017,
89,2.968844,2,right_knee,0.10242031514644623,0.3472931981086731,-0.047517068684101105,
89,2.968844,3,right_ankle,-0.00884971022605896,0.671258807182312,-0.019410893321037292,
89,2.968844,4,left_hip,0.015732236206531525,-0.00098760228138417,0.10697900503873825,
89,2.968844,5,left_knee,0.13629521429538727,0.3127959370613098,0.15299606323242188,
89,2.968844,6,left_ankle,0.01377713680267334,0.6113320589065552,0.11008810251951218,
89,2.968844,7,spine,0.08493191003799438,-0.19872266054153442,-0.012857324443757534,
89,2.968844,8,thorax,0.16822756826877594,-0.39765679836273193,-0.02713245525956154,
89,2.968844,9,neck,0.238764688372612,-0.41717296838760376,-0.050931960344314575,
89,2.968844,10,head,0.3091281056404114,-0.43782177567481995,-0.07441148161888123,
89,2.968844,11,left_shoulder,0.18081361055374146,-0.3716003894805908,0.08899000287055969,
89,2.968844,12,left_elbow,0.07734975218772888,-0.33535701036453247,0.29031506180763245,
89,2.968844,13,left_wrist,0.1510075479745865,-0.3510465919971466,0.103562131524086,
89,2.968844,14,right_shoulder,0.14956796169281006,-0.41972553730010986,-0.14326128363609314,
89,2.968844,15,right_elbow,0.06031479686498642,-0.3329389691352844,-0.3218822777271271,
89,2.968844,16,right_wrist,0.2019849717617035,-0.4169895648956299,-0.43832141160964966,
90,3.002202,0,hip_center,0.001423970446921885,-2.886467700591311e-05,0.001629674923606217,
90,3.002202,1,right_hip,-0.005585178732872009,0.0025968975387513638,-0.10449496656656265,
90,3.002202,2,right_knee,0.10333028435707092,0.3501709997653961,-0.04355400800704956,
90,3.002202,3,right_ankle,-0.007769420742988586,0.6748085021972656,-0.02375517599284649,
90,3.002202,4,left_hip,0.008516618981957436,-0.002719189040362835,0.10774887353181839,
90,3.002202,5,left_knee,0.12108597159385681,0.3134864866733551,0.15729902684688568,
90,3.002202,6,left_ankle,0.009884610772132874,0.6156566143035889,0.1093086302280426,
90,3.002202,7,spine,0.08508812636137009,-0.19877742230892181,-0.013083571568131447,
90,3.002202,8,thorax,0.16847769916057587,-0.3976489007472992,-0.02768031321465969,
90,3.002202,9,neck,0.2392493486404419,-0.4127376973628998,-0.053881194442510605,
90,3.002202,10,head,0.30911797285079956,-0.43289685249328613,-0.0791923925280571,
90,3.002202,11,left_shoulder,0.1690368950366974,-0.37130773067474365,0.08905699849128723,
90,3.002202,12,left_elbow,0.07507559657096863,-0.30519556999206543,0.28742682933807373,
90,3.002202,13,left_wrist,0.20957669615745544,-0.22063623368740082,0.16370350122451782,
90,3.002202,14,right_shoulder,0.1567673683166504,-0.4093979299068451,-0.1461959034204483,
90,3.002202,15,right_elbow,0.09095389395952225,-0.26761946082115173,-0.2977575957775116,
90,3.002202,16,right_wrist,0.25915396213531494,-0.20758551359176636,-0.39155352115631104,
91,3.035559,0,hip_center,0.0014738749014213681,-8.9824570750352e-05,0.0016301164869219065,
91,3.035559,1,right_hip,0.0027954233810305595,0.004255412146449089,-0.10466115176677704,
91,3.035559,2,right_knee,0.10139086842536926,0.3540198802947998,-0.03887423127889633,
91,3.035559,3,right_ankle,-0.005824007093906403,0.6803367137908936,-0.026752350851893425,
91,3.035559,4,left_hip,0.00025784014724195004,-0.00450432812795043,0.10792151838541031,
91,3.035559,5,left_knee,0.10179916769266129,0.3150354027748108,0.15985265374183655,
91,3.035559,6,left_ankle,0.0062258318066596985,0.6220911145210266,0.10927474498748779,
91,3.035559,7,spine,0.08629067242145538,-0.19832217693328857,-0.01344321295619011,
91,3.035559,8,thorax,0.1709958016872406,-0.3966069221496582,-0.028441667556762695,
91,3.035559,9,neck,0.24177613854408264,-0.4063245356082916,-0.057051025331020355,
91,3.035559,10,head,0.3111007809638977,-0.42617857456207275,-0.08404324948787689,
91,3.035559,11,left_shoulder,0.15779542922973633,-0.37200286984443665,0.0879291221499443,
91,3.035559,12,left_elbow,0.06568393856287003,-0.3011385500431061,0.28552430868148804,
91,3.035559,13,left_wrist,0.22553327679634094,-0.19987788796424866,0.2166566699743271,
91,3.035559,14,right_shoulder,0.16859491169452667,-0.3940791189670563,-0.14806175231933594,
91,3.035559,15,right_elbow,0.12208234518766403,-0.2159358710050583,-0.2642730176448822,
91,3.035559,16,right_wrist,0.26817604899406433,-0.08686214685440063,-0.31613460183143616,
92,3.068917,0,hip_center,0.0014935965882614255,-0.00012780613906215876,0.001593557302840054,
92,3.068917,1,right_hip,0.011400163173675537,0.006118243094533682,-0.10414814203977585,
92,3.068917,2,right_knee,0.09801863133907318,0.3581826388835907,-0.03391960263252258,
92,3.068917,3,right_ankle,-0.0028124749660491943,0.6866979002952576,-0.027964942157268524,
92,3.068917,4,left_hip,-0.008304167538881302,-0.006444957572966814,0.1073429137468338,
92,3.068917,5,left_knee,0.08159810304641724,0.31624677777290344,0.16120131313800812,
92,3.068917,6,left_ankle,0.0037543922662734985,0.6281964778900146,0.11017818748950958,
92,3.068917,7,spine,0.0885176956653595,-0.19733522832393646,-0.014318493194878101,
92,3.068917,8,thorax,0.17565546929836273,-0.3944937586784363,-0.03020160272717476,
92,3.068917,9,neck,0.24642515182495117,-0.39810365438461304,-0.060224972665309906,
92,3.068917,10,head,0.3155326247215271,-0.41784435510635376,-0.08784979581832886,
92,3.068917,11,left_shoulder,0.1487995833158493,-0.3738582134246826,0.08457951247692108,
92,3.068917,12,left_elbow,0.0520070418715477,-0.31801119446754456,0.2847355604171753,
92,3.068917,13,left_wrist,0.23164397478103638,-0.24163319170475006,0.23528598248958588,
92,3.068917,14,right_shoulder,0.18385209143161774,-0.374580979347229,-0.14791911840438843,
92,3.068917,15,right_elbow,0.15238399803638458,-0.1735532283782959,-0.2253858745098114,
92,3.068917,16,right_wrist,0.2916022837162018,-0.03033939003944397,-0.25368940830230713,
93,3.102275,0,hip_center,0.0014498825185000896,-0.00014771177666261792,0.001564412610605359,
93,3.102275,1,right_hip,0.019151942804455757,0.008155124261975288,-0.10301169753074646,
93,3.102275,2,right_knee,0.09432943910360336,0.3620433509349823,-0.028879262506961823,
93,3.102275,3,right_ankle,0.00116690993309021,0.6928651332855225,-0.02735520526766777,
93,3.102275,4,left_hip,-0.01617743819952011,-0.00852042343467474,0.10614932328462601,
93,3.102275,5,left_knee,0.06351257115602493,0.3165130019187927,0.1619693636894226,
93,3.102275,6,left_ankle,0.0026305019855499268,0.6324284076690674,0.11230653524398804,
93,3.102275,7,spine,0.09131527692079544,-0.1959620714187622,-0.015701375901699066,
93,3.102275,8,thorax,0.18147248029708862,-0.3916388154029846,-0.03299432247877121,
93,3.102275,9,neck,0.2525036931037903,-0.389249712228775,-0.06251794099807739,
93,3.102275,10,head,0.32197609543800354,-0.4090352952480316,-0.08917853981256485,
93,3.102275,11,left_shoulder,0.14267480373382568,-0.3763407766819,0.07917734235525131,
93,3.102275,12,left_elbow,0.03833644092082977,-0.3434586822986603,0.28062811493873596,
93,3.102275,13,left_wrist,0.2270255833864212,-0.2858581244945526,0.24029359221458435,
93,3.102275,14,right_shoulder,0.19995489716529846,-0.3552788496017456,-0.14549973607063293,
93,3.102275,15,right_elbow,0.1822495460510254,-0.14094281196594238,-0.1794123649597168,
93,3.102275,16,right_wrist,0.3304121196269989,-0.01567833125591278,-0.2346363365650177,
94,3.135633,0,hip_center,0.001248529413715005,-0.000127564329886809,0.0016790819354355335,
94,3.135633,1,right_hip,0.024996116757392883,0.010243481025099754,-0.10150500386953354,
94,3.135633,2,right_knee,0.09026725590229034,0.36538153886795044,-0.02404037117958069,
94,3.135633,3,right_ankle,0.006288051605224609,0.6986557245254517,-0.024720685556530952,
94,3.135633,4,left_hip,-0.02252856269478798,-0.010556883178651333,0.10485228151082993,
94,3.135633,5,left_knee,0.049776215106248856,0.31601616740226746,0.1617308259010315,
94,3.135633,6,left_ankle,0.002847764641046524,0.6348047256469727,0.11539343744516373,
94,3.135633,7,spine,0.09461413323879242,-0.19412128627300262,-0.017464131116867065,
94,3.135633,8,thorax,0.18848654627799988,-0.3878571391105652,-0.03672925755381584,
94,3.135633,9,neck,0.26040542125701904,-0.3807838261127472,-0.0631948933005333,
94,3.135633,10,head,0.33073627948760986,-0.4010120928287506,-0.08713348954916,
94,3.135633,11,left_shoulder,0.14026236534118652,-0.37883520126342773,0.07242569327354431,
94,3.135633,12,left_elbow,0.028715074062347412,-0.37089625000953674,0.2725364565849304,
94,3.135633,13,left_wrist,0.22082726657390594,-0.3218754231929779,0.23734912276268005,
94,3.135633,14,right_shoulder,0.21541094779968262,-0.3389071226119995,-0.1425597220659256,
94,3.135633,15,right_elbow,0.21235093474388123,-0.12134724855422974,-0.1346966028213501,
94,3.135633,16,right_wrist,0.30918601155281067,-0.17482541501522064,-0.3033858835697174,
95,3.168991,0,hip_center,0.0007701523136347532,-0.00010002111230278388,0.0022150285076349974,
95,3.168991,1,right_hip,0.027271460741758347,0.011993438005447388,-0.10010745376348495,
95,3.168991,2,right_knee,0.08592413365840912,0.3677299916744232,-0.02013549953699112,
95,3.168991,3,right_ankle,0.013531818985939026,0.7037121057510376,-0.020084425806999207,
95,3.168991,4,left_hip,-0.02592158317565918,-0.012226189486682415,0.10448592901229858,
95,3.168991,5,left_knee,0.04127146303653717,0.3157382309436798,0.1595999002456665,
95,3.168991,6,left_ankle,0.00481785461306572,0.6365056037902832,0.1177072674036026,
95,3.168991,7,spine,0.09891031682491302,-0.19145259261131287,-0.01946113258600235,
95,3.168991,8,thorax,0.19799041748046875,-0.38228654861450195,-0.04142199456691742,
95,3.168991,9,neck,0.27155065536499023,-0.3728433847427368,-0.06197690963745117,
95,3.168991,10,head,0.34278011322021484,-0.39504194259643555,-0.08100999146699905,
95,3.168991,11,left_shoulder,0.1426316797733307,-0.37981167435646057,0.06464898586273193,
95,3.168991,12,left_elbow,0.024221979081630707,-0.4047999083995819,0.25934070348739624,
95,3.168991,13,left_wrist,0.2155381739139557,-0.3497404158115387,0.22909407317638397,
95,3.168991,14,right_shoulder,0.2305389940738678,-0.3244594633579254,-0.14100982248783112,
95,3.168991,15,right_elbow,0.23653529584407806,-0.11299435794353485,-0.08953122049570084,
95,3.168991,16,right_wrist,0.2648847699165344,-0.2546283006668091,-0.23034727573394775,
96,3.202348,0,hip_center,0.0007112692692317069,-3.005788312293589e-05,0.0029932691249996424,
96,3.202348,1,right_hip,0.027361981570720673,0.012844948098063469,-0.0991949737071991,
96,3.202348,2,right_knee,0.08092391490936279,0.3689715564250946,-0.017408080399036407,
96,3.202348,3,right_ankle,0.0228046253323555,0.7076966166496277,-0.013924991711974144,
96,3.202348,4,left_hip,-0.026068106293678284,-0.012903540395200253,0.10514985024929047,
96,3.202348,5,left_knee,0.036148764193058014,0.31673505902290344,0.15594911575317383,
96,3.202348,6,left_ankle,0.008319808170199394,0.6388955116271973,0.11834843456745148,
96,3.202348,7,spine,0.1054682582616806,-0.187575563788414,-0.02087751403450966,
96,3.202348,8,thorax,0.21202999353408813,-0.37404686212539673,-0.04516315832734108,
96,3.202348,9,neck,0.28726130723953247,-0.3648768365383148,-0.058540090918540955,
96,3.202348,10,head,0.35743242502212524,-0.3939759433269501,-0.07110688090324402,
96,3.202348,11,left_shoulder,0.1510956883430481,-0.37604665756225586,0.05781636759638786,
96,3.202348,12,left_elbow,0.02320992946624756,-0.4397154152393341,0.23709732294082642,
96,3.202348,13,left_wrist,0.216038316488266,-0.38754186034202576,0.21173156797885895,
96,3.202348,14,right_shoulder,0.2450362592935562,-0.3098899722099304,-0.1406387984752655,
96,3.202348,15,right_elbow,0.2517715096473694,-0.12116678059101105,-0.03227974474430084,
96,3.202348,16,right_wrist,0.25749626755714417,-0.2593207359313965,-0.1791597604751587,
97,3.235706,0,hip_center,0.00047701812582090497,7.4741637945408e-06,0.0037644586991518736,
97,3.235706,1,right_hip,0.029092568904161453,0.014043864794075489,-0.09773722290992737,
97,3.235706,2,right_knee,0.07680846005678177,0.37058863043785095,-0.014171808958053589,
97,3.235706,3,right_ankle,0.03345034644007683,0.7114638090133667,-0.007184718269854784,
97,3.235706,4,left_hip,-0.02824060618877411,-0.013985046185553074,0.10524517297744751,
97,3.235706,5,left_knee,0.03120243176817894,0.3169337809085846,0.1507684886455536,
97,3.235706,6,left_ankle,0.012978753075003624,0.6402045488357544,0.11701199412345886,
97,3.235706,7,spine,0.11255955696105957,-0.18299223482608795,-0.022038154304027557,
97,3.235706,8,thorax,0.2275022566318512,-0.3641374111175537,-0.048331551253795624,
97,3.235706,9,neck,0.30415254831314087,-0.35954052209854126,-0.05346805974841118,
97,3.235706,10,head,0.3696139454841614,-0.39959463477134705,-0.0597245916724205,
97,3.235706,11,left_shoulder,0.15796047449111938,-0.3728884756565094,0.048669107258319855,
97,3.235706,12,left_elbow,0.018639877438545227,-0.4809733033180237,0.19515317678451538,
97,3.235706,13,left_wrist,0.21451401710510254,-0.4360366463661194,0.18241290748119354,
97,3.235706,14,right_shoulder,0.2628713846206665,-0.29251059889793396,-0.13743677735328674,
97,3.235706,15,right_elbow,0.2672666311264038,-0.1356658935546875,0.013506606221199036,
97,3.235706,16,right_wrist,0.26368314027786255,-0.2680083215236664,-0.13869608938694,
98,3.269064,0,hip_center,0.00014207701315172017,1.9630602764664218e-05,0.004459132440388203,
98,3.269064,1,right_hip,0.0329829603433609,0.0158387441188097,-0.09548932313919067,
98,3.269064,2,right_knee,0.07389478385448456,0.3727233409881592,-0.009793587028980255,
98,3.269064,3,right_ankle,0.04530664160847664,0.7150862216949463,-4.6846456825733185e-05,
98,3.269064,4,left_hip,-0.03277166932821274,-0.01569758914411068,0.10440153628587723,
98,3.269064,5,left_knee,0.02555783838033676,0.31618431210517883,0.1439637541770935,
98,3.269064,6,left_ankle,0.01803378388285637,0.6402114629745483,0.11354369670152664,
98,3.269064,7,spine,0.11927291005849838,-0.17823158204555511,-0.02295447140932083,
98,3.269064,8,thorax,0.24216392636299133,-0.35383135080337524,-0.05086999386548996,
98,3.269064,9,neck,0.3188279867172241,-0.3596399128437042,-0.047454193234443665,
98,3.269064,10,head,0.37577682733535767,-0.4113786220550537,-0.050387684255838394,
98,3.269064,11,left_shoulder,0.162676140666008,-0.3720279932022095,0.036721907556056976,
98,3.269064,12,left_elbow,0.019609734416007996,-0.5198881030082703,0.13781355321407318,
98,3.269064,13,left_wrist,0.21941927075386047,-0.49595850706100464,0.14501136541366577,
98,3.269064,14,right_shoulder,0.2824327051639557,-0.27419018745422363,-0.1305997222661972,
98,3.269064,15,right_elbow,0.28574562072753906,-0.14582933485507965,0.045229747891426086,
98,3.269064,16,right_wrist,0.2737926244735718,-0.27753716707229614,-0.10709621012210846,
99,3.302422,0,hip_center,-0.00020380120258778334,-3.1060149922268465e-05,0.004961621016263962,
99,3.302422,1,right_hip,0.038403455168008804,0.01814339868724346,-0.0924941748380661,
99,3.302422,2,right_knee,0.07130222022533417,0.3752998113632202,-0.00451061874628067,
99,3.302422,3,right_ankle,0.05666473135352135,0.7184917330741882,0.006877114064991474,
99,3.302422,4,left_hip,-0.03882966935634613,-0.01803889125585556,0.10244284570217133,
99,3.302422,5,left_knee,0.018602687865495682,0.31471773982048035,0.13542240858078003,
99,3.302422,6,left_ankle,0.022293461486697197,0.6390610933303833,0.10779346525669098,
99,3.302422,7,spine,0.12397679686546326,-0.17458060383796692,-0.023827187716960907,
99,3.302422,8,thorax,0.2521718740463257,-0.3461199998855591,-0.05310172215104103,
99,3.302422,9,neck,0.3255804479122162,-0.3665134012699127,-0.04223552346229553,
99,3.302422,10,head,0.376417338848114,-0.4242091774940491,-0.04616948217153549,
99,3.302422,11,left_shoulder,0.1638484001159668,-0.3743278682231903,0.022562343627214432,
99,3.302422,12,left_elbow,0.02828124165534973,-0.5490582585334778,0.08290291577577591,
99,3.302422,13,left_wrist,0.22702105343341827,-0.5627092719078064,0.1123039722442627,
99,3.302422,14,right_shoulder,0.298770934343338,-0.25987470149993896,-0.12174129486083984,
99,3.302422,15,right_elbow,0.3063001334667206,-0.15548554062843323,0.06917676329612732,
99,3.302422,16,right_wrist,0.28520938754081726,-0.2919294834136963,-0.07789888978004456,
100,3.33578,0,hip_center,-0.0005091787897981703,-0.00012565338693093508,0.005198635160923004,
100,3.33578,1,right_hip,0.045825764536857605,0.021153515204787254,-0.08817552030086517,
100,3.33578,2,right_knee,0.06876072287559509,0.3785921037197113,0.001801133155822754,
100,3.33578,3,right_ankle,0.06719353795051575,0.7220940589904785,0.01314239576458931,
100,3.33578,4,left_hip,-0.046792276203632355,-0.021174391731619835,0.09865265339612961,
100,3.33578,5,left_knee,0.010117191821336746,0.3122546076774597,0.12510089576244354,
100,3.33578,6,left_ankle,0.024892833083868027,0.6364609003067017,0.09965424239635468,
100,3.33578,7,spine,0.12603487074375153,-0.17276549339294434,-0.024788830429315567,
100,3.33578,8,thorax,0.25618839263916016,-0.3426143527030945,-0.055254846811294556,
100,3.33578,9,neck,0.32335078716278076,-0.3767490088939667,-0.0395442396402359,
100,3.33578,10,head,0.3747023344039917,-0.43377208709716797,-0.0458732470870018,
100,3.33578,11,left_shoulder,0.16043007373809814,-0.37951499223709106,0.006311841309070587,
100,3.33578,12,left_elbow,0.036811791360378265,-0.5698226690292358,0.03874082863330841,
100,3.33578,13,left_wrist,0.22419777512550354,-0.6264612078666687,0.0859304666519165,
100,3.33578,14,right_shoulder,0.3099803030490875,-0.2515130639076233,-0.11118431389331818,
100,3.33578,15,right_elbow,0.3213496804237366,-0.16673684120178223,0.08903361856937408,
100,3.33578,16,right_wrist,0.29584652185440063,-0.31103676557540894,-0.04960310459136963,
101,3.369137,0,hip_center,-0.0006359890685416758,-0.0002284346555825323,0.005204077810049057,
101,3.369137,1,right_hip,0.0552721843123436,0.024609383195638657,-0.08183512091636658,
101,3.369137,2,right_knee,0.06623705476522446,0.38241201639175415,0.008945994079113007,
101,3.369137,3,right_ankle,0.07800862938165665,0.7257593870162964,0.018878357484936714,
101,3.369137,4,left_hip,-0.05639785900712013,-0.02479567378759384,0.09241585433483124,
101,3.369137,5,left_knee,0.0009111128747463226,0.30893242359161377,0.11373086273670197,
101,3.369137,6,left_ankle,0.025627821683883667,0.6326526403427124,0.08985820412635803,
101,3.369137,7,spine,0.12571273744106293,-0.17286425828933716,-0.02561846561729908,
101,3.369137,8,thorax,0.25490155816078186,-0.3432995080947876,-0.056904613971710205,
101,3.369137,9,neck,0.3158551752567291,-0.3867369294166565,-0.03899846225976944,
101,3.369137,10,head,0.36813610792160034,-0.4428520202636719,-0.04581524431705475,
101,3.369137,11,left_shoulder,0.1530923843383789,-0.3860717713832855,-0.010783117264509201,
101,3.369137,12,left_elbow,0.039165347814559937,-0.5842705368995667,0.006187791004776955,
101,3.369137,13,left_wrist,0.2120164930820465,-0.6696356534957886,0.06435620039701462,
101,3.369137,14,right_shoulder,0.31570425629615784,-0.24913111329078674,-0.09881474822759628,
101,3.369137,15,right_elbow,0.32511571049690247,-0.18243937194347382,0.10822903364896774,
101,3.369137,16,right_wrist,0.30076661705970764,-0.3360138535499573,-0.020281754434108734,
102,3.402495,0,hip_center,-0.0005613120156340301,-0.00036003481363877654,0.005036894232034683,
102,3.402495,1,right_hip,0.06558121740818024,0.027900686487555504,-0.07335290312767029,
102,3.402495,2,right_knee,0.06400004774332047,0.3861635625362396,0.016253694891929626,
102,3.402495,3,right_ankle,0.08951514959335327,0.7288126945495605,0.024329226464033127,
102,3.402495,4,left_hip,-0.06648117303848267,-0.02837180718779564,0.08370545506477356,
102,3.402495,5,left_knee,-0.008045844733715057,0.3053220212459564,0.1023295521736145,
102,3.402495,6,left_ankle,0.024875197559595108,0.6284064054489136,0.07978443801403046,
102,3.402495,7,spine,0.12380693107843399,-0.17437949776649475,-0.0260585006326437,
102,3.402495,8,thorax,0.2502482235431671,-0.34682247042655945,-0.05756669491529465,
102,3.402495,9,neck,0.3067421317100525,-0.39580509066581726,-0.03934793174266815,
102,3.402495,10,head,0.354168176651001,-0.4561694860458374,-0.045312874019145966,
102,3.402495,11,left_shoulder,0.14428597688674927,-0.39296939969062805,-0.02651464007794857,
102,3.402495,12,left_elbow,0.032039038836956024,-0.5925827026367188,-0.016253255307674408,
102,3.402495,13,left_wrist,0.19805169105529785,-0.6888340711593628,0.04476938024163246,
102,3.402495,14,right_shoulder,0.31683745980262756,-0.2513744831085205,-0.08543552458286285,
102,3.402495,15,right_elbow,0.30873903632164,-0.2071303427219391,0.12759114801883698,
102,3.402495,16,right_wrist,0.29432347416877747,-0.3659399747848511,0.004040680825710297,
103,3.435853,0,hip_center,-0.0003889986837748438,-0.0005186267662793398,0.004750718362629414,
103,3.435853,1,right_hip,0.0756153091788292,0.0306207537651062,-0.0628669261932373,
103,3.435853,2,right_knee,0.0623292438685894,0.38949260115623474,0.023264512419700623,
103,3.435853,3,right_ankle,0.10056434571743011,0.730993390083313,0.029583854600787163,
103,3.435853,4,left_hip,-0.07618419080972672,-0.03149686008691788,0.07267910987138748,
103,3.435853,5,left_knee,-0.01582266017794609,0.30185940861701965,0.09120464324951172,
103,3.435853,6,left_ankle,0.02326982095837593,0.6243616938591003,0.07023697346448898,
103,3.435853,7,spine,0.12097876518964767,-0.17667627334594727,-0.026160508394241333,
103,3.435853,8,thorax,0.2438715398311615,-0.35171183943748474,-0.057412032037973404,
103,3.435853,9,neck,0.29624664783477783,-0.4052988886833191,-0.03986039757728577,
103,3.435853,10,head,0.33844050765037537,-0.46954667568206787,-0.04439609870314598,
103,3.435853,11,left_shoulder,0.135318323969841,-0.3989446759223938,-0.0398898720741272,
103,3.435853,12,left_elbow,0.016710177063941956,-0.5948832035064697,-0.030385121703147888,
103,3.435853,13,left_wrist,0.18383902311325073,-0.6912419199943542,0.027331776916980743,
103,3.435853,14,right_shoulder,0.31456437706947327,-0.2563033699989319,-0.07227349281311035,
103,3.435853,15,right_elbow,0.2811140716075897,-0.2414601743221283,0.14235234260559082,
103,3.435853,16,right_wrist,0.2802369296550751,-0.3997068405151367,0.017251402139663696,
104,3.469211,0,hip_center,-0.00023013565805740654,-0.0006866736803203821,0.004420175217092037,
104,3.469211,1,right_hip,0.0844050869345665,0.03255143389105797,-0.05081178620457649,
104,3.469211,2,right_knee,0.060660749673843384,0.3921535313129425,0.029852207750082016,
104,3.469211,3,right_ankle,0.10970021784305573,0.7323006987571716,0.03428933024406433,
104,3.469211,4,left_hip,-0.08475875854492188,-0.033875588327646255,0.059847936034202576,
104,3.469211,5,left_knee,-0.021897226572036743,0.2988932430744171,0.08049806952476501,
104,3.469211,6,left_ankle,0.02143372967839241,0.6209819912910461,0.06160718575119972,
104,3.469211,7,spine,0.11784648150205612,-0.1791481375694275,-0.02601957693696022,
104,3.469211,8,thorax,0.23717156052589417,-0.35673025250434875,-0.0567256323993206,
104,3.469211,9,neck,0.2846890091896057,-0.41493362188339233,-0.040075015276670456,
104,3.469211,10,head,0.32412564754486084,-0.48097485303878784,-0.04353594779968262,
104,3.469211,11,left_shoulder,0.12725631892681122,-0.4036351442337036,-0.050374072045087814,
104,3.469211,12,left_elbow,-0.002478688955307007,-0.5923678874969482,-0.04042872413992882,
104,3.469211,13,left_wrist,0.16785882413387299,-0.6843823194503784,0.01494971290230751,
104,3.469211,14,right_shoulder,0.3104589581489563,-0.2621860206127167,-0.06011137738823891,
104,3.469211,15,right_elbow,0.2544843256473541,-0.27430933713912964,0.1499442309141159,
104,3.469211,16,right_wrist,0.2632284462451935,-0.4310566782951355,0.02326814830303192,
105,3.502569,0,hip_center,-0.00014853512402623892,-0.0008551719947718084,0.004135659895837307,
105,3.502569,1,right_hip,0.09144484251737595,0.03365769237279892,-0.03755340725183487,
105,3.502569,2,right_knee,0.05877097696065903,0.3940667510032654,0.03607991337776184,
105,3.502569,3,right_ankle,0.11645467579364777,0.7328770160675049,0.038280390202999115,
105,3.502569,4,left_hip,-0.09174181520938873,-0.0353979729115963,0.045804526656866074,
105,3.502569,5,left_knee,-0.02637198567390442,0.2966237962245941,0.07032878696918488,
105,3.502569,6,left_ankle,0.019834067672491074,0.618453860282898,0.05401911586523056,
105,3.502569,7,spine,0.11473724991083145,-0.18149231374263763,-0.025674503296613693,
105,3.502569,8,thorax,0.2305382341146469,-0.36150920391082764,-0.055687837302684784,
105,3.502569,9,neck,0.27342116832733154,-0.4234657287597656,-0.04002814367413521,
105,3.502569,10,head,0.3110656142234802,-0.49058637022972107,-0.04255504161119461,
105,3.502569,11,left_shoulder,0.12001398950815201,-0.4073205590248108,-0.058423206210136414,
105,3.502569,12,left_elbow,-0.023098118603229523,-0.5861824750900269,-0.04962138459086418,
105,3.502569,13,left_wrist,0.14978861808776855,-0.6727613210678101,0.0066153183579444885,
105,3.502569,14,right_shoulder,0.3054531514644623,-0.2684204578399658,-0.04910305514931679,
105,3.502569,15,right_elbow,0.22732216119766235,-0.29850104451179504,0.15188002586364746,
105,3.502569,16,right_wrist,0.2427280694246292,-0.45388463139533997,0.024163082242012024,
106,3.535926,0,hip_center,-0.00016380692250095308,-0.0010381826432421803,0.003946092911064625,
106,3.535926,1,right_hip,0.09653786569833755,0.03389287367463112,-0.023386497050523758,
106,3.535926,2,right_knee,0.05666467174887657,0.3951874077320099,0.041886258870363235,
106,3.535926,3,right_ankle,0.12079475820064545,0.732843816280365,0.0415511280298233,
106,3.535926,4,left_hip,-0.09691102802753448,-0.03602052852511406,0.031057681888341904,
106,3.535926,5,left_knee,-0.029327645897865295,0.2951393723487854,0.06070096045732498,
106,3.535926,6,left_ankle,0.018731683492660522,0.6168375015258789,0.04742615297436714,
106,3.535926,7,spine,0.11173388361930847,-0.18364904820919037,-0.02519727498292923,
106,3.535926,8,thorax,0.224173903465271,-0.3658996522426605,-0.054500870406627655,
106,3.535926,9,neck,0.2632772922515869,-0.43051087856292725,-0.039698850363492966,
106,3.535926,10,head,0.2994292080402374,-0.4984729290008545,-0.04139360785484314,
106,3.535926,11,left_shoulder,0.11349349468946457,-0.4101554751396179,-0.06513287127017975,
106,3.535926,12,left_elbow,-0.04380164295434952,-0.5768289566040039,-0.05980988219380379,
106,3.535926,13,left_wrist,0.13013431429862976,-0.6581931114196777,0.0008073784410953522,
106,3.535926,14,right_shoulder,0.30011770129203796,-0.274700403213501,-0.03912701457738876,
106,3.535926,15,right_elbow,0.20153266191482544,-0.3137003183364868,0.1510399878025055,
106,3.535926,16,right_wrist,0.21954715251922607,-0.46885111927986145,0.02338138222694397,
107,3.569284,0,hip_center,-0.0002890651812776923,-0.0012435528915375471,0.003876939881592989,
107,3.569284,1,right_hip,0.09961240738630295,0.033244188874959946,-0.008319510146975517,
107,3.569284,2,right_knee,0.05400937423110008,0.39550140500068665,0.0471261665225029,
107,3.569284,3,right_ankle,0.12211379408836365,0.7323629260063171,0.04384735971689224,
107,3.569284,4,left_hip,-0.10022146254777908,-0.03575209528207779,0.015772555023431778,
107,3.569284,5,left_knee,-0.03080374002456665,0.2944315969944,0.051452115178108215,
107,3.569284,6,left_ankle,0.018192213028669357,0.6161153316497803,0.04172823205590248,
107,3.569284,7,spine,0.1088915690779686,-0.18558192253112793,-0.024690711870789528,
107,3.569284,8,thorax,0.21826688945293427,-0.36978328227996826,-0.053390104323625565,
107,3.569284,9,neck,0.25466659665107727,-0.4360823929309845,-0.03916778787970543,
107,3.569284,10,head,0.2897258698940277,-0.5046284794807434,-0.04014252871274948,
107,3.569284,11,left_shoulder,0.10780809819698334,-0.4120405912399292,-0.0716916024684906,
107,3.569284,12,left_elbow,-0.06377297639846802,-0.5640595555305481,-0.07113391906023026,
107,3.569284,13,left_wrist,0.10908526182174683,-0.6420301198959351,-0.003392428159713745,
107,3.569284,14,right_shoulder,0.2946324050426483,-0.28073108196258545,-0.02974407747387886,
107,3.569284,15,right_elbow,0.17514288425445557,-0.32293644547462463,0.14729957282543182,
107,3.569284,16,right_wrist,0.19179581105709076,-0.4802020788192749,0.022066906094551086,
108,3.602642,0,hip_center,-0.0005145284230820835,-0.0014361052308231592,0.0038555609062314034,
108,3.602642,1,right_hip,0.10053011029958725,0.03170245140790939,0.00706158671528101,
108,3.602642,2,right_knee,0.050269030034542084,0.39482152462005615,0.05181090533733368,
108,3.602642,3,right_ankle,0.1201232373714447,0.7312665581703186,0.04475429654121399,
108,3.602642,4,left_hip,-0.10155942291021347,-0.03454945236444473,0.00035332911647856236,
108,3.602642,5,left_knee,-0.030724912881851196,0.2945585250854492,0.04258514940738678,
108,3.602642,6,left_ankle,0.018367383629083633,0.6163235902786255,0.036860592663288116,
108,3.602642,7,spine,0.10602638870477676,-0.1873721182346344,-0.024322297424077988,
108,3.602642,8,thorax,0.21244695782661438,-0.3733590245246887,-0.05261148884892464,
108,3.602642,9,neck,0.24773141741752625,-0.4402860999107361,-0.038520447909832,
108,3.602642,10,head,0.2823599576950073,-0.5090570449829102,-0.03882889449596405,
108,3.602642,11,left_shoulder,0.10261931270360947,-0.41315507888793945,-0.07861021906137466,
108,3.602642,12,left_elbow,-0.08235690742731094,-0.548437237739563,-0.08432606607675552,
108,3.602642,13,left_wrist,0.08710923045873642,-0.6253858804702759,-0.007459789514541626,
108,3.602642,14,right_shoulder,0.2885777950286865,-0.28658562898635864,-0.021058451384305954,
108,3.602642,15,right_elbow,0.15102608501911163,-0.32712239027023315,0.14277009665966034,
108,3.602642,16,right_wrist,0.16419444978237152,-0.48784345388412476,0.021574601531028748,
109,3.636,0,hip_center,-0.0007833967101760209,-0.0015801870031282306,0.0038319623563438654,
109,3.636,1,right_hip,0.09941569715738297,0.029428809881210327,0.021637747064232826,
109,3.636,2,right_knee,0.045078326016664505,0.3930816054344177,0.05610857903957367,
109,3.636,3,right_ankle,0.11483137309551239,0.7294198274612427,0.04445652663707733,
109,3.636,4,left_hip,-0.1009393259882927,-0.03258117288351059,-0.014238987118005753,
109,3.636,5,left_knee,-0.029571346938610077,0.29550448060035706,0.03454142436385155,
109,3.636,6,left_ankle,0.019178394228219986,0.6173683404922485,0.03288866579532623,
109,3.636,7,spine,0.10313166677951813,-0.18903297185897827,-0.024101482704281807,
109,3.636,8,thorax,0.2066458761692047,-0.376692533493042,-0.052127353847026825,
109,3.636,9,neck,0.24229341745376587,-0.44336938858032227,-0.03776641935110092,
109,3.636,10,head,0.2771071195602417,-0.5120466947555542,-0.037449851632118225,
109,3.636,11,left_shoulder,0.09786838293075562,-0.41384652256965637,-0.08542610704898834,
109,3.636,12,left_elbow,-0.09991998970508575,-0.5289584994316101,-0.09881029278039932,
109,3.636,13,left_wrist,0.06403708457946777,-0.6083522439002991,-0.013002350926399231,
109,3.636,14,right_shoulder,0.2822686731815338,-0.2924230992794037,-0.013384994119405746,
109,3.636,15,right_elbow,0.13245810568332672,-0.32678934931755066,0.1408202201128006,
109,3.636,16,right_wrist,0.14182396233081818,-0.49066051840782166,0.02355325222015381,
110,3.669358,0,hip_center,-0.0011049178428947926,-0.0016637207008898258,0.003743087872862816,
110,3.669358,1,right_hip,0.09671272337436676,0.026719434186816216,0.034476906061172485,
110,3.669358,2,right_knee,0.03946375474333763,0.39067333936691284,0.05985890328884125,
110,3.669358,3,right_ankle,0.10809792578220367,0.727062463760376,0.04384765028953552,
110,3.669358,4,left_hip,-0.09882811456918716,-0.03006165847182274,-0.02728212997317314,
110,3.669358,5,left_knee,-0.027815915644168854,0.2971360981464386,0.027599632740020752,
110,3.669358,6,left_ankle,0.020392287522554398,0.6190793514251709,0.02961808256804943,
110,3.669358,7,spine,0.10000629723072052,-0.1906684786081314,-0.02402164787054062,
110,3.669358,8,thorax,0.200443297624588,-0.38001978397369385,-0.05186465010046959,
110,3.669358,9,neck,0.23760703206062317,-0.4457133114337921,-0.03683130070567131,
110,3.669358,10,head,0.27302613854408264,-0.5140749216079712,-0.03591151908040047,
110,3.669358,11,left_shoulder,0.09279019385576248,-0.4147447943687439,-0.09093832224607468,
110,3.669358,12,left_elbow,-0.11577456444501877,-0.5065710544586182,-0.11581432074308395,
110,3.669358,13,left_wrist,0.041185520589351654,-0.5898964405059814,-0.02111107110977173,
110,3.669358,14,right_shoulder,0.27600187063217163,-0.29843997955322266,-0.0076294466853141785,
110,3.669358,15,right_elbow,0.1241394579410553,-0.3206711411476135,0.14679554104804993,
110,3.669358,16,right_wrist,0.13256429135799408,-0.4854772686958313,0.0307740718126297,
111,3.702715,0,hip_center,-0.0015171272680163383,-0.001681276480667293,0.0034897152800112963,
111,3.702715,1,right_hip,0.09296952933073044,0.023938816040754318,0.04513520747423172,
111,3.702715,2,right_knee,0.034925613552331924,0.3882210850715637,0.06283992528915405,
111,3.702715,3,right_ankle,0.10204224288463593,0.7247346043586731,0.04338058456778526,
111,3.702715,4,left_hip,-0.09580237418413162,-0.027316628023982048,-0.03860480710864067,
111,3.702715,5,left_knee,-0.026119142770767212,0.2991810739040375,0.021865036338567734,
111,3.702715,6,left_ankle,0.021380972117185593,0.621198296546936,0.026788584887981415,
111,3.702715,7,spine,0.09637751430273056,-0.19237282872200012,-0.024268804118037224,
111,3.702715,8,thorax,0.19329318404197693,-0.3835526704788208,-0.052096329629421234,
111,3.702715,9,neck,0.23272670805454254,-0.44759494066238403,-0.03577548637986183,
111,3.702715,10,head,0.26896005868911743,-0.5155110955238342,-0.03398444503545761,
111,3.702715,11,left_shoulder,0.08618462085723877,-0.4164958894252777,-0.09409955143928528,
111,3.702715,12,left_elbow,-0.12888817489147186,-0.48315346240997314,-0.1371181309223175,
111,3.702715,13,left_wrist,0.01929524540901184,-0.5714280009269714,-0.03320678323507309,
111,3.702715,14,right_shoulder,0.2703087627887726,-0.3047947585582733,-0.005331914871931076,
111,3.702715,15,right_elbow,0.13236643373966217,-0.3046121597290039,0.16311798989772797,
111,3.702715,16,right_wrist,0.15072689950466156,-0.4657483696937561,0.04315534234046936,
112,3.736073,0,hip_center,-0.001962299458682537,-0.0016720672138035297,0.00320162670686841,
112,3.736073,1,right_hip,0.08877241611480713,0.02139376290142536,0.05373518541455269,
112,3.736073,2,right_knee,0.032423235476017,0.3861914873123169,0.06520500779151917,
112,3.736073,3,right_ankle,0.09881211072206497,0.722719669342041,0.04361944645643234,
112,3.736073,4,left_hip,-0.09238622337579727,-0.024735886603593826,-0.04789048433303833,
112,3.736073,5,left_knee,-0.02483489364385605,0.3012961447238922,0.017324693500995636,
112,3.736073,6,left_ankle,0.021826669573783875,0.6233928203582764,0.02453787438571453,
112,3.736073,7,spine,0.09292295575141907,-0.19389010965824127,-0.024478139355778694,
112,3.736073,8,thorax,0.18659529089927673,-0.3866923153400421,-0.05221887677907944,
112,3.736073,9,neck,0.22782254219055176,-0.44930869340896606,-0.034832559525966644,
112,3.736073,10,head,0.2646225690841675,-0.5168957710266113,-0.032300204038619995,
112,3.736073,11,left_shoulder,0.0798482894897461,-0.41808396577835083,-0.0962803065776825,
112,3.736073,12,left_elbow,-0.13710293173789978,-0.46055930852890015,-0.15692806243896484,
112,3.736073,13,left_wrist,0.0012592822313308716,-0.5549198389053345,-0.04512344300746918,
112,3.736073,14,right_shoulder,0.2652032673358917,-0.3106513023376465,-0.0036424435675144196,
112,3.736073,15,right_elbow,0.1431005746126175,-0.28680911660194397,0.17503595352172852,
112,3.736073,16,right_wrist,0.16455520689487457,-0.4473077654838562,0.054732561111450195,
113,3.769431,0,hip_center,-0.0024124097544699907,-0.0016298954142257571,0.0028971070423722267,
113,3.769431,1,right_hip,0.08455697447061539,0.019193008542060852,0.06052691116929054,
113,3.769431,2,right_knee,0.031056296080350876,0.38453811407089233,0.06722058355808258,
113,3.769431,3,right_ankle,0.09665779769420624,0.7211244702339172,0.04418366402387619,
113,3.769431,4,left_hip,-0.08898749947547913,-0.022424234077334404,-0.05533671751618385,
113,3.769431,5,left_knee,-0.023788146674633026,0.3032916486263275,0.013738024979829788,
113,3.769431,6,left_ankle,0.022022828459739685,0.62546306848526,0.022821689024567604,
113,3.769431,7,spine,0.09004822373390198,-0.19503991305828094,-0.024684663861989975,
113,3.769431,8,thorax,0.18119758367538452,-0.3890628218650818,-0.05231884866952896,
113,3.769431,9,neck,0.2231314480304718,-0.45097804069519043,-0.03412987291812897,
113,3.769431,10,head,0.2600916028022766,-0.5184487104415894,-0.030916260555386543,
113,3.769431,11,left_shoulder,0.07502485811710358,-0.4192788898944855,-0.098536916077137,
113,3.769431,12,left_elbow,-0.1409550905227661,-0.43997922539711,-0.17252537608146667,
113,3.769431,13,left_wrist,-0.012948751449584961,-0.5410380363464355,-0.0544162318110466,
113,3.769431,14,right_shoulder,0.26092439889907837,-0.315469890832901,-0.0018328763544559479,
113,3.769431,15,right_elbow,0.15348927676677704,-0.2694329619407654,0.18185649812221527,
113,3.769431,16,right_wrist,0.17401066422462463,-0.43214136362075806,0.06439217925071716,
114,3.802789,0,hip_center,-0.0028461776673793793,-0.0015605817316100001,0.0025800904259085655,
114,3.802789,1,right_hip,0.0805259495973587,0.01731186732649803,0.0659155622124672,
114,3.802789,2,right_knee,0.029696546494960785,0.3830842971801758,0.06923875957727432,
114,3.802789,3,right_ankle,0.09375413507223129,0.7198593616485596,0.04466545581817627,
114,3.802789,4,left_hip,-0.08577065169811249,-0.020377667620778084,-0.061359554529190063,
114,3.802789,5,left_knee,-0.02281840145587921,0.3050968647003174,0.01086551696062088,
114,3.802789,6,left_ankle,0.022242631763219833,0.6273254156112671,0.021536163985729218,
114,3.802789,7,spine,0.08786465227603912,-0.1958061009645462,-0.02494049072265625,
114,3.802789,8,thorax,0.17729637026786804,-0.390636682510376,-0.05250415951013565,
114,3.802789,9,neck,0.21885722875595093,-0.4526349604129791,-0.03375067561864853,
114,3.802789,10,head,0.25557827949523926,-0.520203709602356,-0.029916400089859962,
114,3.802789,11,left_shoulder,0.07208620756864548,-0.41996172070503235,-0.10141871869564056,
114,3.802789,12,left_elbow,-0.141981303691864,-0.4224253296852112,-0.18338921666145325,
114,3.802789,13,left_wrist,-0.02422983944416046,-0.5299975872039795,-0.06046207249164581,
114,3.802789,14,right_shoulder,0.2574540972709656,-0.3192153573036194,0.00036216527223587036,
114,3.802789,15,right_elbow,0.16169854998588562,-0.25546929240226746,0.18521562218666077,
114,3.802789,16,right_wrist,0.1798262596130371,-0.42152899503707886,0.07212899625301361,
115,3.836147,0,hip_center,-0.003242247039452195,-0.0014647898497059941,0.002260813256725669,
115,3.836147,1,right_hip,0.07681845873594284,0.0157365333288908,0.07017884403467178,
115,3.836147,2,right_knee,0.028253093361854553,0.3818298280239105,0.0712926909327507,
115,3.836147,3,right_ankle,0.09139281511306763,0.7186726331710815,0.045313511043787,
115,3.836147,4,left_hip,-0.0828322246670723,-0.018587211146950722,-0.06623069196939468,
115,3.836147,5,left_knee,-0.021984156221151352,0.30669769644737244,0.00860472023487091,
115,3.836147,6,left_ankle,0.0223587267100811,0.6289786100387573,0.020618140697479248,
115,3.836147,7,spine,0.08631286770105362,-0.1962486058473587,-0.025240160524845123,
115,3.836147,8,thorax,0.1747070550918579,-0.39155614376068115,-0.05277520418167114,
115,3.836147,9,neck,0.21514849364757538,-0.45420506596565247,-0.033738791942596436,
115,3.836147,10,head,0.25131985545158386,-0.5220409035682678,-0.02942533791065216,
115,3.836147,11,left_shoulder,0.07084053009748459,-0.4201449155807495,-0.10489233583211899,
115,3.836147,12,left_elbow,-0.1416114866733551,-0.40920451283454895,-0.19030070304870605,
115,3.836147,13,left_wrist,-0.03345614671707153,-0.5221768617630005,-0.06346239149570465,
115,3.836147,14,right_shoulder,0.25464630126953125,-0.3220752477645874,0.0029315054416656494,
115,3.836147,15,right_elbow,0.16487431526184082,-0.24634401500225067,0.18625979125499725,
115,3.836147,16,right_wrist,0.18003396689891815,-0.41619956493377686,0.07849942147731781,
116,3.869504,0,hip_center,-0.003574957139790058,-0.0013494361191987991,0.001966856885701418,
116,3.869504,1,right_hip,0.07346659898757935,0.014421306550502777,0.07362119108438492,
116,3.869504,2,right_knee,0.02682744711637497,0.3807666301727295,0.07339124381542206,
116,3.869504,3,right_ankle,0.09020530432462692,0.7174861431121826,0.046412304043769836,
116,3.869504,4,left_hip,-0.08015173673629761,-0.017024310305714607,-0.07020740211009979,
116,3.869504,5,left_knee,-0.021346714347600937,0.3081165850162506,0.006854124367237091,
116,3.869504,6,left_ankle,0.022204939275979996,0.6304584741592407,0.020066455006599426,
116,3.869504,7,spine,0.08533097058534622,-0.1964392066001892,-0.025471704080700874,
116,3.869504,8,thorax,0.17323780059814453,-0.39197641611099243,-0.052936945110559464,
116,3.869504,9,neck,0.21205434203147888,-0.4556807279586792,-0.03402085602283478,
116,3.869504,10,head,0.2474067509174347,-0.5239343643188477,-0.029513485729694366,
116,3.869504,11,left_shoulder,0.07114184647798538,-0.4197239875793457,-0.10886777937412262,
116,3.869504,12,left_elbow,-0.14090681076049805,-0.40016964077949524,-0.19373898208141327,
116,3.869504,13,left_wrist,-0.041107915341854095,-0.5170910954475403,-0.06367035210132599,
116,3.869504,14,right_shoulder,0.2521945834159851,-0.32426267862319946,0.006239008158445358,
116,3.869504,15,right_elbow,0.1585792452096939,-0.2429836243391037,0.1852177232503891,
116,3.869504,16,right_wrist,0.16944047808647156,-0.4170214533805847,0.08379838615655899,
117,3.902862,0,hip_center,-0.0038250130601227283,-0.0012190588749945164,0.0017579849809408188,
117,3.902862,1,right_hip,0.07047691196203232,0.0133327916264534,0.07649706304073334,
117,3.902862,2,right_knee,0.02526896819472313,0.3798563480377197,0.07556746900081635,
117,3.902862,3,right_ankle,0.08944962918758392,0.7163623571395874,0.047833431512117386,
117,3.902862,4,left_hip,-0.07770270854234695,-0.015667688101530075,-0.07342281937599182,
117,3.902862,5,left_knee,-0.020856421440839767,0.3093835413455963,0.005465157330036163,
117,3.902862,6,left_ankle,0.021859876811504364,0.6317877769470215,0.01983293890953064,
117,3.902862,7,spine,0.08474224805831909,-0.19648444652557373,-0.025526268407702446,
117,3.902862,8,thorax,0.1724736988544464,-0.39212268590927124,-0.052832335233688354,
117,3.902862,9,neck,0.2094724029302597,-0.45703446865081787,-0.03438405692577362,
117,3.902862,10,head,0.24386049807071686,-0.5257855653762817,-0.0299770999699831,
117,3.902862,11,left_shoulder,0.07252570986747742,-0.4187415540218353,-0.11302872002124786,
117,3.902862,12,left_elbow,-0.14050860702991486,-0.39375928044319153,-0.19391389191150665,
117,3.902862,13,left_wrist,-0.047530390322208405,-0.5135789513587952,-0.06145039200782776,
117,3.902862,14,right_shoulder,0.2497064471244812,-0.3260515332221985,0.010340608656406403,
117,3.902862,15,right_elbow,0.13994581997394562,-0.2455003559589386,0.1802453100681305,
117,3.902862,16,right_wrist,0.14618630707263947,-0.4232427477836609,0.08505222201347351,
118,3.93622,0,hip_center,-0.004025978967547417,-0.0010652393102645874,0.0015653051668778062,
118,3.93622,1,right_hip,0.06779734790325165,0.012415179051458836,0.07888380438089371,
118,3.93622,2,right_knee,0.02336576208472252,0.37903332710266113,0.07782456278800964,
118,3.93622,3,right_ankle,0.08868315815925598,0.7152519226074219,0.04927017167210579,
118,3.93622,4,left_hip,-0.07547059655189514,-0.01443756464868784,-0.07612430304288864,
118,3.93622,5,left_knee,-0.020434655249118805,0.31053298711776733,0.004363514482975006,
118,3.93622,6,left_ankle,0.02143295854330063,0.6329997181892395,0.019787780940532684,
118,3.93622,7,spine,0.08436017483472824,-0.19642464816570282,-0.025632962584495544,
118,3.93622,8,thorax,0.17205655574798584,-0.39209115505218506,-0.05284900590777397,
118,3.93622,9,neck,0.20707692205905914,-0.4582464396953583,-0.03496502339839935,
118,3.93622,10,head,0.24040487408638,-0.5275278091430664,-0.030721107497811317,
118,3.93622,11,left_shoulder,0.07450392097234726,-0.41742047667503357,-0.11737558245658875,
118,3.93622,12,left_elbow,-0.14016011357307434,-0.38879162073135376,-0.19254130125045776,
118,3.93622,13,left_wrist,-0.053176604211330414,-0.5109294056892395,-0.05813698470592499,
118,3.93622,14,right_shoulder,0.24718023836612701,-0.3276221752166748,0.014391589909791946,
118,3.93622,15,right_elbow,0.11994540691375732,-0.25028911232948303,0.173244908452034,
118,3.93622,16,right_wrist,0.12135685980319977,-0.4310566484928131,0.08372325450181961,
119,3.969578,0,hip_center,-0.004189983010292053,-0.0008896331419236958,0.001371737802401185,
119,3.969578,1,right_hip,0.06536100804805756,0.011611059308052063,0.08090070635080338,
119,3.969578,2,right_knee,0.021466124802827835,0.37829434871673584,0.08002220839262009,
119,3.969578,3,right_ankle,0.08757218718528748,0.7142809629440308,0.050566550344228745,
119,3.969578,4,left_hip,-0.07340514659881592,-0.01327850017696619,-0.07846938818693161,
119,3.969578,5,left_knee,-0.020025763660669327,0.3116030693054199,0.0034799426794052124,
119,3.969578,6,left_ankle,0.02102326974272728,0.6341285705566406,0.019847702234983444,
119,3.969578,7,spine,0.08407475054264069,-0.1963072568178177,-0.02580263279378414,
119,3.969578,8,thorax,0.17177212238311768,-0.39197707176208496,-0.05299142003059387,
119,3.969578,9,neck,0.2047675997018814,-0.4593240022659302,-0.035715095698833466,
119,3.969578,10,head,0.2369949370622635,-0.5291354656219482,-0.03166157752275467,
119,3.969578,11,left_shoulder,0.076753631234169,-0.4158746600151062,-0.12170938402414322,
119,3.969578,12,left_elbow,-0.13982567191123962,-0.38479217886924744,-0.19010105729103088,
119,3.969578,13,left_wrist,-0.05817261338233948,-0.5088654160499573,-0.05413453280925751,
119,3.969578,14,right_shoulder,0.24454250931739807,-0.32907333970069885,0.018203452229499817,
119,3.969578,15,right_elbow,0.10217663645744324,-0.25583121180534363,0.165753573179245,
119,3.969578,16,right_wrist,0.09772725403308868,-0.43884462118148804,0.08102273941040039,
120,4.002935,0,hip_center,-0.004327675327658653,-0.0006977923330850899,0.0011696688598021865,
120,4.002935,1,right_hip,0.06311383843421936,0.010882833041250706,0.08263127505779266,
120,4.002935,2,right_knee,0.01980474591255188,0.3776363134384155,0.0820368155837059,
120,4.002935,3,right_ankle,0.08611410111188889,0.7135027647018433,0.05168157070875168,
120,4.002935,4,left_hip,-0.07147102057933807,-0.012163789011538029,-0.08055628836154938,
120,4.002935,5,left_knee,-0.01960282027721405,0.31261804699897766,0.0027477070689201355,
120,4.002935,6,left_ankle,0.02066614106297493,0.6351978778839111,0.019959967583417892,
120,4.002935,7,spine,0.08381123840808868,-0.19616754353046417,-0.026038073003292084,
120,4.002935,8,thorax,0.17148199677467346,-0.39184504747390747,-0.05325748026371002,
120,4.002935,9,neck,0.20249196887016296,-0.4602905213832855,-0.03663275018334389,
120,4.002935,10,head,0.23362137377262115,-0.5306103229522705,-0.032790958881378174,
120,4.002935,11,left_shoulder,0.07907017320394516,-0.41421326994895935,-0.12593132257461548,
120,4.002935,12,left_elbow,-0.13942968845367432,-0.3813461661338806,-0.18698619306087494,
120,4.002935,13,left_wrist,-0.06252662092447281,-0.5072121620178223,-0.04990243911743164,
120,4.002935,14,right_shoulder,0.24175241589546204,-0.33047279715538025,0.021686702966690063,
120,4.002935,15,right_elbow,0.08728335797786713,-0.2613094449043274,0.15865102410316467,
120,4.002935,16,right_wrist,0.07588221877813339,-0.4456745386123657,0.07757978141307831,
121,4.036293,0,hip_center,-0.004440963268280029,-0.0004999635857529938,0.0009618455078452826,
121,4.036293,1,right_hip,0.06102534383535385,0.01020632591098547,0.08413637429475784,
121,4.036293,2,right_knee,0.018398363143205643,0.3770400583744049,0.08384810388088226,
121,4.036293,3,right_ankle,0.08439108729362488,0.7128859162330627,0.052588608115911484,
121,4.036293,4,left_hip,-0.06964195519685745,-0.01109026838093996,-0.08243782073259354,
121,4.036293,5,left_knee,-0.01912406086921692,0.3135837912559509,0.0021068155765533447,
121,4.036293,6,left_ankle,0.020428046584129333,0.6362112760543823,0.02007068693637848,
121,4.036293,7,spine,0.08350107818841934,-0.19604851305484772,-0.026316717267036438,
121,4.036293,8,thorax,0.17105257511138916,-0.3917698264122009,-0.05360490083694458,
121,4.036293,9,neck,0.20024900138378143,-0.4611714482307434,-0.03767476603388786,
121,4.036293,10,head,0.23035526275634766,-0.5319490432739258,-0.03409517928957939,
121,4.036293,11,left_shoulder,0.08121669292449951,-0.4125347435474396,-0.12989449501037598,
121,4.036293,12,left_elbow,-0.13897636532783508,-0.3782423138618469,-0.18364565074443817,
121,4.036293,13,left_wrist,-0.06642922759056091,-0.5058382153511047,-0.04578888416290283,
121,4.036293,14,right_shoulder,0.23879185318946838,-0.33187228441238403,0.024783797562122345,
121,4.036293,15,right_elbow,0.07518446445465088,-0.2662433683872223,0.15256860852241516,
121,4.036293,16,right_wrist,0.05690385401248932,-0.45114174485206604,0.07401015609502792,
122,4.069651,0,hip_center,-0.004523587413132191,-0.00030128451180644333,0.0007402960327453911,
122,4.069651,1,right_hip,0.05905352160334587,0.009567733854055405,0.08546938002109528,
122,4.069651,2,right_knee,0.017490919679403305,0.3765236735343933,0.08534561842679977,
122,4.069651,3,right_ankle,0.08279597759246826,0.7124351263046265,0.053355082869529724,
122,4.069651,4,left_hip,-0.06786207854747772,-0.010054116137325764,-0.08418288826942444,
122,4.069651,5,left_knee,-0.018599558621644974,0.31451237201690674,0.0015079900622367859,
122,4.069651,6,left_ankle,0.0202561616897583,0.6371837854385376,0.020189424976706505,
122,4.069651,7,spine,0.0830841213464737,-0.19598810374736786,-0.026622431352734566,
122,4.069651,8,thorax,0.17035913467407227,-0.39182132482528687,-0.05399341881275177,
122,4.069651,9,neck,0.19799821078777313,-0.46201297640800476,-0.038761936128139496,
122,4.069651,10,head,0.22720301151275635,-0.5331814289093018,-0.03547566756606102,
122,4.069651,11,left_shoulder,0.08307494968175888,-0.4109003245830536,-0.1336127072572708,
122,4.069651,12,left_elbow,-0.1385331153869629,-0.37533658742904663,-0.18025200068950653,
122,4.069651,13,left_wrist,-0.07004976272583008,-0.5045779943466187,-0.041850537061691284,
122,4.069651,14,right_shoulder,0.23553434014320374,-0.33334463834762573,0.02757733315229416,
122,4.069651,15,right_elbow,0.06496754288673401,-0.27076584100723267,0.14755383133888245,
122,4.069651,16,right_wrist,0.040915314108133316,-0.455666720867157,0.0705721527338028,
123,4.103009,0,hip_center,-0.004600906744599342,-0.00011299052857793868,0.000543995585758239,
123,4.103009,1,right_hip,0.05736268311738968,0.008991679176688194,0.086544468998909,
123,4.103009,2,right_knee,0.017849083989858627,0.3761737644672394,0.08618264645338058,
123,4.103009,3,right_ankle,0.08277273178100586,0.7121636867523193,0.05423983559012413,
123,4.103009,4,left_hip,-0.06635132431983948,-0.00910430122166872,-0.08562369644641876,
123,4.103009,5,left_knee,-0.018257316201925278,0.31536683440208435,0.0010858923196792603,
123,4.103009,6,left_ankle,0.0198785662651062,0.638093113899231,0.020294729620218277,
123,4.103009,7,spine,0.08261796087026596,-0.19595959782600403,-0.026917487382888794,
123,4.103009,8,thorax,0.16955015063285828,-0.39193153381347656,-0.05438629165291786,
123,4.103009,9,neck,0.1958080381155014,-0.4628064036369324,-0.03989279642701149,
123,4.103009,10,head,0.22419524192810059,-0.5343182682991028,-0.03691190853714943,
123,4.103009,11,left_shoulder,0.08457861095666885,-0.4094028174877167,-0.1368263214826584,
123,4.103009,12,left_elbow,-0.13815122842788696,-0.3728744387626648,-0.17691653966903687,
123,4.103009,13,left_wrist,-0.07335648685693741,-0.5035893321037292,-0.038123369216918945,
123,4.103009,14,right_shoulder,0.23246543109416962,-0.3348473012447357,0.029899965971708298,
123,4.103009,15,right_elbow,0.057026565074920654,-0.2746124863624573,0.143901988863945,
123,4.103009,16,right_wrist,0.028308911249041557,-0.45916372537612915,0.0676841214299202,
124,4.136367,0,hip_center,-0.00467762490734458,6.199074414325878e-05,0.00037560079363174736,
124,4.136367,1,right_hip,0.056001339107751846,0.008473174646496773,0.08735708147287369,
124,4.136367,2,right_knee,0.01916353777050972,0.3759322464466095,0.08637262880802155,
124,4.136367,3,right_ankle,0.08411489427089691,0.7119956016540527,0.05527013540267944,
124,4.136367,4,left_hip,-0.06516721844673157,-0.008241020143032074,-0.08675017207860947,
124,4.136367,5,left_knee,-0.01814228668808937,0.3161553144454956,0.0008213073015213013,
124,4.136367,6,left_ankle,0.019261259585618973,0.6389446258544922,0.02040778659284115,
124,4.136367,7,spine,0.08212161064147949,-0.1959543079137802,-0.02720450796186924,
124,4.136367,8,thorax,0.16867142915725708,-0.39207887649536133,-0.05479136109352112,
124,4.136367,9,neck,0.1937190741300583,-0.4635385274887085,-0.04104669392108917,
124,4.136367,10,head,0.22137026488780975,-0.53534996509552,-0.0383639857172966,
124,4.136367,11,left_shoulder,0.08568771928548813,-0.4080961346626282,-0.13951987028121948,
124,4.136367,12,left_elbow,-0.1379072070121765,-0.370868057012558,-0.17371807992458344,
124,4.136367,13,left_wrist,-0.07637256383895874,-0.5028219223022461,-0.03461398184299469,
124,4.136367,14,right_shoulder,0.2297506034374237,-0.3363393545150757,0.03171619027853012,
124,4.136367,15,right_elbow,0.05089467763900757,-0.27784809470176697,0.14122791588306427,
124,4.136367,16,right_wrist,0.018394552171230316,-0.46188634634017944,0.06528924405574799,
125,4.169724,0,hip_center,-0.0047493185847997665,0.0002109869383275509,0.00023838650668039918,
125,4.169724,1,right_hip,0.05491563677787781,0.007995500229299068,0.08797638863325119,
125,4.169724,2,right_knee,0.020740676671266556,0.3757091164588928,0.08626813441514969,
125,4.169724,3,right_ankle,0.08606015145778656,0.7118074893951416,0.056336402893066406,
125,4.169724,4,left_hip,-0.06424708664417267,-0.007472691126167774,-0.08762405067682266,
125,4.169724,5,left_knee,-0.018170922994613647,0.31686848402023315,0.0006533041596412659,
125,4.169724,6,left_ankle,0.018561992794275284,0.6397191882133484,0.020495349541306496,
125,4.169724,7,spine,0.0816296711564064,-0.19597049057483673,-0.027486298233270645,
125,4.169724,8,thorax,0.1677902638912201,-0.3922460079193115,-0.05521751940250397,
125,4.169724,9,neck,0.19174887239933014,-0.4642164409160614,-0.04221650958061218,
125,4.169724,10,head,0.21872195601463318,-0.5362958312034607,-0.03983156383037567,
125,4.169724,11,left_shoulder,0.08641379326581955,-0.40699583292007446,-0.14171653985977173,
125,4.169724,12,left_elbow,-0.13784047961235046,-0.3692989945411682,-0.17068374156951904,
125,4.169724,13,left_wrist,-0.07918253540992737,-0.5022660493850708,-0.03130188584327698,
125,4.169724,14,right_shoulder,0.22750486433506012,-0.3377678692340851,0.03302881866693497,
125,4.169724,15,right_elbow,0.046491846442222595,-0.2802162170410156,0.1394505500793457,
125,4.169724,16,right_wrist,0.010923795402050018,-0.46369168162345886,0.06352497637271881,
126,4.203082,0,hip_center,-0.0048130834475159645,0.0003285901329945773,0.00011022878607036546,
126,4.203082,1,right_hip,0.05401775240898132,0.007554220035672188,0.08845719695091248,
126,4.203082,2,right_knee,0.02216113731265068,0.3754725754261017,0.08613312244415283,
126,4.203082,3,right_ankle,0.08794748783111572,0.7115713357925415,0.0572466179728508,
126,4.203082,4,left_hip,-0.0634954422712326,-0.006804820615798235,-0.0883449837565422,
126,4.203082,5,left_knee,-0.018260493874549866,0.31748825311660767,0.0005420222878456116,
126,4.203082,6,left_ankle,0.017873235046863556,0.6403955221176147,0.02056368626654148,
126,4.203082,7,spine,0.08115725219249725,-0.19600827991962433,-0.027784055098891258,
126,4.203082,8,thorax,0.16693535447120667,-0.3924272060394287,-0.05568506941199303,
126,4.203082,9,neck,0.18991689383983612,-0.4648396968841553,-0.043394170701503754,
126,4.203082,10,head,0.21626967191696167,-0.5371571779251099,-0.04129980504512787,
126,4.203082,11,left_shoulder,0.08678509294986725,-0.4061092138290405,-0.14349457621574402,
126,4.203082,12,left_elbow,-0.13793815672397614,-0.367953896522522,-0.16786181926727295,
126,4.203082,13,left_wrist,-0.08179891109466553,-0.5018463134765625,-0.028328731656074524,
126,4.203082,14,right_shoulder,0.2257211059331894,-0.3390820622444153,0.03386742249131203,
126,4.203082,15,right_elbow,0.04363168776035309,-0.28144004940986633,0.13838694989681244,
126,4.203082,16,right_wrist,0.005440831184387207,-0.4643906056880951,0.0624687522649765,
127,4.23644,0,hip_center,-0.004872445948421955,0.000415675196563825,-2.685379149625078e-05,
127,4.23644,1,right_hip,0.053257379680871964,0.007148262578994036,0.0888216644525528,
127,4.23644,2,right_knee,0.02322256751358509,0.37521713972091675,0.08610739558935165,
127,4.23644,3,right_ankle,0.0895271897315979,0.7112724184989929,0.05790867656469345,
127,4.23644,4,left_hip,-0.06286849081516266,-0.006233854219317436,-0.08897105604410172,
127,4.23644,5,left_knee,-0.01836194097995758,0.3180045485496521,0.00048138946294784546,
127,4.23644,6,left_ankle,0.017239104956388474,0.6409639120101929,0.02061612531542778,
127,4.23644,7,spine,0.08070622384548187,-0.19606369733810425,-0.028121501207351685,
127,4.23644,8,thorax,0.166114941239357,-0.3926149010658264,-0.0562235452234745,
127,4.23644,9,neck,0.188221275806427,-0.465404748916626,-0.04457318037748337,
127,4.23644,10,head,0.21401062607765198,-0.5379323363304138,-0.04274889454245567,
127,4.23644,11,left_shoulder,0.0868423730134964,-0.4054121971130371,-0.14495831727981567,
127,4.23644,12,left_elbow,-0.13817782700061798,-0.3666728436946869,-0.165337473154068,
127,4.23644,13,left_wrist,-0.0842081755399704,-0.501473069190979,-0.025822386145591736,
127,4.23644,14,right_shoulder,0.2243349701166153,-0.3402501940727234,0.034272219985723495,
127,4.23644,15,right_elbow,0.04206658899784088,-0.2813994288444519,0.13780151307582855,
127,4.23644,16,right_wrist,0.001756921410560608,-0.4639623165130615,0.062045641243457794,
128,4.269798,0,hip_center,-0.004926157183945179,0.0004749688087031245,-0.00016496007447130978,
128,4.269798,1,right_hip,0.05261871591210365,0.006772215012460947,0.08909530937671661,
128,4.269798,2,right_knee,0.02384107932448387,0.3749406039714813,0.08625851571559906,
128,4.269798,3,right_ankle,0.09074068069458008,0.7109013199806213,0.058339547365903854,
128,4.269798,4,left_hip,-0.06234950199723244,-0.0057486132718622684,-0.08951067179441452,
128,4.269798,5,left_knee,-0.018467385321855545,0.3184325695037842,0.00045614689588546753,
128,4.269798,6,left_ankle,0.016660939902067184,0.6414401531219482,0.02064802125096321,
128,4.269798,7,spine,0.08027899265289307,-0.19613271951675415,-0.028496168553829193,
128,4.269798,8,thorax,0.16533342003822327,-0.3928033709526062,-0.05683603510260582,
128,4.269798,9,neck,0.18665902316570282,-0.46591317653656006,-0.04574742913246155,
128,4.269798,10,head,0.2119309902191162,-0.5386279225349426,-0.044147245585918427,
128,4.269798,11,left_shoulder,0.08664514124393463,-0.4049185812473297,-0.14618447422981262,
128,4.269798,12,left_elbow,-0.13852858543395996,-0.3654392659664154,-0.1631643921136856,
128,4.269798,13,left_wrist,-0.08644465357065201,-0.5011248588562012,-0.02379092574119568,
128,4.269798,14,right_shoulder,0.223314106464386,-0.3413087725639343,0.034310344606637955,
128,4.269798,15,right_elbow,0.041475966572761536,-0.28041425347328186,0.1374134123325348,
128,4.269798,16,right_wrist,-0.0005574114620685577,-0.46268945932388306,0.06190209090709686,
129,4.303156,0,hip_center,-0.004978941287845373,0.0005086409510113299,-0.00029246340272948146,
129,4.303156,1,right_hip,0.052111703902482986,0.006426679901778698,0.08928486704826355,
129,4.303156,2,right_knee,0.0242824275046587,0.3746680021286011,0.08645600080490112,
129,4.303156,3,right_ankle,0.09182875603437424,0.7105121612548828,0.05869186669588089,
129,4.303156,4,left_hip,-0.0619591660797596,-0.005345184821635485,-0.08994632214307785,
129,4.303156,5,left_knee,-0.018620271235704422,0.31878864765167236,0.00045336782932281494,
129,4.303156,6,left_ankle,0.016052652150392532,0.641842246055603,0.020695580169558525,
129,4.303156,7,spine,0.07987900823354721,-0.19621123373508453,-0.028885843232274055,
129,4.303156,8,thorax,0.16460329294204712,-0.39298611879348755,-0.05748964846134186,
129,4.303156,9,neck,0.18524882197380066,-0.46636366844177246,-0.0468934066593647,
129,4.303156,10,head,0.21004965901374817,-0.5392440557479858,-0.04546603932976723,
129,4.303156,11,left_shoulder,0.08627453446388245,-0.4046119451522827,-0.1472182273864746,
129,4.303156,12,left_elbow,-0.13893985748291016,-0.3642194867134094,-0.16125620901584625,
129,4.303156,13,left_wrist,-0.08857125043869019,-0.5007116198539734,-0.02203989028930664,
129,4.303156,14,right_shoulder,0.22260932624340057,-0.34229743480682373,0.034091316163539886,
129,4.303156,15,right_elbow,0.04143992066383362,-0.2791253328323364,0.13700106739997864,
129,4.303156,16,right_wrist,-0.0021332427859306335,-0.46116316318511963,0.06179049611091614,
130,4.336513,0,hip_center,-0.0050320434384047985,0.0005234978743828833,-0.0004083957173861563,
130,4.336513,1,right_hip,0.051712460815906525,0.006103613413870335,0.08941023051738739,
130,4.336513,2,right_knee,0.02466331236064434,0.37440353631973267,0.08664227277040482,
130,4.336513,3,right_ankle,0.09282238781452179,0.71013343334198,0.05899451673030853,
130,4.336513,4,left_hip,-0.061676375567913055,-0.0050014229491353035,-0.09029567986726761,
130,4.336513,5,left_knee,-0.01879896968603134,0.3190937638282776,0.0004619807004928589,
130,4.336513,6,left_ankle,0.015447266399860382,0.642188549041748,0.020772824063897133,
130,4.336513,7,spine,0.07951278239488602,-0.19629020988941193,-0.02928221970796585,
130,4.336513,8,thorax,0.16393953561782837,-0.3931517004966736,-0.05816864222288132,
130,4.336513,9,neck,0.18401382863521576,-0.4667498767375946,-0.048014041036367416,
130,4.336513,10,head,0.20839114487171173,-0.5397753715515137,-0.04671082645654678,
130,4.336513,11,left_shoulder,0.08583167940378189,-0.40446141362190247,-0.1481298804283142,
130,4.336513,12,left_elbow,-0.13933610916137695,-0.3629905879497528,-0.15952180325984955,
130,4.336513,13,left_wrist,-0.09058693051338196,-0.5001546740531921,-0.02038942277431488,
130,4.336513,14,right_shoulder,0.2221466600894928,-0.3432368338108063,0.03370928019285202,
130,4.336513,15,right_elbow,0.04165145754814148,-0.2779774069786072,0.13650120794773102,
130,4.336513,16,right_wrist,-0.0033656321465969086,-0.4598005414009094,0.06162242591381073,
131,4.369871,0,hip_center,-0.005085221957415342,0.0005278928438201547,-0.0005126013420522213,
131,4.369871,1,right_hip,0.051393698900938034,0.005795483011752367,0.08949209749698639,
131,4.369871,2,right_knee,0.025046495720744133,0.3741466999053955,0.08677951246500015,
131,4.369871,3,right_ankle,0.09377002716064453,0.709770917892456,0.05924650654196739,
131,4.369871,4,left_hip,-0.061473533511161804,-0.004692691843956709,-0.09057886898517609,
131,4.369871,5,left_knee,-0.01896847039461136,0.3193703591823578,0.0004681423306465149,
131,4.369871,6,left_ankle,0.014920420944690704,0.6424964666366577,0.02087937481701374,
131,4.369871,7,spine,0.0791851133108139,-0.19635970890522003,-0.02968345396220684,
131,4.369871,8,thorax,0.16335177421569824,-0.39328837394714355,-0.05886947363615036,
131,4.369871,9,neck,0.18296228349208832,-0.467062771320343,-0.0490945540368557,
131,4.369871,10,head,0.20696476101875305,-0.5402135252952576,-0.047862160950899124,
131,4.369871,11,left_shoulder,0.08539246022701263,-0.40441885590553284,-0.14898177981376648,
131,4.369871,12,left_elbow,-0.13966086506843567,-0.36173611879348755,-0.15788763761520386,
131,4.369871,13,left_wrist,-0.09250001609325409,-0.4994012713432312,-0.01870270073413849,
131,4.369871,14,right_shoulder,0.22185055911540985,-0.3441222310066223,0.03322666138410568,
131,4.369871,15,right_elbow,0.04188700020313263,-0.2772304117679596,0.13590139150619507,
131,4.369871,16,right_wrist,-0.0045415982604026794,-0.4588044583797455,0.061280541121959686,
132,4.403229,0,hip_center,-0.005137202795594931,0.0005269135581329465,-0.0006019535358063877,
132,4.403229,1,right_hip,0.05115626007318497,0.005508138798177242,0.08953513950109482,
132,4.403229,2,right_knee,0.025531087070703506,0.37390992045402527,0.08677882701158524,
132,4.403229,3,right_ankle,0.0947498083114624,0.7094533443450928,0.05950187146663666,
132,4.403229,4,left_hip,-0.06134912744164467,-0.004414591938257217,-0.09079413115978241,
132,4.403229,5,left_knee,-0.019149035215377808,0.3196272552013397,0.0004700496792793274,
132,4.403229,6,left_ankle,0.014415685087442398,0.6427796483039856,0.02100144885480404,
132,4.403229,7,spine,0.07890775054693222,-0.19641059637069702,-0.030084483325481415,
132,4.403229,8,thorax,0.16286256909370422,-0.3933827877044678,-0.05958506837487221,
132,4.403229,9,neck,0.18210403621196747,-0.46729570627212524,-0.05012829601764679,
132,4.403229,10,head,0.20578151941299438,-0.5405527949333191,-0.04892591014504433,
132,4.403229,11,left_shoulder,0.08502999693155289,-0.4044160842895508,-0.1498187929391861,
132,4.403229,12,left_elbow,-0.13984787464141846,-0.3604052662849426,-0.15638621151447296,
132,4.403229,13,left_wrist,-0.09436461329460144,-0.4982749819755554,-0.016845881938934326,
132,4.403229,14,right_shoulder,0.22167673707008362,-0.3449552655220032,0.03270136937499046,
132,4.403229,15,right_elbow,0.04188050329685211,-0.27719181776046753,0.13509728014469147,
132,4.403229,16,right_wrist,-0.006266582757234573,-0.4583590030670166,0.060576632618904114,
133,4.436587,0,hip_center,-0.00518885999917984,0.0005246740765869617,-0.0006787388119846582,
133,4.436587,1,right_hip,0.05099372938275337,0.005245564505457878,0.08954150229692459,
133,4.436587,2,right_knee,0.02610720507800579,0.37369704246520996,0.08665454387664795,
133,4.436587,3,right_ankle,0.09574811160564423,0.7091857194900513,0.05978154391050339,
133,4.436587,4,left_hip,-0.0612991601228714,-0.004162801429629326,-0.09094773232936859,
133,4.436587,5,left_knee,-0.019343797117471695,0.3198679983615875,0.00046837329864501953,
133,4.436587,6,left_ankle,0.013902854174375534,0.6430448293685913,0.02113236114382744,
133,4.436587,7,spine,0.07868897914886475,-0.19643452763557434,-0.030490579083561897,
133,4.436587,8,thorax,0.16248947381973267,-0.39342236518859863,-0.06032375246286392,
133,4.436587,9,neck,0.1814393848180771,-0.46744322776794434,-0.05112609639763832,
133,4.436587,10,head,0.2048351764678955,-0.5407906770706177,-0.049916401505470276,
133,4.436587,11,left_shoulder,0.08478568494319916,-0.40441834926605225,-0.15067294239997864,
133,4.436587,12,left_elbow,-0.13986262679100037,-0.3589955270290375,-0.15514975786209106,
133,4.436587,13,left_wrist,-0.09619460999965668,-0.4966828227043152,-0.014851510524749756,
133,4.436587,14,right_shoulder,0.22161540389060974,-0.34573155641555786,0.03214693069458008,
133,4.436587,15,right_elbow,0.041614726185798645,-0.2777915596961975,0.13406553864479065,
133,4.436587,16,right_wrist,-0.008486203849315643,-0.4583737850189209,0.05941320210695267,
134,4.469945,0,hip_center,-0.005245242267847061,0.0005210809758864343,-0.0007540734368376434,
134,4.469945,1,right_hip,0.05086803063750267,0.005008976440876722,0.08952117711305618,
134,4.469945,2,right_knee,0.02665260247886181,0.373504102230072,0.08650626242160797,
134,4.469945,3,right_ankle,0.09664348512887955,0.7089531421661377,0.06005086749792099,
134,4.469945,4,left_hip,-0.0612950474023819,-0.0039387899450957775,-0.09107215702533722,
134,4.469945,5,left_knee,-0.0195375457406044,0.32008329033851624,0.0004652068018913269,
134,4.469945,6,left_ankle,0.013384003192186356,0.6432845592498779,0.02126654051244259,
134,4.469945,7,spine,0.07853440940380096,-0.19643041491508484,-0.03089107573032379,
134,4.469945,8,thorax,0.16224882006645203,-0.39340484142303467,-0.06105250120162964,
134,4.469945,9,neck,0.18093779683113098,-0.4675181210041046,-0.05206768959760666,
134,4.469945,10,head,0.20407596230506897,-0.5409467816352844,-0.050830740481615067,
134,4.469945,11,left_shoulder,0.08466782420873642,-0.4044085144996643,-0.151506245136261,
134,4.469945,12,left_elbow,-0.13972410559654236,-0.3576005697250366,-0.15422919392585754,
134,4.469945,13,left_wrist,-0.09795016050338745,-0.49478843808174133,-0.012868955731391907,
134,4.469945,14,right_shoulder,0.22166025638580322,-0.3464028239250183,0.03158770501613617,
134,4.469945,15,right_elbow,0.041459545493125916,-0.27842217683792114,0.13312505185604095,
134,4.469945,16,right_wrist,-0.01052653044462204,-0.4584330916404724,0.058381855487823486,
135,4.503302,0,hip_center,-0.005308784544467926,0.0005160690052434802,-0.0008297190070152283,
135,4.503302,1,right_hip,0.05075027793645859,0.004798033274710178,0.08948919922113419,
135,4.503302,2,right_knee,0.02714545652270317,0.373331755399704,0.0863533690571785,
135,4.503302,3,right_ankle,0.09740874171257019,0.7087537050247192,0.060279764235019684,
135,4.503302,4,left_hip,-0.06131250038743019,-0.003742464818060398,-0.09118610620498657,
135,4.503302,5,left_knee,-0.019716501235961914,0.320271372795105,0.00045405328273773193,
135,4.503302,6,left_ankle,0.012891300022602081,0.6434948444366455,0.021404478698968887,
135,4.503302,7,spine,0.07843980938196182,-0.1964007169008255,-0.03127812594175339,
135,4.503302,8,thorax,0.16213423013687134,-0.3933353126049042,-0.06175350770354271,
135,4.503302,9,neck,0.18057511746883392,-0.4675326347351074,-0.05295148119330406,
135,4.503302,10,head,0.2034713327884674,-0.5410364866256714,-0.051679812371730804,
135,4.503302,11,left_shoulder,0.08467664569616318,-0.4043782353401184,-0.1523081511259079,
135,4.503302,12,left_elbow,-0.13945508003234863,-0.35627859830856323,-0.1535443663597107,
135,4.503302,13,left_wrist,-0.09959261119365692,-0.492705762386322,-0.01090182363986969,
135,4.503302,14,right_shoulder,0.2217904031276703,-0.34696251153945923,0.031046386808156967,
135,4.503302,15,right_elbow,0.041520118713378906,-0.2788656949996948,0.13238215446472168,
135,4.503302,16,right_wrist,-0.012099221348762512,-0.45843249559402466,0.05772460997104645,
136,4.53666,0,hip_center,-0.005378412082791328,0.0005105136660858989,-0.0008982790750451386,
136,4.53666,1,right_hip,0.05063135176897049,0.004606041591614485,0.0894598737359047,
136,4.53666,2,right_knee,0.027595244348049164,0.3731747567653656,0.08620785176753998,
136,4.53666,3,right_ankle,0.09806326031684875,0.7085810899734497,0.06048830598592758,
136,4.53666,4,left_hip,-0.06134035438299179,-0.0035654837265610695,-0.0912889689207077,
136,4.53666,5,left_knee,-0.019878994673490524,0.32044312357902527,0.0004306510090827942,
136,4.53666,6,left_ankle,0.012432660907506943,0.6436849236488342,0.0215560644865036,
136,4.53666,7,spine,0.07839515805244446,-0.1963505744934082,-0.031636789441108704,
136,4.53666,8,thorax,0.16212424635887146,-0.3932250738143921,-0.062404096126556396,
136,4.53666,9,neck,0.18032561242580414,-0.4675022065639496,-0.053778424859046936,
136,4.53666,10,head,0.20298998057842255,-0.5410773158073425,-0.052475787699222565,
136,4.53666,11,left_shoulder,0.08479538559913635,-0.4043327271938324,-0.15306077897548676,
136,4.53666,12,left_elbow,-0.1390862613916397,-0.3550666868686676,-0.15300355851650238,
136,4.53666,13,left_wrist,-0.10111190378665924,-0.4905126690864563,-0.008918076753616333,
136,4.53666,14,right_shoulder,0.22198575735092163,-0.34742632508277893,0.03054852783679962,
136,4.53666,15,right_elbow,0.04180854558944702,-0.2790861129760742,0.13188594579696655,
136,4.53666,16,right_wrist,-0.013095870614051819,-0.45838749408721924,0.05752500146627426,
137,4.570018,0,hip_center,-0.005447853356599808,0.000504933821503073,-0.0009527513757348061,
137,4.570018,1,right_hip,0.05052293464541435,0.004426561761647463,0.08943725377321243,
137,4.570018,2,right_knee,0.028003983199596405,0.3730263411998749,0.08608276396989822,
137,4.570018,3,right_ankle,0.09864120185375214,0.7084228992462158,0.060702260583639145,
137,4.570018,4,left_hip,-0.061377882957458496,-0.0034004675690084696,-0.09137070924043655,
137,4.570018,5,left_knee,-0.02003103867173195,0.32060977816581726,0.00039474666118621826,
137,4.570018,6,left_ankle,0.012016013264656067,0.6438648700714111,0.02171984873712063,
137,4.570018,7,spine,0.07838580012321472,-0.19628797471523285,-0.03196289390325546,
137,4.570018,8,thorax,0.16218295693397522,-0.3930906653404236,-0.06300298124551773,
137,4.570018,9,neck,0.1801668256521225,-0.46743983030319214,-0.05454322695732117,
137,4.570018,10,head,0.20261508226394653,-0.5410805940628052,-0.053209081292152405,
137,4.570018,11,left_shoulder,0.08498929440975189,-0.40427857637405396,-0.1537649780511856,
137,4.570018,12,left_elbow,-0.13866086304187775,-0.3539879620075226,-0.15249745547771454,
137,4.570018,13,left_wrist,-0.10245613753795624,-0.4883662164211273,-0.006963983178138733,
137,4.570018,14,right_shoulder,0.22222040593624115,-0.3478272557258606,0.030098289251327515,
137,4.570018,15,right_elbow,0.04218211770057678,-0.2792363166809082,0.13151322305202484,
137,4.570018,16,right_wrist,-0.013866748660802841,-0.45832085609436035,0.05748438835144043,
